name	record_va	marker_va	layout	n_methods	n_slots	typeinfo_va
throw 	0x6a7a490	0x6a7a520	C	15	16	
N11FrameEngine16IFEInterfaceBaseE	0x6a7a578	0x6a7a608	F	7	13	0x720a520
N11FrameEngine6Common13DictListProxyIPNS0_16MonsterResObjectEEE	0x6a7ab20	0x6a7aba0	B	6	11	0x720a800
N11FrameEngine6Common13DictListProxyIPNS0_15FilterResObjectEEE	0x6a7ac30	0x6a7acb0	B	6	11	0x720a800
N11FrameEngine6Common13DictListProxyIPNS0_19SkillFieldResObjectEEE	0x6a7ad40	0x6a7adc0	B	6	11	0x720a800
N11FrameEngine6Common13DictListProxyIPNS0_22SummonerSkillResObjectEEE	0x6a7ae50	0x6a7aed0	B	6	11	0x720a800
N11FrameEngine6Common13DictListProxyIPNS0_19LevelSkillResObjectEEE	0x6a7af60	0x6a7afe0	B	6	11	0x720a800
N11FrameEngine6Common13DictListProxyIPNS0_24DecorationSkillResObjectEEE	0x6a7b070	0x6a7b0f0	B	6	11	0x720a800
N11FrameEngine6Common13DictListProxyIPNS0_20BattleEventResObjectEEE	0x6a7b180	0x6a7b200	B	6	11	0x720a800
N11FrameEngine6Common13DictListProxyIPNS0_19BattleTaskResObjectEEE	0x6a7b290	0x6a7b310	B	6	11	0x720a800
N11FrameEngine6Common13DictListProxyIPNS0_22RuneRecommendResObjectEEE	0x6a7b3a0	0x6a7b420	B	6	11	0x720a800
N11FrameEngine6Common13DictListProxyIPNS0_19FPTemplateResObjectEEE	0x6a7b4b0	0x6a7b530	B	6	11	0x720a800
N11FrameEngine6Common13DictListProxyIPNS0_23ButtonTemplateResObjectEEE	0x6a7b5c0	0x6a7b640	B	6	11	0x720a800
N11FrameEngine6Common13DictListProxyIPNS0_23EquipProgrammeResObjectEEE	0x6a7b6d0	0x6a7b750	B	6	11	0x720a800
N11FrameEngine6Common13DictListProxyIPNS0_26BattleShopReplaceResObjectEEE	0x6a7b7e0	0x6a7b860	B	6	11	0x720a800
N11FrameEngine6Common13DictListProxyIPNS0_22BuffTypeGroupResObjectEEE	0x6a7b8f0	0x6a7b970	B	6	11	0x720a800
N11FrameEngine6Common13DictListProxyIPNS0_22ForgeCoreCardResObjectEEE	0x6a7ba00	0x6a7ba80	B	6	11	0x720a800
N11FrameEngine6Common13DictListProxyIPNS_5Logic19SkillComboResObjectEEE	0x6a7bb10	0x6a7bb90	B	6	11	0x720a800
N11FrameEngine6Common13DictListProxyIPNS0_18FreeSkillResObjectEEE	0x6a7bc20	0x6a7bca0	B	6	11	0x720a800
N11FrameEngine6Common13DictListProxyIPNS0_21VirtualSkillResObjectEEE	0x6a7bd30	0x6a7bdb0	B	6	11	0x720a800
N11FrameEngine6Common13DictListProxyIPNS0_24VirtualChampionResObjectEEE	0x6a7be40	0x6a7bec0	B	6	11	0x720a800
N11FrameEngine6Common13DictListProxyIPNS0_14SkillResObjectEEE	0x6a7bf50	0x6a7bfd0	B	6	11	0x720a800
N11FrameEngine6Common13DictListProxyIPNS0_13BuffResObjectEEE	0x6a7c060	0x6a7c0e0	B	6	11	0x720a800
N11FrameEngine6Common13DictListProxyIPNS0_13MarkResObjectEEE	0x6a7c170	0x6a7c1f0	B	6	11	0x720a800
N11FrameEngine6Common13DictListProxyIPNS0_27ControlPatternsTemplateDataEEE	0x6a7c280	0x6a7c300	B	6	11	0x720a800
N11FrameEngine6Common13DictListProxyIPNS0_29WeightedProximityTemplateDataEEE	0x6a7c390	0x6a7c410	B	6	11	0x720a800
N11FrameEngine6Common13DictListProxyIPNS0_16UnitSelectorDataEEE	0x6a7c4a0	0x6a7c520	B	6	11	0x720a800
N11FrameEngine6Common13DictListProxyIPNS0_17ChampionResObjectEEE	0x6a7c5f8	0x6a7c670	A	6	11	0x720a800
N11FrameEngine6Common13DictListProxyIPNS0_20SkinReplaceResObjectEEE	0x6a7c700	0x6a7c780	B	6	11	0x720a800
N11FrameEngine6Common13DictListProxyIPNS0_13SkinResObjectEEE	0x6a7c810	0x6a7c890	B	6	11	0x720a800
N11FrameEngine6Common13DictListProxyIPNS0_13RuneResObjectEEE	0x6a7c920	0x6a7c9a0	B	6	11	0x720a800
N11FrameEngine6Common13DictListProxyIPNS0_21SkillOperateResObjectEEE	0x6a7ca30	0x6a7cab0	B	6	11	0x720a800
N11FrameEngine6Common13DictListProxyIPNS0_27SkillGemStrengthenResObjectEEE	0x6a7cb40	0x6a7cbc0	B	6	11	0x720a800
N11FrameEngine6Common13DictListProxyIPNS0_32ChampionInitGemCategoryResObjectEEE	0x6a7cc50	0x6a7ccd0	B	6	11	0x720a800
N11FrameEngine6Common13DictListProxyIPNS0_30SkillGemBlackWhiteSetResObjectEEE	0x6a7cd60	0x6a7cde0	B	6	11	0x720a800
N11FrameEngine6Common13DictListProxyIPNS0_25UniversalOperateResObjectEEE	0x6a7ce70	0x6a7cef0	B	6	11	0x720a800
N11FrameEngine6Common13DictListProxyIPNS0_16VehicleResObjectEEE	0x6a7cf80	0x6a7d000	B	6	11	0x720a800
N11FrameEngine6Common13DictListProxyIPNS0_27ChampionGainConfigResObjectEEE	0x6a7d090	0x6a7d110	B	6	11	0x720a800
N11FrameEngine6Common13DictListProxyIPNS0_13GainResObjectEEE	0x6a7d1a0	0x6a7d220	B	6	11	0x720a800
N11FrameEngine6Common13DictListProxyIPNS0_18GainGroupResObjectEEE	0x6a7d2b0	0x6a7d330	B	6	11	0x720a800
N11FrameEngine6Common13DictListProxyIPNS0_17GainProbResObjectEEE	0x6a7d3c0	0x6a7d440	B	6	11	0x720a800
N11FrameEngine6Common13DictListProxyIPNS0_19GainWeightResObjectEEE	0x6a7d4d0	0x6a7d550	B	6	11	0x720a800
N11FrameEngine6Common13DictListProxyIPNS0_22GainRecommendResObjectEEE	0x6a7d5e0	0x6a7d660	B	6	11	0x720a800
N11FrameEngine6Common13DictListProxyIPNS0_30GainAbilityUnlockPlanResObjectEEE	0x6a7d6f0	0x6a7d770	B	6	11	0x720a800
N11FrameEngine6Common13DictListProxyIPNS0_17GainDeckResObjectEEE	0x6a7d800	0x6a7d880	B	6	11	0x720a800
N11FrameEngine6Common13DictListProxyIPNS0_25GainChampionDeckResObjectEEE	0x6a7d910	0x6a7d990	B	6	11	0x720a800
N11FrameEngine6Common13DictListProxyIPNS0_14TraitResObjectEEE	0x6a7da20	0x6a7daa0	B	6	11	0x720a800
N11FrameEngine6Common13DictListProxyIPNS0_17SkillGemResObjectEEE	0x6a7db30	0x6a7dbb0	B	6	11	0x720a800
N11FrameEngine6Common13DictListProxyIPNS0_23SkillGemSchemeResObjectEEE	0x6a7dc40	0x6a7dcc0	B	6	11	0x720a800
N11FrameEngine6Common13DictListProxyIPNS0_27EvacuateDropSchemeResObjectEEE	0x6a7dd50	0x6a7ddd0	B	6	11	0x720a800
N11FrameEngine6Common13DictListProxyIPNS0_21EvacuateItemResObjectEEE	0x6a7de60	0x6a7dee0	B	6	11	0x720a800
N11FrameEngine6Common13DictListProxyIPNS0_25SkillGemCategoryResObjectEEE	0x6a7df70	0x6a7dff0	B	6	11	0x720a800
N11FrameEngine6Common13DictListProxyIPNS0_19PixiuAwardResObjectEEE	0x6a7e080	0x6a7e100	B	6	11	0x720a800
N11FrameEngine6Common13DictListProxyIPNS0_15TalentResObjectEEE	0x6a7e190	0x6a7e210	B	6	11	0x720a800
N11FrameEngine6Common13DictListProxyIPNS0_26GamePlayComponentResObjectEEE	0x6a7e2a0	0x6a7e320	B	6	11	0x720a800
N11FrameEngine6Common13DictListProxyIPNS0_14EquipResObjectEEE	0x6a7e3b0	0x6a7e430	B	6	11	0x720a800
N11FrameEngine6Common13DictListProxyIPNS0_21EquipShopSchemeConfigEEE	0x6a7e4c0	0x6a7e540	B	6	11	0x720a800
N11FrameEngine6Common13DictListProxyIPNS0_17RunePageResObjectEEE	0x6a7e5d0	0x6a7e650	B	6	11	0x720a800
N11FrameEngine6Common13DictListProxyIPNS0_15BulletResObjectEEE	0x6a7e6e0	0x6a7e760	B	6	11	0x720a800
N11FrameEngine6Common13DictListProxyIPNS0_29MonsterBehaviorGroupResObjectEEE	0x6a7e7f0	0x6a7e870	B	6	11	0x720a800
N11FrameEngine6Common13DictListProxyIPNS0_32MonsterBehaviorRelationResObjectEEE	0x6a7e900	0x6a7e980	B	6	11	0x720a800
N11FrameEngine6Common13DictListProxyIPNS0_20MonsterSkinResObjectEEE	0x6a7ea10	0x6a7ea90	B	6	11	0x720a800
N11FrameEngine6Common13DictListProxyIPNS0_19ActivitiesResObjectEEE	0x6a7eb20	0x6a7eba0	B	6	11	0x720a800
N11FrameEngine6Common10RPNVariantE	0x6a7ec38	0x6a7ecb0	A	6	11	0x720a800
N11FrameEngine6Common18RPNActorAttrString28RPNActorAttrString_AttrValueE	0x6a7ed10	0x6a7edb0	E	7	13	0x720a800
N11FrameEngine6Common3RPNE	0x6a7ee40	0x6a7eed0	C	8	16	0x720a800
St15basic_stringbufIcSt11char_traitsIcEN11FrameEngine9allocatorIcEEE	0x6a7f160	0x6a7f1f0	C	15	16	
7FixTime	0x6a7f248	0x6a7f2d8	F	7	13	0x720a890
N11FrameEngine5FEMsgE	0x6a7f320	0x6a7f3c0	E	8	13	0x720a800
N11FrameEngine5Logic10LuaManagerE	0x6a7f428	0x6a7f4a0	A	6	11	0x720a800
N11FrameEngine5Extra19LogicStringCacheMgrE	0x6a7f908	0x6a7f980	A	6	11	0x720a800
N21FrameEngineIOInternal9LGameFileE	0x6a7f9e0	0x6a7fa80	E	7	13	0x720a800
N11FrameEngine5Extra20LogicResLoadProviderE	0x6a7faa8	0x6a7fb20	A	6	11	0x720a800
N11FrameEngine5Extra22LogicBattleResProviderE	0x6a7fbb8	0x6a7fc30	A	6	11	0x720a800
N11FrameEngine5Extra19LogicResManagerRootE	0x6a7fcc8	0x6a7fd40	A	6	11	0x720a800
N11FrameEngine5Extra21LogicActorBelongUtilsE	0x6a7fdd8	0x6a7fe50	A	6	11	0x720a800
N11FrameEngine6FEDeskE	0x6a7fee8	0x6a7ff60	A	6	11	0x720a800
N11FrameEngine17FEInterfaceConfigE	0x6a80040	0x6a800e0	E	6	13	0x720a800
N11FrameEngine6Common12DataMgrProxyE	0x6a80100	0x6a80180	B	6	11	0x720a800
N11FrameEngine10FEDataRootE	0x6a80220	0x6a802b0	C	10	16	0x720a800
N11FrameEngine20BuildTransConfigDataE	0x6a80358	0x6a803d0	A	6	11	0x720a800
N11FrameEngine15FEBattleContextE	0x6a804d8	0x6a80550	A	6	11	0x720a800
N6MobaAI13AiGlobalValueE	0x6a805b0	0x6a80650	E	7	13	0x720a800
N11FrameEngine8CJsonMgrE	0x6a80740	0x6a807d0	C	9	16	0x720a890
N11FrameEngine8CJsonMgrE	0x6a807d8	0x6a80868	F	4	13	0x720a890
N11FrameEngine10FEDataSyncE	0x6a80fd8	0x6a81050	A	6	11	0x720a800
N11FrameEngine9SyncIDMgrE	0x6a810e8	0x6a81160	A	6	11	0x720a800
N11FrameEngine31NonRecoverConsistencyStaticVarsE	0x6a811f8	0x6a81270	A	6	11	0x720a800
N11FrameEngine12FrameCheckerE	0x6a81308	0x6a81380	A	6	11	0x720a800
N11FrameEngine12FrameChecker27FrameChecker_FrameHashStackE	0x6a814a0	0x6a81540	E	7	13	0x720a800
N11FrameEngine12FrameChecker28FrameChecker_PlayerHashStackE	0x6a81530	0x6a815d0	E	7	13	0x720a800
N11FrameEngine11DemDataBuffE	0x6a815f0	0x6a81680	C	11	16	0x720a800
N11FrameEngine20FrameDumperInterfaceE	0x6a816e0	0x6a81780	E	7	13	0x720a800
N11FrameEngine17TraceBinaryWriterE	0x6a817a8	0x6a81820	A	6	11	0x720a800
N11FrameEngine11FrameDumperE	0x6a818b8	0x6a81930	A	6	11	0x720a800
N11FrameEngine19FixFowGridDumpQueueE	0x6a81990	0x6a81a30	E	8	13	0x720a800
N11FrameEngine9FrameDataE	0x6a81b60	0x6a81c00	E	7	13	0x720a800
N11FrameEngine16TDBMemoryManagerE	0x6a81c58	0x6a81cd0	A	6	11	0x720a800
N11FrameEngine31MemoryManagerWithTDBForGroupObjE	0x6a81ed0	0x6a81f60	C	10	16	0x720a800
N11FrameEngine13MemoryManagerE	0x6a82010	0x6a820a0	C	10	16	0x720a800
N11FrameEngine5FELogE	0x6a82138	0x6a821b0	A	6	11	0x720a800
N11FrameEngine5Logic13ActorEventMgrE	0x6a82240	0x6a822d0	C	11	16	0x720a800
N11FrameEngine10FEDelegateIvJPvS1_PNS_5Logic14BattleActorMsgEEE16FEStaticFunctionE	0x6a82330	0x6a823d0	E	8	13	0x720a800
N11FrameEngine5Logic34LgcMsg_EVENT_TOWER_PLATE_DESTROYEDE	0x6a842f0	0x6a84380	C	10	16	0x720a800
N11FrameEngine5Logic14BattleActorMsgE	0x6a84520	0x6a845c0	E	7	13	0x720a800
N11FrameEngine10FEMsgQueueE	0x6a85728	0x6a857a0	A	6	11	0x720a800
N11FrameEngine8FEMsgSeqE	0x6a858a0	0x6a85940	E	7	13	0x720a520
N11FrameEngine10ByteReaderE	0x6a859e8	0x6a85a60	A	6	11	0x720a800
N11FrameEngine9TypeIDMgrE	0x6a85af8	0x6a85b70	A	6	11	0x720a800
N6MobaAI25AITeamDifficultyComponentE	0x6a85c08	0x6a85c80	A	6	11	0x720a800
N6MobaAI20AiUtilWinRatePredictE	0x6a85d38	0x6a85db0	A	6	11	0x720a800
N6MobaAI15MonsterAreaInfoE	0x6a85e40	0x6a85ec0	B	6	11	0x720a800
N6MobaAI22ClearupMonsterAreaInfoE	0x6a85f20	0x6a85fc0	E	7	13	0x720a800
N6MobaAI19CalcSkillDamageInfoE	0x6a85fb0	0x6a86050	E	7	13	0x720a800
N6MobaAI11AIUtilOtherE	0x6a86040	0x6a860e0	E	7	13	0x720a800
N6MobaAI21CalculateKillTimeInfoE	0x6a860d0	0x6a86170	E	7	13	0x720a800
N6MobaAI17CalculateTimeInfoE	0x6a86160	0x6a86200	E	7	13	0x720a800
N6MobaAI16AiUtilsComponentE	0x6a86228	0x6a862a0	A	6	11	0x720a800
N11FrameEngine6Common10FixNavPathINS0_5Fix64EEE	0x6a86330	0x6a863b0	B	6	11	0x720a800
N6MobaAI29AiUtilDifficultyDynamicChangeE	0x6a86448	0x6a864c0	A	6	11	0x720a800
N6MobaAI18DamageTimeLineInfoE	0x6a86588	0x6a86600	A	6	11	0x720a800
N6MobaAI14AiFindPathInfoE	0x6a86698	0x6a86710	A	6	11	0x720a800
N6MobaAI6AiHookE	0x6a867b0	0x6a86840	C	10	16	0x720a800
N6MobaAI6HeroAiE	0x6a868d8	0x6a86950	A	6	11	0x720a800
N6MobaAI8AiSystemE	0x6a869e0	0x6a86a70	C	10	16	0x720a800
N6MobaAI16AiCrashdumpUtilsE	0x6a86ad0	0x6a86b70	E	7	13	0x720a800
N6MobaAI26PileAttackingItemsComposerE	0x6a86b90	0x6a86c10	B	6	11	0x720a800
N6MobaAI8AiObjMgrE	0x6a86ca8	0x6a86d20	A	6	11	0x720a800
N6MobaAI12AiTreeVerifyE	0x6a86e20	0x6a86eb0	C	11	16	0x720a800
N11FrameEngine19DataShellDictionaryIiPN6MobaAI16AiTreeVerifyDataENS_15DataShellConfig9IsDemDataENS4_11NotSyncDataENS4_12NotSharedPtrEEE	0x6a86f30	0x6a86fc0	C	10	16	0x720a800
N6MobaAI16AiTreeVerifyDataE	0x6a87030	0x6a870d0	E	8	13	0x720a800
N11FrameEngine13DataShellListIiNS_15DataShellConfig9IsDemDataENS1_11NotSyncDataENS1_12NotSharedPtrEEE	0x6a870c0	0x6a87160	E	7	13	0x720a800
N6MobaAI21AIDifficultyComponentE	0x6a87188	0x6a87200	A	6	11	0x720a800
	0x6a87360	0x6a873f0	C	16	16	
N6MobaAI9AiObjBaseE	0x6a87448	0x6a874d8	F	7	13	0x720a890
N6MobaAI16BevTreeComponentE	0x6a87548	0x6a875c0	A	6	11	0x720a800
N6MobaAI27DynamicDifficultyControllerE	0x6a87658	0x6a876d0	A	6	11	0x720a800
N6MobaAI22AttackSoldierStatisticE	0x6a87768	0x6a877e0	A	6	11	0x720a800
N6MobaAI9NonHeroAiE	0x6a87878	0x6a878f0	A	6	11	0x720a800
N6MobaAI11AiGmCommandE	0x6a87988	0x6a87a00	A	6	11	0x720a800
N6MobaAI5AiCmdE	0x6a87a98	0x6a87b10	A	6	11	0x720a800
N6MobaAI12GameStateMgrE	0x6a87ba8	0x6a87c20	A	6	11	0x720a800
N6MobaAI20TDRAICoachBattleDataE	0x6a87c80	0x6a87d20	E	7	13	0x720a800
N6MobaAI18PureRLStateMonitorE	0x6a87d48	0x6a87dc0	A	6	11	0x720a800
N6MobaAI14RLStateMonitorE	0x6a87e58	0x6a87ed0	A	6	11	0x720a800
N6MobaAI19HeroAbnormalMonitorE	0x6a87f68	0x6a87fe0	A	6	11	0x720a800
N6MobaAI20BevTreeSkillAnalyzerE	0x6a88078	0x6a880f0	A	6	11	0x720a800
N6MobaAI20BevTreeStateAnalyzerE	0x6a88188	0x6a88200	A	6	11	0x720a800
N6MobaAI20BevTreeExtraAnalyzerE	0x6a88298	0x6a88310	A	6	11	0x720a800
N6MobaAI16BTAStandEventMgrE	0x6a88490	0x6a88520	C	10	16	0x720a800
N6MobaAI15BTABaseEventMgrE	0x6a88510	0x6a885b0	E	3	13	0x720a800
N6MobaAI19TeamAiExcuteMonitorE	0x6a88610	0x6a886a0	C	13	16	0x720a800
N6MobaAI11TeamAiEventE	0x6a88770	0x6a88810	E	7	13	0x720a800
N6MobaAI13BTAStandEventE	0x6a88838	0x6a888b0	A	6	11	0x720a800
N6MobaAI28BevTreeStateAnalysisSnapshotE	0x6a88948	0x6a889c0	A	6	11	0x720a800
N6MobaAI17GameArtistMonitorE	0x6a88a58	0x6a88ad0	A	6	11	0x720a800
N6MobaAI15ArtistDamgeInfoE	0x6a88b30	0x6a88bd0	E	7	13	0x720a800
N6MobaAI13TDRDamgeInfoCE	0x6a88bc0	0x6a88c60	E	7	13	0x720a800
N6MobaAI31ArtistEntertainmentGamePlayInfoE	0x6a88c50	0x6a88cf0	E	7	13	0x720a800
N6MobaAI17TDRMainSkillInfoCE	0x6a88ce0	0x6a88d80	E	7	13	0x720a800
N6MobaAI22ArtistMonsterDeathInfoE	0x6a88d70	0x6a88e10	E	7	13	0x720a800
N6MobaAI20ArtistTowerDeathInfoE	0x6a88e00	0x6a88ea0	E	7	13	0x720a800
N6MobaAI15UnitDataMonitorE	0x6a88ec8	0x6a88f40	A	6	11	0x720a800
N6MobaAI18AramSLStateMonitorE	0x6a88fd8	0x6a89050	A	6	11	0x720a800
N6MobaAI21AIHeroFinishSkillInfoE	0x6a890e8	0x6a89160	A	6	11	0x720a800
N6MobaAI19ArtistCastSkillInfoE	0x6a891f8	0x6a89270	A	6	11	0x720a800
N6MobaAI15CCSStateMonitorE	0x6a89308	0x6a89380	A	6	11	0x720a800
N6MobaAI22CCSSurroundDataMonitorE	0x6a89418	0x6a89490	A	6	11	0x720a800
N6MobaAI13CCSStateUtilsE	0x6a89520	0x6a895b0	C	10	16	0x720a800
N6MobaAI18CCSUnitDataMonitorE	0x6a89648	0x6a896c0	A	6	11	0x720a800
N6MobaAI20CCSGlobalDataMonitorE	0x6a89758	0x6a897d0	A	6	11	0x720a800
N6MobaAI20CCSGameActionMonitorE	0x6a89868	0x6a898e0	A	6	11	0x720a800
N6MobaAI10StateUtilsE	0x6a89970	0x6a89a00	C	10	16	0x720a800
N6MobaAI11ArtistUtilsE	0x6a89a90	0x6a89b20	C	10	16	0x720a800
N6MobaAI21GameWinPredictMonitorE	0x6a89bb8	0x6a89c30	A	6	11	0x720a800
N11FrameEngine9Interface26FilterEntry_FilterBuffCondE	0x6a89c90	0x6a89d30	E	8	13	0x720a800
N11FrameEngine9Interface26FilterEntry_FilterBuffTypeE	0x6a89d20	0x6a89dc0	E	8	13	0x720a800
N11FrameEngine9Interface22FilterEntry_FilterTagsE	0x6a89db0	0x6a89e50	E	8	13	0x720a800
N11FrameEngine9Interface27FilterEntry_FilterActorCampE	0x6a89e40	0x6a89ee0	E	8	13	0x720a800
N11FrameEngine9Interface32FilterEntry_FilterBuffEffectTypeE	0x6a89ed0	0x6a89f70	E	8	13	0x720a800
N11FrameEngine9Interface17TargetSelection_TINS_5Logic11BattleActorENS0_18SelectionContextExENS0_22MultiPassRemovalList_TIS3_EEEE	0x6a8a000	0x6a8a090	C	5	16	0x720a800
N11FrameEngine9Interface17TargetSelection_TINS_5Logic15BattleActorSyncENS0_22SelectionContextExSyncENS0_22MultiPassRemovalList_TIS3_EEEE	0x6a8a090	0x6a8a120	C	4	16	0x720a800
N11FrameEngine9Interface16LinkedSelector_TINS_5Logic11BattleActorENS0_18SelectionContextExENS0_22MultiPassRemovalList_TIS3_EEEE	0x6a8a328	0x6a8a3b8	F	9	13	0x720a890
N11FrameEngine9Interface18ScreenEdgeFilter_TINS_5Logic11BattleActorENS0_18SelectionContextExENS0_22MultiPassRemovalList_TIS3_EEEE	0x6a8a390	0x6a8a420	C	13	16	0x720a800
N11FrameEngine9Interface16LinkedSelector_TINS_5Logic15BattleActorSyncENS0_22SelectionContextExSyncENS0_22MultiPassRemovalList_TIS3_EEEE	0x6a8a628	0x6a8a6b8	F	9	13	0x720a890
N11FrameEngine9Interface18ScreenEdgeFilter_TINS_5Logic15BattleActorSyncENS0_22SelectionContextExSyncENS0_22MultiPassRemovalList_TIS3_EEEE	0x6a8a690	0x6a8a720	C	13	16	0x720a800
N11FrameEngine9Interface16BuffTypeFilter_TINS_5Logic11BattleActorENS0_18SelectionContextExENS0_22MultiPassRemovalList_TIS3_EEEE	0x6a8aa20	0x6a8aab0	C	8	16	0x720a800
N11FrameEngine9Interface16BuffTypeFilter_TINS_5Logic15BattleActorSyncENS0_22SelectionContextExSyncENS0_22MultiPassRemovalList_TIS3_EEEE	0x6a8abc0	0x6a8ac50	C	8	16	0x720a800
N11FrameEngine9Interface18PrioritySelector_TINS_5Logic11BattleActorENS0_18SelectionContextExENS0_22MultiPassRemovalList_TIS3_EEEE	0x6a8ae40	0x6a8aed0	C	12	16	0x720a890
N11FrameEngine9Interface18PrioritySelector_TINS_5Logic11BattleActorENS0_18SelectionContextExENS0_22MultiPassRemovalList_TIS3_EEEE	0x6a8aec8	0x6a8af58	F	2	13	0x720a890
N11FrameEngine9Interface18PrioritySelector_TINS_5Logic15BattleActorSyncENS0_22SelectionContextExSyncENS0_22MultiPassRemovalList_TIS3_EEEE	0x6a8af30	0x6a8afc0	C	13	16	0x720a890
N11FrameEngine9Interface18PrioritySelector_TINS_5Logic15BattleActorSyncENS0_22SelectionContextExSyncENS0_22MultiPassRemovalList_TIS3_EEEE	0x6a8afb8	0x6a8b048	F	2	13	0x720a890
N11FrameEngine9Interface14SelfSelector_TINS_5Logic11BattleActorENS0_18SelectionContextExENS0_22MultiPassRemovalList_TIS3_EEEE	0x6a8b4c0	0x6a8b550	C	8	16	0x720a800
N11FrameEngine9Interface14SelfSelector_TINS_5Logic15BattleActorSyncENS0_22SelectionContextExSyncENS0_22MultiPassRemovalList_TIS3_EEEE	0x6a8b660	0x6a8b6f0	C	8	16	0x720a800
N11FrameEngine9Interface17UnitStateFilter_TINS_5Logic11BattleActorENS0_18SelectionContextExENS0_22MultiPassRemovalList_TIS3_EEEE	0x6a8b9f0	0x6a8ba80	C	8	16	0x720a800
N11FrameEngine9Interface17UnitStateFilter_TINS_5Logic15BattleActorSyncENS0_22SelectionContextExSyncENS0_22MultiPassRemovalList_TIS3_EEEE	0x6a8bb90	0x6a8bc20	C	8	16	0x720a800
N11FrameEngine9Interface15CanKillFilter_TINS_5Logic11BattleActorENS0_18SelectionContextExENS0_22MultiPassRemovalList_TIS3_EEEE	0x6a8bf20	0x6a8bfb0	C	8	16	0x720a800
N11FrameEngine9Interface15CanKillFilter_TINS_5Logic15BattleActorSyncENS0_22SelectionContextExSyncENS0_22MultiPassRemovalList_TIS3_EEEE	0x6a8c0c0	0x6a8c150	C	8	16	0x720a800
N11FrameEngine9Interface12BuffFilter_TINS_5Logic11BattleActorENS0_18SelectionContextExENS0_22MultiPassRemovalList_TIS3_EEEE	0x6a8c450	0x6a8c4e0	C	8	16	0x720a800
N11FrameEngine9Interface12BuffFilter_TINS_5Logic15BattleActorSyncENS0_22SelectionContextExSyncENS0_22MultiPassRemovalList_TIS3_EEEE	0x6a8c5f0	0x6a8c680	C	8	16	0x720a800
	0x6a8c890	0x6a8c920	C	12	16	
	0x6a8c940	0x6a8c9d0	C	6	16	
N11FrameEngine9Interface15UnionSelector_TINS_5Logic11BattleActorENS0_18SelectionContextExENS0_22MultiPassRemovalList_TIS3_EEEE	0x6a8ccc0	0x6a8cd50	C	8	16	0x720a800
N11FrameEngine9Interface15UnionSelector_TINS_5Logic15BattleActorSyncENS0_22SelectionContextExSyncENS0_22MultiPassRemovalList_TIS3_EEEE	0x6a8ce60	0x6a8cef0	C	8	16	0x720a800
N11FrameEngine9Interface21ImpliedTargetFilter_TINS_5Logic11BattleActorENS0_18SelectionContextExENS0_22MultiPassRemovalList_TIS3_EEEE	0x6a8d1f0	0x6a8d280	C	8	16	0x720a800
N11FrameEngine9Interface21ImpliedTargetFilter_TINS_5Logic15BattleActorSyncENS0_22SelectionContextExSyncENS0_22MultiPassRemovalList_TIS3_EEEE	0x6a8d390	0x6a8d420	C	8	16	0x720a800
N11FrameEngine9Interface12IDSelector_TINS_5Logic11BattleActorENS0_18SelectionContextExENS0_22MultiPassRemovalList_TIS3_EEEE	0x6a8d7c0	0x6a8d850	C	8	16	0x720a800
N11FrameEngine9Interface12IDSelector_TINS_5Logic15BattleActorSyncENS0_22SelectionContextExSyncENS0_22MultiPassRemovalList_TIS3_EEEE	0x6a8d960	0x6a8d9f0	C	8	16	0x720a800
N11FrameEngine9Interface23FocusPointRangeFilter_TINS_5Logic11BattleActorENS0_18SelectionContextExENS0_22MultiPassRemovalList_TIS3_EEEE	0x6a8de40	0x6a8ded0	C	8	16	0x720a800
N11FrameEngine9Interface23FocusPointRangeFilter_TINS_5Logic15BattleActorSyncENS0_22SelectionContextExSyncENS0_22MultiPassRemovalList_TIS3_EEEE	0x6a8e0e0	0x6a8e170	C	8	16	0x720a800
N11FrameEngine9Interface20AbilityRangeFilter_TINS_5Logic11BattleActorENS0_18SelectionContextExENS0_22MultiPassRemovalList_TIS3_EEEE	0x6a8e640	0x6a8e6d0	C	8	16	0x720a800
N11FrameEngine9Interface20AbilityRangeFilter_TINS_5Logic15BattleActorSyncENS0_22SelectionContextExSyncENS0_22MultiPassRemovalList_TIS3_EEEE	0x6a8e8c0	0x6a8e950	C	8	16	0x720a800
N11FrameEngine10DataConfigE	0x6a8e9e8	0x6a8ea60	A	6	11	0x720a800
N11FrameEngine5Logic12MapDataProxyE	0x6a8eac0	0x6a8eb60	E	7	13	0x720a800
N11FrameEngine9Interface22BattleMonsterGrowth_DCE	0x6a8eb80	0x6a8ec00	B	6	11	0x720a800
N11FrameEngine9Interface12BattleMap_DCE	0x6a8ec60	0x6a8ed00	E	7	13	0x720a800
N11FrameEngine9Interface14BattleLevel_DCE	0x6a8ecf0	0x6a8ed90	E	7	13	0x720a800
N11FrameEngine9Interface11BattleEquipE	0x6a8edb8	0x6a8ee30	A	6	11	0x720a800
N11FrameEngine9Interface30BattleEquip_BattleEquipment_DCE	0x6a8ee90	0x6a8ef30	E	7	13	0x720a800
N11FrameEngine9Interface15BattleEquipAttrE	0x6a8ef20	0x6a8efc0	E	7	13	0x720a800
N11FrameEngine28DataConfig_DataConfigDynamicE	0x6a8f030	0x6a8f0c0	C	15	16	0x720a800
N11FrameEngine9Interface12ActorMark_DCE	0x6a8f120	0x6a8f1c0	E	7	13	0x720a800
N11FrameEngine9Interface12ActorBuff_DCE	0x6a8f1b0	0x6a8f250	E	7	13	0x720a800
N11FrameEngine9Interface9Bullet_DCE	0x6a8f240	0x6a8f2e0	E	7	13	0x720a800
N11FrameEngine9Interface18BattleLevelRule_DCE	0x6a8f308	0x6a8f380	A	6	11	0x720a800
N11FrameEngine5Logic10MapDataSetE	0x6a8f410	0x6a8f490	B	6	11	0x720a800
N11FrameEngine9Interface14BattleActor_DCE	0x6a8f528	0x6a8f5a0	A	6	11	0x720a800
N11FrameEngine9Interface8ActorResE	0x6a8f640	0x6a8f6d0	C	10	16	0x720a800
N11FrameEngine9Interface24HeroComponentLevelMgr_DCE	0x6a8f768	0x6a8f7e0	A	6	11	0x720a800
N11FrameEngine9Interface23MonsterComponentSkin_DCE	0x6a8f878	0x6a8f8f0	A	6	11	0x720a800
N11FrameEngine9Interface20HeroComponentSkin_DCE	0x6a8f988	0x6a8fa00	A	6	11	0x720a800
N11FrameEngine9Interface14SkinSummonDataE	0x6a8fa90	0x6a8fb10	B	6	11	0x720a800
N11FrameEngine9Interface43FEEventMsgActorLgcRenderer_SetReflectShaderE	0x6a8fd60	0x6a8fdf0	C	10	16	0x720a800
N11FrameEngine9Interface12WalkableDataE	0x6a8fe88	0x6a8ff00	A	6	11	0x720a800
N11FrameEngine9Interface15FixLevelRawDataE	0x6a8ff98	0x6a90010	A	6	11	0x720a800
N11FrameEngine5Logic15SamplePointInfoE	0x6a90070	0x6a90110	E	7	13	0x720a800
N11FrameEngine9Interface17FixNavmeshRawDataE	0x6a90138	0x6a901b0	A	6	11	0x720a800
N11FrameEngine9Interface12ObstacleInfoE	0x6a90210	0x6a902b0	E	7	13	0x720a800
N11FrameEngine9Interface13FixFowRawDataE	0x6a902d8	0x6a90350	A	6	11	0x720a800
N11FrameEngine9Interface17FixLevelObstaclesE	0x6a903e8	0x6a90460	A	6	11	0x720a800
N11FrameEngine9Interface11FilterEntryE	0x6a904f8	0x6a90570	A	6	11	0x720a800
N11FrameEngine5Logic22SoldierSkillFlowDefineE	0x6a90ec0	0x6a90f40	B	6	11	0x720a800
N11FrameEngine5Logic22SoldierSkillFlowDefineE	0x6a91060	0x6a910f0	C	15	16	
N11FrameEngine5Logic11BattleLevelE	0x6a91148	0x6a911d8	F	7	13	0x720a890
	0x6a91370	0x6a91400	C	15	16	
N11FrameEngine5Logic9ActorBuffE	0x6a914c8	0x6a91558	F	7	13	0x720a890
19SafeRef_BattleActor	0x6a91678	0x6a91708	F	12	13	0x720a890
14SafeRef_Bullet	0x6a917e8	0x6a91878	F	12	13	0x720a890
N11FrameEngine13DataShellListIPNS_5Logic10EffectBaseENS_15DataShellConfig9IsDemDataENS4_11NotSyncDataENS4_12NotSharedPtrEEE	0x6a91880	0x6a91920	E	7	13	0x720a800
N11FrameEngine13DataShellListIPNS_5Logic10EffectBaseENS_15DataShellConfig9IsDemDataENS4_10IsSyncDataENS4_12NotSharedPtrEEE	0x6a91910	0x6a919b0	E	7	13	0x720a800
N11FrameEngine5Logic30LgcMsg_ACTOR_ON_BUFFFLOW_EVENTE	0x6a92420	0x6a924b0	C	15	16	
N11FrameEngine5Logic15BattleLevelRuleE	0x6a92508	0x6a92598	F	7	13	0x720a890
N11FrameEngine5Logic20BattleAwardCaculatorE	0x6a925d0	0x6a92670	E	8	13	0x720a800
N11FrameEngine5Logic24ExtraLowestGoldAwardRuleE	0x6a92660	0x6a92700	E	8	13	0x720a800
	0x6a92a80	0x6a92b10	C	13	16	
N11FrameEngine13DataShellListIiNS_15DataShellConfig9IsDemDataENS1_10IsSyncDataENS1_12NotSharedPtrEEE	0x6a92ce0	0x6a92d80	E	7	13	0x720a800
N11FrameEngine5Logic24BattlePlayerAddMoneyArgsE	0x6a92d70	0x6a92e10	E	8	13	0x720a800
	0x6a92f00	0x6a92f90	C	15	16	
N11FrameEngine5Logic6BattleE	0x6a92fe8	0x6a93078	F	7	13	0x720a890
N11FrameEngine5Logic15CppHotFixHelperE	0x6a930e0	0x6a93170	C	11	16	0x720a800
N11FrameEngine19DataShellDictionaryIiiNS_15DataShellConfig9IsDemDataENS1_11NotSyncDataENS1_12NotSharedPtrEEE	0x6a931f0	0x6a93280	C	10	16	0x720a800
N11FrameEngine19DataShellDictionaryIiNS_6Common5Fix64ENS_15DataShellConfig9IsDemDataENS3_11NotSyncDataENS3_12NotSharedPtrEEE	0x6a93300	0x6a93390	C	10	16	0x720a800
N11FrameEngine13DataShellListIPNS_5Logic11BattleActorENS_15DataShellConfig9IsDemDataENS4_11NotSyncDataENS4_12NotSharedPtrEEE	0x6a933f0	0x6a93490	E	7	13	0x720a800
N11FrameEngine13DataShellListINS_6Common5Fix64ENS_15DataShellConfig9IsDemDataENS3_11NotSyncDataENS3_12NotSharedPtrEEE	0x6a93480	0x6a93520	E	7	13	0x720a800
N11FrameEngine5Logic13BattleFlowMgrE	0x6a93510	0x6a935b0	E	8	13	0x720a800
N11FrameEngine5Logic12ViolationMgrE	0x6a93678	0x6a93708	F	12	13	0x720a890
N11FrameEngine13DataShellListIPNS_5Logic18TeamViolationLogicENS_15DataShellConfig9IsDemDataENS4_10IsSyncDataENS4_12NotSharedPtrEEE	0x6a93710	0x6a937b0	E	7	13	0x720a800
N11FrameEngine5Logic12BonusGameMgrE	0x6a93878	0x6a93908	F	12	13	0x720a890
N11FrameEngine13DataShellListIPNS_5Logic17GamePlayComponentENS_15DataShellConfig9IsDemDataENS4_10IsSyncDataENS4_12NotSharedPtrEEE	0x6a93910	0x6a939b0	E	7	13	0x720a800
N11FrameEngine13DataShellListIPNS_5Logic18BattleDisguiseNodeENS_15DataShellConfig9IsDemDataENS4_10IsSyncDataENS4_12NotSharedPtrEEE	0x6a939a0	0x6a93a40	E	7	13	0x720a800
N11FrameEngine6Common8RPNUtilsE	0x6a93af8	0x6a93b88	F	12	13	0x720a890
N11FrameEngine5Logic24FixGameObjectIDGeneratorE	0x6a93b90	0x6a93c30	E	8	13	0x720a800
N11FrameEngine5Logic12SubBattleMgrE	0x6a93cf8	0x6a93d88	F	12	13	0x720a890
N11FrameEngine5Logic13SubBattlePoolE	0x6a93d90	0x6a93e30	E	8	13	0x720a800
N11FrameEngine13DataShellListIPNS_5Logic9SubBattleENS_15DataShellConfig9IsDemDataENS4_10IsSyncDataENS4_12NotSharedPtrEEE	0x6a93e20	0x6a93ec0	E	7	13	0x720a800
N11FrameEngine5Logic15EvacuateDataMgrE	0x6a93f88	0x6a94018	F	12	13	0x720a890
N11FrameEngine19DataShellDictionaryIiPNS_5Logic21EvacuateDepotItemDataENS_15DataShellConfig9IsDemDataENS4_10IsSyncDataENS4_12NotSharedPtrEEE	0x6a94040	0x6a940d0	C	10	16	0x720a800
N11FrameEngine5Logic14HexAramDataMgrE	0x6a94130	0x6a941d0	E	8	13	0x720a800
N11FrameEngine5Logic11RuinDataMgrE	0x6a94298	0x6a94328	F	12	13	0x720a890
N11FrameEngine5Logic11RuinDataMgrE	0x6a943f0	0x6a94480	C	15	16	
N11FrameEngine5Logic13CherryDataMgrE	0x6a94508	0x6a94598	F	11	13	0x720a890
N11FrameEngine13DataShellListIPNS_5Logic10CherryTeamENS_15DataShellConfig9IsDemDataENS4_10IsSyncDataENS4_12NotSharedPtrEEE	0x6a945a0	0x6a94640	E	7	13	0x720a800
N11FrameEngine13DataShellListIPNS_5Logic10CherryTeamENS_15DataShellConfig9IsDemDataENS4_10IsSyncDataENS4_12NotSharedPtrEEE	0x6a946f0	0x6a94780	C	15	16	
N11FrameEngine5Logic13PixiuAwardMgrE	0x6a94808	0x6a94898	F	11	13	0x720a890
N11FrameEngine13DataShellListIPNS_5Logic12PixiuBetInfoENS_15DataShellConfig9IsDemDataENS4_10IsSyncDataENS4_12NotSharedPtrEEE	0x6a948a0	0x6a94940	E	7	13	0x720a800
N11FrameEngine13DataShellListIPNS_5Logic12BattlePlayerENS_15DataShellConfig9IsDemDataENS4_10IsSyncDataENS4_12NotSharedPtrEEE	0x6a94930	0x6a949d0	E	7	13	0x720a800
N11FrameEngine13DataShellListIPNS_5Logic12BattlePlayerENS_15DataShellConfig9IsDemDataENS4_10IsSyncDataENS4_12NotSharedPtrEEE	0x6a94a70	0x6a94b00	C	15	16	
N11FrameEngine5Logic18CherryTeamMatchMgrE	0x6a94b88	0x6a94c18	F	11	13	0x720a890
N11FrameEngine5Logic18CherryAwardDataMgrE	0x6a94cf8	0x6a94d88	F	12	13	0x720a890
N11FrameEngine5Logic18CherryRoundDataMgrE	0x6a94d90	0x6a94e30	E	8	13	0x720a800
N11FrameEngine5Logic18CherryRoundDataMgrE	0x6a94ee0	0x6a94f70	C	15	16	
N11FrameEngine5Logic9BattleFowE	0x6a94ff8	0x6a95088	F	11	13	0x720a890
N11FrameEngine5Logic14SkillUseObjMgrE	0x6a95090	0x6a95130	E	8	13	0x720a800
N11FrameEngine5Logic11SkinVisiMgrE	0x6a95120	0x6a951c0	E	8	13	0x720a800
N11FrameEngine5Logic14BattleEventMgrE	0x6a951b0	0x6a95250	E	8	13	0x720a800
N11FrameEngine5Logic14BattleEventMgrE	0x6a95300	0x6a95390	C	15	16	
N11FrameEngine5Logic20BattleGlobalVariableE	0x6a95418	0x6a954a8	F	11	13	0x720a890
N11FrameEngine13DataShellListIPNS_5Logic13CustomVarBaseENS_15DataShellConfig9IsDemDataENS4_10IsSyncDataENS4_12NotSharedPtrEEE	0x6a954b0	0x6a95550	E	7	13	0x720a800
N11FrameEngine19DataShellDictionaryIiPNS_5Logic9MapAnchorENS_15DataShellConfig9IsDemDataENS4_10IsSyncDataENS4_12NotSharedPtrEEE	0x6a95560	0x6a955f0	C	10	16	0x720a800
N11FrameEngine19DataShellDictionaryIiPNS_5Logic11BattleActorENS_15DataShellConfig9IsDemDataENS4_10IsSyncDataENS4_12NotSharedPtrEEE	0x6a95670	0x6a95700	C	10	16	0x720a800
N11FrameEngine19DataShellDictionaryIiNS_6Common5Fix64ENS_15DataShellConfig9IsDemDataENS3_10IsSyncDataENS3_12NotSharedPtrEEE	0x6a95780	0x6a95810	C	10	16	0x720a800
N11FrameEngine19DataShellDictionaryIiiNS_15DataShellConfig9IsDemDataENS1_10IsSyncDataENS1_12NotSharedPtrEEE	0x6a95890	0x6a95920	C	10	16	0x720a800
N11FrameEngine5Logic17PlayerIDGeneratorE	0x6a95980	0x6a95a20	E	8	13	0x720a800
N11FrameEngine5Logic13GUIDGeneratorE	0x6a95a10	0x6a95ab0	E	8	13	0x720a800
N11FrameEngine5Logic18VisiVarIdGeneratorE	0x6a95aa0	0x6a95b40	E	8	13	0x720a800
N11FrameEngine5Logic10TestingMgrE	0x6a95b30	0x6a95bd0	E	8	13	0x720a800
N11FrameEngine5Logic13MagicFieldMgrE	0x6a95bc0	0x6a95c60	E	8	13	0x720a800
N11FrameEngine5Logic19BulletInitProcessorE	0x6a95c60	0x6a95d00	E	9	13	0x720a800
N11FrameEngine13DataShellListIPNS_5Logic13FixGameObjectENS_15DataShellConfig9IsDemDataENS4_10IsSyncDataENS4_12NotSharedPtrEEE	0x6a95cf0	0x6a95d90	E	7	13	0x720a800
N11FrameEngine19DataShellDictionaryIjPNS_5Logic13FixGameObjectENS_15DataShellConfig9IsDemDataENS4_10IsSyncDataENS4_12NotSharedPtrEEE	0x6a95da0	0x6a95e30	C	10	16	0x720a800
N11FrameEngine13DataShellListIPNS_5Logic40HexAramRandomGainRuleMgr_IDIPRejectGroupENS_15DataShellConfig9IsDemDataENS4_11NotSyncDataENS4_12NotSharedPtrEEE	0x6a95e90	0x6a95f30	E	7	13	0x720a800
N11FrameEngine5Logic21BattleReviveCaculatorE	0x6a95f58	0x6a95fd0	A	7	11	0x720a800
	0x6a961d0	0x6a96260	C	15	16	
N11FrameEngine5Logic10EffectBaseE	0x6a962b8	0x6a96348	F	7	13	0x720a890
	0x6a967b0	0x6a96840	C	13	16	
	0x6a96d30	0x6a96dc0	C	13	16	
	0x6a971f0	0x6a97280	C	13	16	
N11FrameEngine8DataSync24IEffectClearBuffTypeSyncE	0x6a974f0	0x6a97580	C	15	16	
N11FrameEngine5Logic10BattleTeamE	0x6a975d8	0x6a97668	F	7	13	0x720a890
N11FrameEngine13DataShellListIPNS_5Logic11BattleActorENS_15DataShellConfig9IsDemDataENS4_10IsSyncDataENS4_12NotSharedPtrEEE	0x6a976a0	0x6a97740	E	7	13	0x720a800
N11FrameEngine13DataShellListIPNS_5Logic13BattleMonsterENS_15DataShellConfig9IsDemDataENS4_10IsSyncDataENS4_12NotSharedPtrEEE	0x6a97730	0x6a977d0	E	7	13	0x720a800
N11FrameEngine13DataShellListIPNS_5Logic12BattleTurretENS_15DataShellConfig9IsDemDataENS4_10IsSyncDataENS4_12NotSharedPtrEEE	0x6a977c0	0x6a97860	E	7	13	0x720a800
N11FrameEngine15MessUpShellListIPNS_5Logic11BattleActorENS_15DataShellConfig9IsDemDataENS4_10IsSyncDataENS4_12NotSharedPtrEEE	0x6a97850	0x6a978f0	E	7	13	0x720a800
N11FrameEngine19DataShellDictionaryIiPNS_5Logic13BattleTeamVarENS_15DataShellConfig9IsDemDataENS4_10IsSyncDataENS4_12NotSharedPtrEEE	0x6a97900	0x6a97990	C	10	16	0x720a800
N11FrameEngine5Logic13BattleTeamVarE	0x6a97c28	0x6a97cb8	F	12	13	0x720a890
N11FrameEngine5Logic19BattleMonsterGrowthE	0x6a97d60	0x6a97df0	C	11	16	0x720a800
N11FrameEngine5Logic19BattleMonsterGrowthE	0x6a97f20	0x6a97fb0	C	15	16	
N11FrameEngine5Logic14BattleStateMgrE	0x6a98008	0x6a98098	F	7	13	0x720a890
N11FrameEngine5Logic11BattleStateE	0x6a981e8	0x6a98278	F	12	13	0x720a890
	0x6a98560	0x6a985f0	C	13	16	
N11FrameEngine5Logic16BattleKeyInfoMgrE	0x6a987c8	0x6a98840	A	7	11	0x720a800
N11FrameEngine5Logic27SpellBookRandomSkillRuleMgrE	0x6a98978	0x6a989f0	A	7	11	0x720a800
N11FrameEngine5Logic27SpellBookRandomSkillRuleMgrE	0x6a98b20	0x6a98bb0	C	15	16	
N11FrameEngine5Logic16SummonerSkillMgrE	0x6a98c08	0x6a98c98	F	7	13	0x720a890
N11FrameEngine13DataShellListIPNS_5Logic10ActorSkillENS_15DataShellConfig9IsDemDataENS4_10IsSyncDataENS4_12NotSharedPtrEEE	0x6a98cd0	0x6a98d70	E	7	13	0x720a800
N11FrameEngine19DataShellDictionaryIiPNS_5Logic8ActorVarENS_15DataShellConfig9IsDemDataENS4_10IsSyncDataENS4_12NotSharedPtrEEE	0x6a98d80	0x6a98e10	C	10	16	0x720a800
N11FrameEngine5Logic8ActorVarE	0x6a991e8	0x6a99278	F	11	13	0x720a890
N11FrameEngine5Logic17SkillAIEvaluationE	0x6a99688	0x6a99700	A	7	11	0x720a800
N11FrameEngine5Logic17SkillAIEvaluationE	0x6a99850	0x6a998e0	C	15	16	
N11FrameEngine5Logic9SkillSlotE	0x6a99938	0x6a999c8	F	7	13	0x720a890
N11FrameEngine13DataShellListIiNS_15DataShellConfig10NotDemDataENS1_10IsSyncDataENS1_12NotSharedPtrEEE	0x6a99a00	0x6a99aa0	E	7	13	0x720a800
N11FrameEngine13DataShellListIPNS_5Logic16SkillSlotVariantENS_15DataShellConfig9IsDemDataENS4_10IsSyncDataENS4_12NotSharedPtrEEE	0x6a99a90	0x6a99b30	E	7	13	0x720a800
N11FrameEngine19DataShellDictionaryIiPNS_5Logic19SkillSlotForbidInfoENS_15DataShellConfig9IsDemDataENS4_10IsSyncDataENS4_12NotSharedPtrEEE	0x6a99b40	0x6a99bd0	C	10	16	0x720a800
N11FrameEngine5Logic38LgcMsg_EVENT_MOBA_REPLACE_SKILL_FINISHE	0x6a9a090	0x6a9a120	C	15	16	
N11FrameEngine5Logic23SkillSlotStrengthenInfoE	0x6a9a1a8	0x6a9a238	F	11	13	0x720a890
N11FrameEngine19DataShellDictionaryIiPNS_5Logic15AddSkillGemInfoENS_15DataShellConfig9IsDemDataENS4_10IsSyncDataENS4_12NotSharedPtrEEE	0x6a9a260	0x6a9a2f0	C	10	16	0x720a800
N11FrameEngine13DataShellListIPNS_5Logic22PendingAddSkillGemInfoENS_15DataShellConfig9IsDemDataENS4_11NotSyncDataENS4_12NotSharedPtrEEE	0x6a9a350	0x6a9a3f0	E	7	13	0x720a800
N11FrameEngine5Logic19SlotGemBlackDataSetE	0x6a9a3f0	0x6a9a490	E	9	13	0x720a800
N11FrameEngine19DataShellDictionaryIiPNS_5Logic28SlotGemBlackDataSet_ItemDataENS_15DataShellConfig9IsDemDataENS4_11NotSyncDataENS4_12NotSharedPtrEEE	0x6a9a4a0	0x6a9a530	C	10	16	0x720a800
N11FrameEngine5Logic19SlotGemWhiteDataSetE	0x6a9a5a0	0x6a9a640	E	9	13	0x720a800
N11FrameEngine13DataShellListIPNS_5Logic28SlotGemWhiteDataSet_ItemDataENS_15DataShellConfig9IsDemDataENS4_11NotSyncDataENS4_12NotSharedPtrEEE	0x6a9a630	0x6a9a6d0	E	7	13	0x720a800
N11FrameEngine5Logic23VirtualSkillSlotVariantE	0x6a9a798	0x6a9a828	F	12	13	0x720a890
	0x6a9a910	0x6a9a9a0	C	15	16	
N11FrameEngine5Logic13SkillStockMgrE	0x6a9a9f8	0x6a9aa88	F	7	13	0x720a890
N11FrameEngine5Logic31LgcMsg_SKILL_LAYER_COUNT_CHANGEE	0x6a9ac30	0x6a9acc0	C	15	16	
N11FrameEngine5Logic14SkillInterruptE	0x6a9ad18	0x6a9ada8	F	7	13	0x720a890
	0x6a9b190	0x6a9b220	C	14	16	
	0x6a9b530	0x6a9b5c0	C	15	16	
N11FrameEngine5Logic17RandomGainRuleMgrE	0x6a9b618	0x6a9b6a8	F	7	13	0x720a890
N11FrameEngine5Logic40HexAramRandomGainRuleMgr_IDIPRejectGroupE	0x6a9b6c0	0x6a9b760	E	9	13	0x720a800
	0x6a9ba60	0x6a9baf0	C	14	16	
	0x6a9bef0	0x6a9bf80	C	15	16	
N11FrameEngine5Logic17HeroRandomGainMgrE	0x6a9bfd8	0x6a9c068	F	7	13	0x720a890
N11FrameEngine19DataShellDictionaryIiPNS_5Logic26HeroRandomGainMgr_GainDataENS_15DataShellConfig9IsDemDataENS4_10IsSyncDataENS4_12NotSharedPtrEEE	0x6a9c0c0	0x6a9c150	C	10	16	0x720a800
N11FrameEngine5Logic26HeroRandomGainMgr_GainDataE	0x6a9c808	0x6a9c898	F	12	13	0x720a890
	0x6a9cd60	0x6a9cdf0	C	14	16	
	0x6a9d180	0x6a9d210	C	16	16	
N11FrameEngine5Logic10ActorSkillE	0x6a9d2d8	0x6a9d368	F	7	13	0x720a890
N11FrameEngine5Logic19SkillConfigOverrideE	0x6a9d3c0	0x6a9d460	E	9	13	0x720a800
N11FrameEngine13DataShellListIP19SafeRef_BattleActorNS_15DataShellConfig9IsDemDataENS3_10IsSyncDataENS3_12NotSharedPtrEEE	0x6a9d450	0x6a9d4f0	E	7	13	0x720a800
N11FrameEngine5Logic21SkillVarSummonedActorE	0x6a9de88	0x6a9df18	F	12	13	0x720a890
N11FrameEngine5Logic21PreCalcCritEffectDataE	0x6a9df20	0x6a9dfc0	E	8	13	0x720a800
N11FrameEngine5Logic21PreCalcCritEffectDataE	0x6a9e080	0x6a9e110	C	15	16	
N11FrameEngine5Logic11SkillCDNodeE	0x6a9e168	0x6a9e1f8	F	7	13	0x720a890
N11FrameEngine5Logic30BattleActorSkillSetRemainCDMsgE	0x6a9e390	0x6a9e420	C	15	16	
N11FrameEngine5Logic14PickupSkillMgrE	0x6a9e478	0x6a9e508	F	7	13	0x720a890
	0x6a9e9a0	0x6a9ea30	C	14	16	
N11FrameEngine5Logic19DynamicPassiveSkillE	0x6a9ed10	0x6a9eda0	C	15	16	
N11FrameEngine5Logic13LevelSkillMgrE	0x6a9edf8	0x6a9ee88	F	7	13	0x720a890
	0x6a9f110	0x6a9f1a0	C	14	16	
N11FrameEngine8DataSync22ISkillStockBuffMgrSyncE	0x6a9f410	0x6a9f4a0	C	15	16	
N11FrameEngine5Logic14SkillCDTriggerE	0x6a9f4f8	0x6a9f588	F	7	13	0x720a890
N11FrameEngine5Logic13SkillStateMgrE	0x6a9f728	0x6a9f7b8	F	12	13	0x720a890
N11FrameEngine5Logic16SkillSlotVariantE	0x6a9f898	0x6a9f928	F	12	13	0x720a890
N11FrameEngine5Logic20SkillAIEvaluationMgrE	0x6a9f960	0x6a9f9f0	C	12	16	0x720a800
N11FrameEngine5Logic20SkillAIEvaluationMgrE	0x6a9fb20	0x6a9fbb0	C	15	16	
N11FrameEngine5Logic18SkillInterruptInfoE	0x6a9fc08	0x6a9fc98	F	7	13	0x720a890
N11FrameEngine5Logic19CustomInterruptInfoE	0x6a9fcd0	0x6a9fd70	E	8	13	0x720a800
N11FrameEngine5Logic15SkillConsumeMgrE	0x6a9fd98	0x6a9fe10	A	7	11	0x720a800
N11FrameEngine5Logic15SkillConsumeMgrE	0x6a9ff40	0x6a9ffd0	C	15	16	
N11FrameEngine5Logic11SkillUseObjE	0x6aa0028	0x6aa00b8	F	7	13	0x720a890
18SafeRef_ActorSkill	0x6aa01c8	0x6aa0258	F	12	13	0x720a890
N11FrameEngine5Logic18SkillUseIgnoreInfoE	0x6aa0260	0x6aa0300	E	8	13	0x720a800
N11FrameEngine5Logic18SkillUseIgnoreInfoE	0x6aa03c0	0x6aa0450	C	15	16	
N11FrameEngine5Logic13BattleTeamMgrE	0x6aa04a8	0x6aa0538	F	7	13	0x720a890
N11FrameEngine13DataShellListIPNS_5Logic10BattleTeamENS_15DataShellConfig9IsDemDataENS4_10IsSyncDataENS4_12NotSharedPtrEEE	0x6aa0570	0x6aa0610	E	7	13	0x720a800
N11FrameEngine5Logic13CustomVarBaseE	0x6aa0818	0x6aa08a8	F	12	13	0x720a890
N11FrameEngine5Logic14CustomVarFix64E	0x6aa1310	0x6aa13a0	C	15	16	
N11FrameEngine5Logic12SurrenderMgrE	0x6aa13f8	0x6aa1488	F	7	13	0x720a890
N11FrameEngine13DataShellListIPNS_5Logic18TeamSurrenderLogicENS_15DataShellConfig9IsDemDataENS4_10IsSyncDataENS4_12NotSharedPtrEEE	0x6aa14c0	0x6aa1560	E	7	13	0x720a800
N11FrameEngine5Logic18ActorBulletEmitterE	0x6aa1768	0x6aa17e0	A	7	11	0x720a800
N11FrameEngine5Logic11BulletGroupE	0x6aa1878	0x6aa18f0	A	7	11	0x720a800
	0x6aa1d10	0x6aa1da0	C	13	16	
N11FrameEngine5Logic16BulletShaderDataE	0x6aa2300	0x6aa23a0	E	8	13	0x720a800
	0x6aa2660	0x6aa26f0	C	14	16	
	0x6aa2b30	0x6aa2bc0	C	14	16	
N11FrameEngine5Logic32BulletFowComponent_BulletFowNodeE	0x6aa2d90	0x6aa2e30	E	8	13	0x720a800
N11FrameEngine5Logic14InteractiveMgrE	0x6aa2e20	0x6aa2ec0	E	8	13	0x720a800
N11FrameEngine5Logic14InteractiveMgrE	0x6aa2f80	0x6aa3010	C	15	16	
N11FrameEngine5Logic12ActorMarkMgrE	0x6aa3068	0x6aa30f8	F	7	13	0x720a890
N11FrameEngine19DataShellDictionaryIjPNS_5Logic9ActorMarkENS_15DataShellConfig9IsDemDataENS4_10IsSyncDataENS4_12NotSharedPtrEEE	0x6aa3150	0x6aa31e0	C	10	16	0x720a800
	0x6aa33a0	0x6aa3430	C	15	16	
N11FrameEngine5Logic9ActorMarkE	0x6aa34f8	0x6aa3588	F	7	13	0x720a890
N11FrameEngine5Logic22BattleActorGiveMarkMsgE	0x6aa3970	0x6aa3a00	C	15	16	
N11FrameEngine5Logic9RemakeMgrE	0x6aa3a58	0x6aa3ae8	F	7	13	0x720a890
N11FrameEngine5Logic26LgcMsg_EVENT_REMAKE_RESULTE	0x6aa3dd0	0x6aa3e60	C	15	16	
N11FrameEngine5Logic15TeamRemakeLogicE	0x6aa3eb8	0x6aa3f48	F	7	13	0x720a890
N11FrameEngine5Logic18RemakeMgr_VoteDataE	0x6aa40c0	0x6aa4160	E	8	13	0x720a800
N11FrameEngine5Logic26RemakeMgr_HangUpPlayerDataE	0x6aa4150	0x6aa41f0	E	8	13	0x720a800
N11FrameEngine5Logic20HangUpMgr_HangUpInfoE	0x6aa42b8	0x6aa4348	F	12	13	0x720a890
N11FrameEngine13DataShellListINS_6Common5Fix64ENS_15DataShellConfig10NotDemDataENS3_10IsSyncDataENS3_12NotSharedPtrEEE	0x6aa4350	0x6aa43f0	E	7	13	0x720a800
N11FrameEngine13DataShellListINS_6Common5Fix64ENS_15DataShellConfig10NotDemDataENS3_10IsSyncDataENS3_12NotSharedPtrEEE	0x6aa44b0	0x6aa4540	C	15	16	
N11FrameEngine5Logic9HangUpMgrE	0x6aa4598	0x6aa4628	F	7	13	0x720a890
N11FrameEngine5Logic11HangUpLogicE	0x6aa47a0	0x6aa4840	E	8	13	0x720a800
N11FrameEngine5Logic29LgcMsg_EVENT_HANGUP_AI_RECALLE	0x6aa4a40	0x6aa4ad0	C	15	16	
N11FrameEngine5Logic19BattleTeamStatisticE	0x6aa4b28	0x6aa4bb8	F	7	13	0x720a890
N11FrameEngine5Logic15BattleStatisticE	0x6aa4c28	0x6aa4ca0	A	7	11	0x720a800
N11FrameEngine5Logic15BattleStatisticE	0x6aa4dd0	0x6aa4e60	C	15	16	
N11FrameEngine5Logic20BattleScoringManagerE	0x6aa4eb8	0x6aa4f48	F	7	13	0x720a890
N11FrameEngine5Logic19BattlePlayerWardMgrE	0x6aa4f80	0x6aa5020	E	8	13	0x720a800
N11FrameEngine5Logic26BattlePlayerInteractiveMgrE	0x6aa5040	0x6aa50c0	B	7	11	0x720a800
N11FrameEngine5Logic27BattleScoringDataCollectMgrE	0x6aa5120	0x6aa51c0	E	8	13	0x720a800
N11FrameEngine13DataShellListIPNS_5Logic23BattleTeamTotalKillInfoENS_15DataShellConfig9IsDemDataENS4_11NotSyncDataENS4_12NotSharedPtrEEE	0x6aa51b0	0x6aa5250	E	7	13	0x720a800
N11FrameEngine5Logic21BattleScoringDataUtilE	0x6aa5240	0x6aa52e0	E	8	13	0x720a800
N11FrameEngine5Logic32LgcMsg_EVENT_COOPERATION_TO_VISIE	0x6aa5730	0x6aa57c0	C	15	16	
N11FrameEngine5Logic23BattleTeamTotalKillInfoE	0x6aa5848	0x6aa58d8	F	11	13	0x720a890
N11FrameEngine5Logic26BattleScoringApplyBuffItemE	0x6aa58e0	0x6aa5980	E	8	13	0x720a800
N14DataCollectSpc21DcEpicMonsterHurtItemE	0x6aa5970	0x6aa5a10	E	8	13	0x720a800
N11FrameEngine5Logic41BattleScoringManager_StrategicPointStaticE	0x6aa5a00	0x6aa5aa0	E	8	13	0x720a800
N11FrameEngine5Logic37BattleScoringManager_ChangeResultInfoE	0x6aa5a90	0x6aa5b30	E	8	13	0x720a800
N11FrameEngine5Logic37BattleScoringManager_ChangeResultInfoE	0x6aa5bf0	0x6aa5c80	C	15	16	
N11FrameEngine5Logic23BattlePlayerScoringDataE	0x6aa5cd8	0x6aa5d68	F	7	13	0x720a890
N11FrameEngine5Logic27BattlePlayerInteractiveDataE	0x6aa5da0	0x6aa5e40	E	8	13	0x720a800
N11FrameEngine13DataShellListINS_6Common5Fix64ENS_15DataShellConfig9IsDemDataENS3_10IsSyncDataENS3_12NotSharedPtrEEE	0x6aa5e30	0x6aa5ed0	E	7	13	0x720a800
N11FrameEngine5Logic25BattlePlayerDamageDetailsE	0x6aa5ec0	0x6aa5f60	E	8	13	0x720a800
N11FrameEngine5Logic24BattleScoringToEnemyDataE	0x6aa5ff0	0x6aa6090	E	8	13	0x720a800
N11FrameEngine5Logic22BattleScoringHighlightE	0x6aa60b8	0x6aa6130	A	7	11	0x720a800
N11FrameEngine5Logic21BattleScoringModeARAME	0x6aa6290	0x6aa6320	C	12	16	0x720a800
N11FrameEngine5Logic22BattleScoringSkillItemE	0x6aa6380	0x6aa6420	E	8	13	0x720a800
N11FrameEngine5Logic27BattleScoringLaneCalculatorE	0x6aa6448	0x6aa64c0	A	7	11	0x720a800
N11FrameEngine5Logic33BattleScoringBattleTypeCalculatorE	0x6aa6558	0x6aa65d0	A	7	11	0x720a800
N11FrameEngine5Logic18BSDCPerfectControlE	0x6aa6710	0x6aa67a0	C	12	16	0x720a800
N11FrameEngine5Logic26BSDCPerfectControlRoleInfoE	0x6aa6800	0x6aa68a0	E	8	13	0x720a800
N11FrameEngine5Logic28BattleScoringDataCollectBaseE	0x6aa68d0	0x6aa6960	C	12	16	0x720a800
N11FrameEngine5Logic19BSDCSingleMultiKillE	0x6aa6aa0	0x6aa6b30	C	12	16	0x720a800
N11FrameEngine5Logic27BSDCSingleMultiKillRoleInfoE	0x6aa6b90	0x6aa6c30	E	8	13	0x720a800
N11FrameEngine5Logic21BattleScoringModeBaseE	0x6aa6c70	0x6aa6d00	C	12	16	0x720a800
N11FrameEngine5Logic25BattleAllyInteractiveDataE	0x6aa6d60	0x6aa6e00	E	7	13	0x720a800
N11FrameEngine5Logic16TeamHurtDataItemE	0x6aa6df0	0x6aa6e90	E	8	13	0x720a800
N11FrameEngine5Logic20BattleScoringModeURFE	0x6aa6f80	0x6aa7010	C	12	16	0x720a800
N11FrameEngine5Logic14BattleWardInfoE	0x6aa7110	0x6aa71b0	E	8	13	0x720a800
N11FrameEngine5Logic20BattlePlayerWardDataE	0x6aa7278	0x6aa7308	F	12	13	0x720a890
N11FrameEngine5Logic20BattlePlayerWardDataE	0x6aa73e0	0x6aa7470	C	15	16	
N11FrameEngine5Logic18TeamViolationLogicE	0x6aa74c8	0x6aa7558	F	7	13	0x720a890
N11FrameEngine19DataShellDictionaryImPNS_5Logic16VoteMgr_VoteDataENS_15DataShellConfig9IsDemDataENS4_10IsSyncDataENS4_12NotSharedPtrEEE	0x6aa75b0	0x6aa7640	C	10	16	0x720a800
N11FrameEngine5Logic16VoteMgr_VoteDataE	0x6aa79f8	0x6aa7a88	F	12	13	0x720a890
	0x6aa7ea0	0x6aa7f30	C	14	16	
N11FrameEngine13DataShellListIPNS_5Logic10ActorStateENS_15DataShellConfig9IsDemDataENS4_10IsSyncDataENS4_12NotSharedPtrEEE	0x6aa81a0	0x6aa8240	E	7	13	0x720a800
N11FrameEngine5Logic10ActorStateE	0x6aa85f8	0x6aa8688	F	11	13	0x720a890
N11FrameEngine5Logic10ActorStateE	0x6aa8630	0x6aa86c0	C	13	16	0x720a890
	0x6aa8ad0	0x6aa8b60	C	13	16	
	0x6aa9150	0x6aa91e0	C	13	16	
N11FrameEngine6Method9Initialer16ActorInitialInfoE	0x6aa93f0	0x6aa9490	E	8	13	0x720a800
N11FrameEngine5Logic21ActorMsgResultHandlerE	0x6aaa270	0x6aaa310	E	8	13	0x720a800
	0x6aaacc0	0x6aaad50	C	14	16	
N11FrameEngine5Logic15ActorCfgDataMgrE	0x6aaaf20	0x6aaafb0	C	11	16	0x720a800
N11FrameEngine5Logic15ActorCfgDataMgrE	0x6aab0e0	0x6aab170	C	15	16	
N11FrameEngine5Logic15ActorAbilityMgrE	0x6aab1c8	0x6aab258	F	7	13	0x720a890
N11FrameEngine13DataShellListIPNS_5Logic11AbilityNodeENS_15DataShellConfig9IsDemDataENS4_10IsSyncDataENS4_12NotSharedPtrEEE	0x6aab290	0x6aab330	E	7	13	0x720a800
N11FrameEngine5Logic22ActorChangeModelMgrLgcE	0x6aab478	0x6aab4f0	A	7	11	0x720a800
N11FrameEngine5Logic13ActorDieAwardE	0x6aab588	0x6aab600	A	7	11	0x720a800
N11FrameEngine5Logic16ActorLgcRendererE	0x6aab728	0x6aab7b8	F	12	13	0x720a890
N11FrameEngine9Interface35FEEventMsgActorLgcRenderer_SetColorE	0x6aac320	0x6aac3b0	C	10	16	0x720a800
N11FrameEngine5Logic14ModelScaleDataE	0x6aacff0	0x6aad090	E	8	13	0x720a800
N11FrameEngine5Logic14ModelScaleDataE	0x6aad150	0x6aad1e0	C	15	16	
N11FrameEngine5Logic13ActorRealmMgrE	0x6aad238	0x6aad2c8	F	7	13	0x720a890
N11FrameEngine13DataShellListIPNS_5Logic10ActorRealmENS_15DataShellConfig9IsDemDataENS4_10IsSyncDataENS4_12NotSharedPtrEEE	0x6aad300	0x6aad3a0	E	7	13	0x720a800
N11FrameEngine5Logic10ActorRealmE	0x6aad468	0x6aad4f8	F	12	13	0x720a890
	0x6aad7d0	0x6aad860	C	14	16	
N11FrameEngine13DataShellListIPNS_5Logic11BattleBlockENS_15DataShellConfig10NotDemDataENS4_10IsSyncDataENS4_12NotSharedPtrEEE	0x6aada00	0x6aadaa0	E	7	13	0x720a800
N11FrameEngine13DataShellListIPNS_5Logic14BlockActorItemENS_15DataShellConfig10NotDemDataENS4_10IsSyncDataENS4_12NotSharedPtrEEE	0x6aada90	0x6aadb30	E	7	13	0x720a800
N11FrameEngine5Logic12ObjEventListIPNS0_6BulletEEE	0x6aadb20	0x6aadbc0	E	7	13	0x720a800
N11FrameEngine5Logic12ObjEventListIPNS0_11BattleActorEEE	0x6aadbb0	0x6aadc50	E	7	13	0x720a800
N11FrameEngine5Logic12ActorDieArgsE	0x6aadc40	0x6aadce0	E	8	13	0x720a800
N11FrameEngine5Logic32ActorChangeModelMgrLgc_LgcBucketE	0x6aadd00	0x6aadd90	C	11	16	0x720a800
	0x6aae530	0x6aae5c0	C	13	16	
N11FrameEngine5Logic20ActorAIConsistVerifyE	0x6aae880	0x6aae920	E	9	13	0x720a800
N11FrameEngine5Logic20ActorAIConsistVerifyE	0x6aae9e0	0x6aaea70	C	15	16	
N11FrameEngine5Logic13ActorHurtArgsE	0x6aaeac8	0x6aaeb58	F	7	13	0x720a890
N11FrameEngine13DataShellListIjNS_15DataShellConfig9IsDemDataENS1_10IsSyncDataENS1_12NotSharedPtrEEE	0x6aaeb90	0x6aaec30	E	7	13	0x720a800
N11FrameEngine13DataShellListIjNS_15DataShellConfig9IsDemDataENS1_10IsSyncDataENS1_12NotSharedPtrEEE	0x6aaecf0	0x6aaed80	C	15	16	
N11FrameEngine5Logic11ActorVarMgrE	0x6aaedd8	0x6aaee68	F	7	13	0x720a890
N11FrameEngine13DataShellListIPNS_5Logic8ActorVarENS_15DataShellConfig9IsDemDataENS4_10IsSyncDataENS4_12NotSharedPtrEEE	0x6aaeea0	0x6aaef40	E	7	13	0x720a800
N11FrameEngine5Logic22ActorVarFixVector3ListE	0x6aaf250	0x6aaf2e0	C	15	16	
N11FrameEngine5Logic11AbilityNodeE	0x6aaf338	0x6aaf3c8	F	7	13	0x720a890
N11FrameEngine13DataShellListIPNS_5Logic9ActorBuffENS_15DataShellConfig9IsDemDataENS4_10IsSyncDataENS4_12NotSharedPtrEEE	0x6aaf400	0x6aaf4a0	E	7	13	0x720a800
N11FrameEngine13DataShellListIPNS_5Logic9ActorBuffENS_15DataShellConfig9IsDemDataENS4_10IsSyncDataENS4_12NotSharedPtrEEE	0x6aaf560	0x6aaf5f0	C	15	16	
N11FrameEngine5Logic13ActorHealArgsE	0x6aaf648	0x6aaf6d8	F	7	13	0x720a890
	0x6aaf980	0x6aafa10	C	14	16	
	0x6ab0320	0x6ab03b0	C	13	16	
N11FrameEngine5Logic12ActorLgcAnimE	0x6ab0660	0x6ab0700	E	8	13	0x720a800
N11FrameEngine9Interface34FEEventMsgActorLgcAnim_AddSyncAnimE	0x6ab19d0	0x6ab1a60	C	10	16	0x720a800
N11FrameEngine9Interface38FEEventMsgActorLgcAnim_PlayPostureAnimE	0x6ab2ee0	0x6ab2f70	C	15	16	
N11FrameEngine5Logic14BattleEquipMgrE	0x6ab2fc8	0x6ab3058	F	7	13	0x720a890
N11FrameEngine5Logic19EquipSkillGroupDataE	0x6ab35f0	0x6ab3690	E	8	13	0x720a800
N11FrameEngine5Logic20EquipForceAppendDataE	0x6ab3680	0x6ab3720	E	8	13	0x720a800
N11FrameEngine5Logic24BattleEquipCancelRuleMgrE	0x6ab3748	0x6ab37c0	A	7	11	0x720a800
N11FrameEngine5Logic17BattleEquipCancelE	0x6ab3850	0x6ab38d0	B	7	11	0x720a800
N11FrameEngine5Logic26BattleEquipPurchaseRuleMgrE	0x6ab3968	0x6ab39e0	A	7	11	0x720a800
N11FrameEngine5Logic28BattleEquipPurchaseRuleRoundE	0x6ab3ba0	0x6ab3c30	C	10	16	0x720a800
N11FrameEngine5Logic28BattleEquipPurchaseRuleMoneyE	0x6ab3d50	0x6ab3de0	C	10	16	0x720a800
N11FrameEngine5Logic29BattleEquipPurchaseRuleZombieE	0x6ab3f00	0x6ab3f90	C	10	16	0x720a800
N11FrameEngine5Logic29BattleEquipPurchaseRuleBannedE	0x6ab40b0	0x6ab4140	C	10	16	0x720a800
N11FrameEngine5Logic23BattleEquipPurchaseRuleE	0x6ab41d0	0x6ab4260	C	12	16	0x720a800
N11FrameEngine5Logic21BattleEquipCommonRuleE	0x6ab4380	0x6ab4410	C	10	16	0x720a800
N11FrameEngine5Logic9SignalMgrE	0x6ab4470	0x6ab4510	E	8	13	0x720a800
N11FrameEngine5Logic9SignalMgrE	0x6ab45d0	0x6ab4660	C	15	16	
N11FrameEngine5Logic12BattlePlayerE	0x6ab46b8	0x6ab4748	F	7	13	0x720a890
N11FrameEngine13DataShellListIPNS_5Logic10BattleHeroENS_15DataShellConfig9IsDemDataENS4_10IsSyncDataENS4_12NotSharedPtrEEE	0x6ab47c0	0x6ab4860	E	7	13	0x720a800
N11FrameEngine5Logic12CoolDownItemE	0x6ab4928	0x6ab49b8	F	12	13	0x720a890
N11FrameEngine5Logic22BattlePlayerHeroRebornE	0x6ab4a98	0x6ab4b28	F	12	13	0x720a890
N11FrameEngine5Logic22BattlePlayerHeroRebornE	0x6ab4bf0	0x6ab4c80	C	15	16	
N11FrameEngine5Logic31BattlePlayerStatistic_EquipShopE	0x6ab4d08	0x6ab4d98	F	11	13	0x720a890
N11FrameEngine5Logic19ExtraBattleHeroInfoE	0x6ab5400	0x6ab5480	B	7	11	0x720a800
N11FrameEngine5Logic19ExtraBattleHeroInfoE	0x6ab55b0	0x6ab5640	C	15	16	
N11FrameEngine5Logic12DamageFixMgrE	0x6ab5698	0x6ab5728	F	7	13	0x720a890
N11FrameEngine19DataShellDictionaryIiPNS_5Logic9DamageFixENS_15DataShellConfig9IsDemDataENS4_11NotSyncDataENS4_12NotSharedPtrEEE	0x6ab5780	0x6ab5810	C	10	16	0x720a800
N11FrameEngine5Logic9DamageFixE	0x6ab5880	0x6ab5920	E	9	13	0x720a800
N11FrameEngine13DataShellListIPNS_5Logic14DamageFixValueENS_15DataShellConfig9IsDemDataENS4_11NotSyncDataENS4_12NotSharedPtrEEE	0x6ab5910	0x6ab59b0	E	7	13	0x720a800
N11FrameEngine5Logic14DamageFixValueE	0x6ab59b0	0x6ab5a50	E	9	13	0x720a800
	0x6ab5ba0	0x6ab5c30	C	16	16	
N11FrameEngine5Logic17MagicFieldTriggerE	0x6ab5ce8	0x6ab5d78	F	7	13	0x720a890
N11FrameEngine5Logic19BattleActorBeHitMsgE	0x6ab6300	0x6ab6390	C	15	16	
N11FrameEngine5Logic15LevelFlowDriverE	0x6ab63e8	0x6ab6478	F	7	13	0x720a890
N11FrameEngine8DataSync20ILevelFlowDriverSyncE	0x6ab6580	0x6ab6610	C	15	16	
N11FrameEngine5Logic22SpecialEventFlowDriverE	0x6ab6668	0x6ab66f8	F	7	13	0x720a890
	0x6ab6e70	0x6ab6f00	C	14	16	
	0x6ab79c0	0x6ab7a50	C	14	16	
	0x6ab8240	0x6ab82d0	C	14	16	
N11FrameEngine5Logic9LogicFlowE	0x6ab85b0	0x6ab8640	C	15	16	
N11FrameEngine5Logic11GemSkillMgrE	0x6ab8698	0x6ab8728	F	7	13	0x720a890
N11FrameEngine13DataShellListIPNS_5Logic16GemSlotSkillInfoENS_15DataShellConfig9IsDemDataENS4_10IsSyncDataENS4_12NotSharedPtrEEE	0x6ab8760	0x6ab8800	E	7	13	0x720a800
N11FrameEngine5Logic16GemSlotSkillInfoE	0x6ab88c8	0x6ab8958	F	12	13	0x720a890
N11FrameEngine13DataShellListIPNS_5Logic16GemRuleSkillInfoENS_15DataShellConfig9IsDemDataENS4_10IsSyncDataENS4_12NotSharedPtrEEE	0x6ab8960	0x6ab8a00	E	7	13	0x720a800
N11FrameEngine5Logic16GemRuleSkillInfoE	0x6ab8ac8	0x6ab8b58	F	12	13	0x720a890
	0x6ab8f80	0x6ab9010	C	14	16	
	0x6ab98e0	0x6ab9970	C	14	16	
N11FrameEngine5Logic49FlowActionCreateGemSkillActor_ReplacementSkillVarE	0x6ab9bc0	0x6ab9c60	E	9	13	0x720a800
N11FrameEngine5Logic11VisiFlowMgrE	0x6ab9c88	0x6ab9d00	A	6	11	0x720a800
N11FrameEngine5Logic17VisiFlowRefObjectE	0x6ab9d60	0x6ab9e00	E	7	13	0x720a800
N11FrameEngine5Logic13ActorMgrProxyE	0x6ab9e20	0x6ab9eb0	C	11	16	0x720a800
	0x6aba650	0x6aba6e0	C	13	16	
N11FrameEngine13DataShellListIPNS_5Logic14RuinEquipGoodsENS_15DataShellConfig10NotDemDataENS4_10IsSyncDataENS4_12NotSharedPtrEEE	0x6aba990	0x6abaa30	E	7	13	0x720a800
N11FrameEngine13DataShellListIPNS_5Logic9RuinSkillENS_15DataShellConfig10NotDemDataENS4_10IsSyncDataENS4_12NotSharedPtrEEE	0x6abaa20	0x6abaac0	E	7	13	0x720a800
N11FrameEngine13DataShellListIPNS_5Logic9RuinEquipENS_15DataShellConfig10NotDemDataENS4_10IsSyncDataENS4_12NotSharedPtrEEE	0x6abaab0	0x6abab50	E	7	13	0x720a800
N11FrameEngine13DataShellListIPNS_5Logic10ForgeLayerENS_15DataShellConfig9IsDemDataENS4_10IsSyncDataENS4_12NotSharedPtrEEE	0x6abab40	0x6ababe0	E	7	13	0x720a800
N11FrameEngine13DataShellListIPNS_5Logic11ForgeOriginENS_15DataShellConfig9IsDemDataENS4_10IsSyncDataENS4_12NotSharedPtrEEE	0x6ababd0	0x6abac70	E	7	13	0x720a800
N11FrameEngine13DataShellListIPNS_5Logic24EquipmentForgeStashEquipENS_15DataShellConfig9IsDemDataENS4_11NotSyncDataENS4_12NotSharedPtrEEE	0x6abac60	0x6abad00	E	7	13	0x720a800
N11FrameEngine13DataShellListIPNS_5Logic21EquipmentForgeRequestENS_15DataShellConfig9IsDemDataENS4_10IsSyncDataENS4_12NotSharedPtrEEE	0x6abacf0	0x6abad90	E	7	13	0x720a800
	0x6abb190	0x6abb220	C	14	16	
N11FrameEngine5Logic31SkillDefaultRangeStrengthenDataE	0x6abb538	0x6abb5c8	F	12	13	0x720a890
N11FrameEngine5Logic41SkillDefaultRangeStrengthen_SkillTypeDataE	0x6abb600	0x6abb680	B	7	11	0x720a800
	0x6abbaf0	0x6abbb80	C	14	16	
N11FrameEngine5Logic18DelayFreeNode_FlowE	0x6abbdc0	0x6abbe60	E	7	13	0x720a800
N11FrameEngine5Logic19BattleLiteFowCutMgrE	0x6abbea0	0x6abbf30	C	10	16	0x720a800
N11FrameEngine5Logic15LiteFowCutActorE	0x6abc170	0x6abc210	E	7	13	0x720a800
N11FrameEngine5Logic15LiteFowCutActorE	0x6abc2d0	0x6abc360	C	15	16	
N11FrameEngine5Logic18BattleCountdownMgrE	0x6abc3b8	0x6abc448	F	7	13	0x720a890
	0x6abca90	0x6abcb20	C	14	16	
N11FrameEngine5Logic18ParallelFlowLoaderE	0x6abce78	0x6abcef0	A	7	11	0x720a800
N11FrameEngine5Logic15ParallelFlowMgrE	0x6abcf88	0x6abd000	A	7	11	0x720a800
N11FrameEngine6Common14LoopSafeCursorIPNS_5Logic12ParallelFlowEEE	0x6abd060	0x6abd100	E	7	13	0x720a800
N11FrameEngine6Common12LoopSafeListIPNS_5Logic12ParallelFlowEEE	0x6abd120	0x6abd1a0	B	6	11	0x720a800
	0x6abd3e0	0x6abd470	C	16	16	
N11FrameEngine5Logic12ParallelFlowE	0x6abd598	0x6abd628	F	7	13	0x720a890
N11FrameEngine6Common14LoopSafeCursorIPNS_5Logic16ParallelFlowNodeEEE	0x6abd6a0	0x6abd740	E	7	13	0x720a800
N11FrameEngine6Common12LoopSafeListIPNS_5Logic16ParallelFlowNodeEEE	0x6abd760	0x6abd7e0	B	6	11	0x720a800
N11FrameEngine10FEDelegateIvJPvEE16FEStaticFunctionE	0x6abd840	0x6abd8e0	E	8	13	0x720a800
N11FrameEngine10FEDelegateIvJPvEE16FEStaticFunctionE	0x6abda10	0x6abdaa0	C	15	16	
N11FrameEngine5Logic8AttrDataE	0x6abdaf8	0x6abdb88	F	7	13	0x720a890
N11FrameEngine13DataShellListIPNS_5Logic8AttrNodeENS_15DataShellConfig9IsDemDataENS4_10IsSyncDataENS4_12NotSharedPtrEEE	0x6abdbc0	0x6abdc60	E	7	13	0x720a800
N11FrameEngine5Logic8AttrNodeE	0x6abdd28	0x6abddb8	F	12	13	0x720a890
N11FrameEngine5Logic11UnitManagerE	0x6abddf8	0x6abde70	A	7	11	0x720a800
	0x6abe020	0x6abe0b0	C	16	16	
N11FrameEngine5Logic4UnitE	0x6abe178	0x6abe208	F	7	13	0x720a890
	0x6abe590	0x6abe620	C	14	16	
	0x6abec30	0x6abecc0	C	14	16	
N11FrameEngine13DataShellListIPNS_5Logic19ReflectTransferDataENS_15DataShellConfig9IsDemDataENS4_10IsSyncDataENS4_12NotSharedPtrEEE	0x6abef00	0x6abefa0	E	7	13	0x720a800
N11FrameEngine13DataShellListIPNS_5Logic16ReflectSkillDataENS_15DataShellConfig9IsDemDataENS4_10IsSyncDataENS4_12NotSharedPtrEEE	0x6abef90	0x6abf030	E	7	13	0x720a800
N11FrameEngine13DataShellListIPNS_5Logic16ReflectSkillDataENS_15DataShellConfig9IsDemDataENS4_10IsSyncDataENS4_12NotSharedPtrEEE	0x6abf0e0	0x6abf170	C	15	16	
N11FrameEngine5Logic16ReflectSkillDataE	0x6abf1f8	0x6abf288	F	11	13	0x720a890
N11FrameEngine5Logic16ReflectSkillDataE	0x6abf350	0x6abf3e0	C	15	16	
N11FrameEngine5Logic19ReflectTransferDataE	0x6abf468	0x6abf4f8	F	11	13	0x720a890
N11FrameEngine19DataShellDictionaryIiPNS_5Logic8SkillVarENS_15DataShellConfig9IsDemDataENS4_10IsSyncDataENS4_12NotSharedPtrEEE	0x6abf520	0x6abf5b0	C	10	16	0x720a800
	0x6abfa20	0x6abfab0	C	14	16	
	0x6ac0220	0x6ac02b0	C	14	16	
	0x6ac0a30	0x6ac0ac0	C	14	16	
N11FrameEngine13DataShellListIPNS_5Logic37ActorComponentGrowth_GrowthInfoStructENS_15DataShellConfig9IsDemDataENS4_10IsSyncDataENS4_12NotSharedPtrEEE	0x6ac0d00	0x6ac0da0	E	7	13	0x720a800
	0x6ac11a0	0x6ac1230	C	14	16	
	0x6ac1880	0x6ac1910	C	14	16	
	0x6ac21a0	0x6ac2230	C	14	16	
N11FrameEngine19DataShellDictionaryIiPNS_5Logic29ActorComponentTrait_TraitDataENS_15DataShellConfig9IsDemDataENS4_10IsSyncDataENS4_12NotSharedPtrEEE	0x6ac2570	0x6ac2600	C	10	16	0x720a800
	0x6ac2a70	0x6ac2b00	C	14	16	
	0x6ac3150	0x6ac31e0	C	14	16	
N11FrameEngine13DataShellListIPNS_5Logic13HurtDelayDataENS_15DataShellConfig9IsDemDataENS4_10IsSyncDataENS4_12NotSharedPtrEEE	0x6ac3420	0x6ac34c0	E	7	13	0x720a800
N11FrameEngine13DataShellListIPNS_5Logic13HurtDelayDataENS_15DataShellConfig9IsDemDataENS4_11NotSyncDataENS4_12NotSharedPtrEEE	0x6ac34b0	0x6ac3550	E	7	13	0x720a800
N11FrameEngine5Logic13HurtDelayDataE	0x6ac3618	0x6ac36a8	F	12	13	0x720a890
	0x6ac3ac0	0x6ac3b50	C	14	16	
	0x6ac41a0	0x6ac4230	C	14	16	
N11FrameEngine5Logic21EquipmentForgeRequestE	0x6ac4548	0x6ac45d8	F	12	13	0x720a890
N11FrameEngine5Logic20EquipmentForgeOptionE	0x6ac4748	0x6ac47d8	F	12	13	0x720a890
N11FrameEngine5Logic24EquipmentForgeStashEquipE	0x6ac48b8	0x6ac4948	F	12	13	0x720a890
	0x6ac4d60	0x6ac4df0	C	14	16	
	0x6ac5490	0x6ac5520	C	14	16	
N11FrameEngine19DataShellDictionaryImPNS_5Logic14KillAssistInfoENS_15DataShellConfig9IsDemDataENS4_10IsSyncDataENS4_12NotSharedPtrEEE	0x6ac5780	0x6ac5810	C	10	16	0x720a800
N11FrameEngine5Logic37ActorComponentGrowth_GrowthInfoStructE	0x6ac5b08	0x6ac5b98	F	12	13	0x720a890
	0x6ac5fb0	0x6ac6040	C	14	16	
N11FrameEngine13DataShellListIPNS_5Logic10ActorSkillENS_15DataShellConfig10NotDemDataENS4_10IsSyncDataENS4_12NotSharedPtrEEE	0x6ac6280	0x6ac6320	E	7	13	0x720a800
N11FrameEngine13DataShellListIPNS_5Logic9SkillSlotENS_15DataShellConfig9IsDemDataENS4_10IsSyncDataENS4_12NotSharedPtrEEE	0x6ac6310	0x6ac63b0	E	7	13	0x720a800
N11FrameEngine13DataShellListIPNS_5Logic15SwitchSkillDataENS_15DataShellConfig9IsDemDataENS4_10IsSyncDataENS4_12NotSharedPtrEEE	0x6ac63a0	0x6ac6440	E	7	13	0x720a800
N11FrameEngine13DataShellListIPNS_5Logic33LgcMsg_EVENT_RANDOM_GAIN_START_FDENS_15DataShellConfig9IsDemDataENS4_11NotSyncDataENS4_12NotSharedPtrEEE	0x6ac6430	0x6ac64d0	E	7	13	0x720a800
N11FrameEngine13DataShellListIhNS_15DataShellConfig9IsDemDataENS1_11NotSyncDataENS1_12NotSharedPtrEEE	0x6ac64c0	0x6ac6560	E	7	13	0x720a800
	0x6ac6960	0x6ac69f0	C	14	16	
	0x6ac70f0	0x6ac7180	C	14	16	
N11FrameEngine5Logic10ForgeLayerE	0x6ac7498	0x6ac7528	F	12	13	0x720a890
N11FrameEngine13DataShellListIPNS_5Logic11ForgeOptionENS_15DataShellConfig9IsDemDataENS4_10IsSyncDataENS4_12NotSharedPtrEEE	0x6ac76e0	0x6ac7780	E	7	13	0x720a800
	0x6ac7b80	0x6ac7c10	C	14	16	
	0x6ac83d0	0x6ac8460	C	14	16	
N11FrameEngine5Logic29ActorComponentTrait_TraitDataE	0x6ac8878	0x6ac8908	F	12	13	0x720a890
	0x6ac8d20	0x6ac8db0	C	14	16	
	0x6ac9540	0x6ac95d0	C	14	16	
N11FrameEngine13DataShellListIPNS_5Logic9ActorMarkENS_15DataShellConfig9IsDemDataENS4_10IsSyncDataENS4_12NotSharedPtrEEE	0x6ac9810	0x6ac98b0	E	7	13	0x720a800
N11FrameEngine5Logic38HeroComponentExpMoneyShared_SharedDataE	0x6ac98a0	0x6ac9940	E	8	13	0x720a800
	0x6ac9d40	0x6ac9dd0	C	14	16	
	0x6aca420	0x6aca4b0	C	14	16	
N11FrameEngine5Logic14ActorVisionMgrE	0x6aca6f0	0x6aca790	E	8	13	0x720a800
N11FrameEngine5Logic22ActorKnockAnimationMgrE	0x6aca780	0x6aca820	E	8	13	0x720a800
N11FrameEngine5Logic21ActorStopAnimationMgrE	0x6aca810	0x6aca8b0	E	8	13	0x720a800
N11FrameEngine5Logic13ActorKnockMgrE	0x6aca8a0	0x6aca940	E	8	13	0x720a800
N11FrameEngine5Logic18ActorShieldBuffMgrE	0x6aca930	0x6aca9d0	E	8	13	0x720a800
N11FrameEngine5Logic35ActorComponentBuffMgr_HandlerResultE	0x6aca9c0	0x6acaa60	E	8	13	0x720a800
N11FrameEngine5Logic14ActorImmuneMgrE	0x6acaa80	0x6acab00	B	7	11	0x720a800
N11FrameEngine5Logic23ActorSpellShieldHitInfoE	0x6acac80	0x6acad20	E	8	13	0x720a800
	0x6acb350	0x6acb3e0	C	14	16	
	0x6acbae0	0x6acbb70	C	14	16	
N11FrameEngine13DataShellListIPNS_5Logic14AttackerRecordENS_15DataShellConfig10NotDemDataENS4_10IsSyncDataENS4_12NotSharedPtrEEE	0x6acbdb0	0x6acbe50	E	7	13	0x720a800
N11FrameEngine13DataShellListIPNS_5Logic11HatredStateENS_15DataShellConfig9IsDemDataENS4_10IsSyncDataENS4_12NotSharedPtrEEE	0x6acbf80	0x6acc020	E	7	13	0x720a800
	0x6acc420	0x6acc4b0	C	14	16	
N11FrameEngine5Logic14HelpMarkerInfoE	0x6acc6f0	0x6acc790	E	8	13	0x720a800
	0x6accb90	0x6accc20	C	14	16	
	0x6acd280	0x6acd310	C	14	16	
	0x6acd960	0x6acd9f0	C	14	16	
	0x6ace040	0x6ace0d0	C	14	16	
N11FrameEngine5Logic32ActorComponentVisible_DetectInfoE	0x6ace430	0x6ace4d0	E	8	13	0x720a800
N11FrameEngine5Logic42ActorComponentVisible_AreaVisionExposeInfoE	0x6ace4c0	0x6ace560	E	8	13	0x720a800
	0x6ace960	0x6ace9f0	C	14	16	
	0x6acf040	0x6acf0d0	C	14	16	
N11FrameEngine13DataShellListIPNS_5Logic16AttackStateLogicENS_15DataShellConfig9IsDemDataENS4_10IsSyncDataENS4_12NotSharedPtrEEE	0x6acf310	0x6acf3b0	E	7	13	0x720a800
	0x6acf850	0x6acf8e0	C	14	16	
	0x6acff30	0x6acffc0	C	14	16	
	0x6ad0880	0x6ad0910	C	14	16	
N11FrameEngine5Logic15AttrConvertHookE	0x6ad0cb0	0x6ad0d50	E	8	13	0x720a800
	0x6ad1150	0x6ad11e0	C	14	16	
	0x6ad1690	0x6ad1720	C	14	16	
	0x6ad1cb0	0x6ad1d40	C	14	16	
	0x6ad2390	0x6ad2420	C	14	16	
	0x6ad2cf0	0x6ad2d80	C	14	16	
N11FrameEngine5Logic36LgcMsg_EVENT_RUIN_OPERATE_EQUIP_SHOPE	0x6ad31b0	0x6ad3240	C	15	16	
N11FrameEngine5Logic9RuinSkillE	0x6ad32c8	0x6ad3358	F	11	13	0x720a890
N11FrameEngine5Logic9RuinEquipE	0x6ad3428	0x6ad34b8	F	12	13	0x720a890
	0x6ad38d0	0x6ad3960	C	14	16	
N11FrameEngine19DataShellDictionaryIiNS_6Common5Fix64ENS_15DataShellConfig10NotDemDataENS3_10IsSyncDataENS3_12NotSharedPtrEEE	0x6ad3bc0	0x6ad3c50	C	10	16	0x720a800
N11FrameEngine13DataShellListIjNS_15DataShellConfig10NotDemDataENS1_10IsSyncDataENS1_12NotSharedPtrEEE	0x6ad3cb0	0x6ad3d50	E	7	13	0x720a800
	0x6ad4150	0x6ad41e0	C	14	16	
N11FrameEngine5Logic12DamageRecordE	0x6ad4420	0x6ad44c0	E	8	13	0x720a800
	0x6ad48c0	0x6ad4950	C	14	16	
	0x6ad5030	0x6ad50c0	C	14	16	
N11FrameEngine19DataShellDictionaryIiPNS_5Logic12BonusFixNodeENS_15DataShellConfig9IsDemDataENS4_10IsSyncDataENS4_12NotSharedPtrEEE	0x6ad5320	0x6ad53b0	C	10	16	0x720a800
N11FrameEngine5Logic12BonusFixNodeE	0x6ad54e8	0x6ad5578	F	12	13	0x720a890
N11FrameEngine13DataShellListIPNS_5Logic13BonusFixValueENS_15DataShellConfig9IsDemDataENS4_10IsSyncDataENS4_12NotSharedPtrEEE	0x6ad5580	0x6ad5620	E	7	13	0x720a800
N11FrameEngine5Logic13BonusFixValueE	0x6ad5708	0x6ad5798	F	12	13	0x720a890
	0x6ad5d20	0x6ad5db0	C	14	16	
	0x6ad65c0	0x6ad6650	C	14	16	
N11FrameEngine13DataShellListIPNS_5Logic16EdgeLengthCDInfoENS_15DataShellConfig9IsDemDataENS4_11NotSyncDataENS4_12NotSharedPtrEEE	0x6ad6890	0x6ad6930	E	7	13	0x720a800
N11FrameEngine5Logic16EdgeLengthCDInfoE	0x6ad69d0	0x6ad6a70	E	9	13	0x720a800
	0x6ad6e80	0x6ad6f10	C	14	16	
	0x6ad7560	0x6ad75f0	C	14	16	
N11FrameEngine13DataShellListIPNS_5Logic21DelayDestroyStealInfoENS_15DataShellConfig9IsDemDataENS4_10IsSyncDataENS4_12NotSharedPtrEEE	0x6ad7830	0x6ad78d0	E	7	13	0x720a800
N11FrameEngine5Logic24BattleActorStealSkillMsgE	0x6ad7b50	0x6ad7be0	C	15	16	
N11FrameEngine5Logic21DelayDestroyStealInfoE	0x6ad7c68	0x6ad7cf8	F	11	13	0x720a890
N11FrameEngine5Logic22PendingAddSkillGemInfoE	0x6ad7da0	0x6ad7e40	E	9	13	0x720a800
N11FrameEngine5Logic15AddSkillGemInfoE	0x6ad7f08	0x6ad7f98	F	12	13	0x720a890
N11FrameEngine5Logic19RelateSkillSlotInfoE	0x6ad7fa0	0x6ad8040	E	8	13	0x720a800
N11FrameEngine5Logic28SlotGemBlackDataSet_ItemDataE	0x6ad8040	0x6ad80e0	E	9	13	0x720a800
N11FrameEngine5Logic28SlotGemWhiteDataSet_ItemDataE	0x6ad80e0	0x6ad8180	E	9	13	0x720a800
N11FrameEngine5Logic9LvToIDMapE	0x6ad8170	0x6ad8210	E	8	13	0x720a800
N11FrameEngine5Logic9LvToIDMapE	0x6ad82d0	0x6ad8360	C	15	16	
N11FrameEngine5Logic9DataFrameE	0x6ad83b8	0x6ad8448	F	7	13	0x720a890
N11FrameEngine5Logic19TmpSyncObjContainerE	0x6ad8558	0x6ad85e8	F	12	13	0x720a890
N11FrameEngine5Logic11LgcEventMgrE	0x6ad85f0	0x6ad8690	E	8	13	0x720a800
N11FrameEngine5Logic11ObjEventMgrIPNS0_9BulletMsgEEE	0x6ad86a0	0x6ad8730	C	10	16	0x720a800
N11FrameEngine5Logic13BattleTaskMgrE	0x6ad8790	0x6ad8830	E	7	13	0x720a800
N11FrameEngine5Logic11ObjEventMgrIPNS0_14BattleActorMsgEEE	0x6ad8840	0x6ad88d0	C	10	16	0x720a800
	0x6ad8d40	0x6ad8dd0	C	14	16	
N11FrameEngine5Logic23GlobalChaosZoneAttrDataE	0x6ad90e8	0x6ad9178	F	12	13	0x720a890
N11FrameEngine5Logic18SelectSkillGemDataE	0x6ad9258	0x6ad92e8	F	12	13	0x720a890
N11FrameEngine13DataShellListIPNS_5Logic7GemDataENS_15DataShellConfig9IsDemDataENS4_10IsSyncDataENS4_12NotSharedPtrEEE	0x6ad92f0	0x6ad9390	E	7	13	0x720a800
N11FrameEngine5Logic23GemRecommendFactionDataE	0x6ad9458	0x6ad94e8	F	12	13	0x720a890
N11FrameEngine5Logic20PreparedSkillGemDataE	0x6ad9590	0x6ad9630	E	8	13	0x720a800
N11FrameEngine5Logic7GemDataE	0x6ad96f8	0x6ad9788	F	12	13	0x720a890
N11FrameEngine5Logic22HoldSelectSkillGemDataE	0x6ad9790	0x6ad9830	E	8	13	0x720a800
	0x6ad9f60	0x6ad9ff0	C	13	16	
N11FrameEngine5Logic14BlockActorItemE	0x6ada368	0x6ada3f8	F	12	13	0x720a890
	0x6ada740	0x6ada7d0	C	14	16	
N11FrameEngine8DataSync35IMagicFieldPeriodicityDoTriggerSyncE	0x6adaaa0	0x6adab30	C	15	16	
N11FrameEngine5Logic14SkillGemVarMgrE	0x6adab88	0x6adac18	F	7	13	0x720a890
N11FrameEngine19DataShellDictionaryIiPNS_5Logic11SkillGemVarENS_15DataShellConfig9IsDemDataENS4_10IsSyncDataENS4_12NotSharedPtrEEE	0x6adac70	0x6adad00	C	10	16	0x720a800
N11FrameEngine19DataShellDictionaryIiPNS_5Logic21SkillGemTipParamValueENS_15DataShellConfig9IsDemDataENS4_10IsSyncDataENS4_12NotSharedPtrEEE	0x6adad80	0x6adae10	C	10	16	0x720a800
N11FrameEngine5Logic21SkillGemTipParamValueE	0x6adaf48	0x6adafd8	F	12	13	0x720a890
N11FrameEngine5Logic37LgcMsg_EVENT_BATTLEEVENT_STATE_CHANGEE	0x6adb140	0x6adb1d0	C	10	16	0x720a800
N11FrameEngine9FixRandomE	0x6adb260	0x6adb2f0	C	12	16	0x720a800
N11FrameEngine6Common11FixTileNodeE	0x6adb350	0x6adb3f0	E	8	13	0x720a800
N11FrameEngine5Logic15MapLayerManagerE	0x6adb418	0x6adb490	A	7	11	0x720a800
N11FrameEngine5Logic12MapLayerInfoE	0x6adb590	0x6adb630	E	8	13	0x720a800
N11FrameEngine5Logic10SectorDataE	0x6adb620	0x6adb6c0	E	8	13	0x720a800
N11FrameEngine5Logic10SectorDataE	0x6adb780	0x6adb810	C	15	16	
N11FrameEngine5Logic12MapAnchorMgrE	0x6adb868	0x6adb8f8	F	7	13	0x720a890
	0x6adbf50	0x6adbfe0	C	13	16	
	0x6adc8e0	0x6adc970	C	13	16	
N11FrameEngine8DataSync17ISimpleAnchorSyncE	0x6adccf0	0x6adcd80	C	15	16	
N11FrameEngine5Logic17MapBlockAnchorMgrE	0x6adcdd8	0x6adce68	F	7	13	0x720a890
N11FrameEngine5Logic11FowNodeInfoE	0x6add1f8	0x6add270	A	7	11	0x720a800
N11FrameEngine5Logic14GrassGroupInfoE	0x6add308	0x6add380	A	6	11	0x720a800
N11FrameEngine5Logic8NodeCoorE	0x6add3e0	0x6add480	E	7	13	0x720a800
N11FrameEngine5Logic8NodeCoorE	0x6add540	0x6add5d0	C	15	16	
N11FrameEngine5Logic9BattleMapE	0x6add628	0x6add6b8	F	7	13	0x720a890
N11FrameEngine6Common7FixGridIPNS_5Logic11BattleActorENS0_5Fix64EEE	0x6add710	0x6add7b0	E	9	13	0x720a800
N11FrameEngine6Common7FixTileIPNS_5Logic11BattleActorENS0_5Fix64EEE	0x6add910	0x6add9b0	E	8	13	0x720a800
N11FrameEngine6Common7FixTileIPNS_5Logic11BattleActorENS0_5Fix64EEE	0x6adda60	0x6addaf0	C	15	16	
N11FrameEngine5Logic16VisiBattleMapMgrE	0x6addb48	0x6addbd8	F	7	13	0x720a890
N11FrameEngine8DataSync21IVisiBattleMapMgrSyncE	0x6addcd0	0x6addd60	C	15	16	
N11FrameEngine5Logic12BattleMapMgrE	0x6adddb8	0x6adde48	F	7	13	0x720a890
N11FrameEngine13DataShellListIPNS_5Logic9BattleMapENS_15DataShellConfig10NotDemDataENS4_10IsSyncDataENS4_12NotSharedPtrEEE	0x6adde80	0x6addf20	E	7	13	0x720a800
N11FrameEngine5Logic8GateInfoE	0x6addf48	0x6addfc0	A	6	11	0x720a800
N11FrameEngine5Logic25SkillStrengthenRPNVariantE	0x6ade020	0x6ade0c0	E	7	13	0x720a800
N11FrameEngine5Logic8Behavior13BehaviorParamE	0x6ade0c0	0x6ade160	E	9	13	0x720a800
	0x6ade400	0x6ade490	C	13	16	
N11FrameEngine5Logic8Behavior11BehaviorFSME	0x6ade5d8	0x6ade668	F	11	13	0x720a890
	0x6ade7a0	0x6ade830	C	15	16	
N11FrameEngine5Logic8Behavior28SummonedIoniaHeraldAttackingE	0x6adea40	0x6adead0	C	15	16	0x720a800
N11FrameEngine5Logic8Behavior13BehaviorStateE	0x6adeac0	0x6adeb60	E	3	13	0x720a800
N11FrameEngine5Logic8Behavior25SummonedIoniaHeraldMoveToE	0x6adecb0	0x6aded40	C	15	16	0x720a800
N11FrameEngine5Logic8Behavior29SummonedIoniaHeraldPatrollingE	0x6adef00	0x6adef90	C	15	16	0x720a800
N11FrameEngine5Logic8Behavior29SummonedIoniaHeraldRegressionE	0x6adf150	0x6adf1e0	C	15	16	0x720a800
	0x6adf4f0	0x6adf580	C	13	16	
N11FrameEngine5Logic8Behavior13ZyraPlantNoneE	0x6adf880	0x6adf910	C	15	16	0x720a800
N11FrameEngine5Logic8Behavior18ZyraPlantSearchingE	0x6adfad0	0x6adfb60	C	15	16	0x720a800
N11FrameEngine5Logic8Behavior18ZyraPlantAttackingE	0x6adfd20	0x6adfdb0	C	15	16	0x720a800
	0x6ae00c0	0x6ae0150	C	13	16	
	0x6ae05a0	0x6ae0630	C	13	16	
N11FrameEngine5Logic8Behavior27NewbieMinionCyclePatrollingE	0x6ae0cf0	0x6ae0d80	C	15	16	0x720a800
N11FrameEngine5Logic8Behavior21NewbieMinionCycleNoneE	0x6ae0f40	0x6ae0fd0	C	15	16	0x720a800
N11FrameEngine6Common17InputBufferActionE	0x6ae1288	0x6ae1318	F	11	13	0x720a890
N11FrameEngine6Common17InputBufferActionE	0x6ae12c0	0x6ae1350	C	13	16	0x720a890
	0x6ae17a0	0x6ae1830	C	13	16	
	0x6ae1c80	0x6ae1d10	C	13	16	
	0x6ae2160	0x6ae21f0	C	13	16	
	0x6ae2640	0x6ae26d0	C	13	16	
N11FrameEngine5Logic8Behavior18YordleHeraldMoveToE	0x6ae29d0	0x6ae2a60	C	15	16	0x720a800
N11FrameEngine5Logic8Behavior22YordleHeraldPatrollingE	0x6ae2c20	0x6ae2cb0	C	15	16	0x720a800
N11FrameEngine5Logic8Behavior22YordleHeraldRegressionE	0x6ae2e70	0x6ae2f00	C	15	16	0x720a800
	0x6ae3210	0x6ae32a0	C	13	16	
N11FrameEngine5Logic8Behavior16PhantomBowMoveToE	0x6ae35a0	0x6ae3630	C	15	16	0x720a800
N11FrameEngine5Logic8Behavior14PhantomBowNoneE	0x6ae37f0	0x6ae3880	C	15	16	0x720a800
N11FrameEngine5Logic8Behavior19PhantomBowSearchingE	0x6ae3a40	0x6ae3ad0	C	15	16	0x720a800
N11FrameEngine5Logic8Behavior19PhantomBowAttackingE	0x6ae3c90	0x6ae3d20	C	15	16	0x720a800
	0x6ae4030	0x6ae40c0	C	13	16	
N11FrameEngine5Logic8Behavior16CloseRangeSearchE	0x6ae4320	0x6ae43b0	C	9	16	0x720a800
N11FrameEngine5Logic8Behavior18LongDistanceSearchE	0x6ae44c0	0x6ae4550	C	9	16	0x720a800
N11FrameEngine5Logic8Behavior13MonsterSearchE	0x6ae4660	0x6ae46f0	C	9	16	0x720a800
N11FrameEngine5Logic8Behavior11TowerSearchE	0x6ae4800	0x6ae4890	C	9	16	0x720a800
N11FrameEngine5Logic8Behavior23SummonedHexCannonSearchE	0x6ae49a0	0x6ae4a30	C	9	16	0x720a800
N11FrameEngine5Logic8Behavior24SummonedRiftHeraldSearchE	0x6ae4b40	0x6ae4bd0	C	9	16	0x720a800
N11FrameEngine5Logic8Behavior26SummonedYordleHeraldSearchE	0x6ae4ce0	0x6ae4d70	C	9	16	0x720a800
N11FrameEngine5Logic8Behavior29SummonedYordleHeraldSonSearchE	0x6ae4e80	0x6ae4f10	C	9	16	0x720a800
N11FrameEngine5Logic8Behavior22SummonedFollowerSearchE	0x6ae5020	0x6ae50b0	C	9	16	0x720a800
N11FrameEngine5Logic8Behavior20SummonedWukongSearchE	0x6ae51c0	0x6ae5250	C	9	16	0x720a800
N11FrameEngine5Logic8Behavior18NewbieMinionSearchE	0x6ae5360	0x6ae53f0	C	9	16	0x720a800
N11FrameEngine5Logic8Behavior18CasterMinionSearchE	0x6ae5500	0x6ae5590	C	9	16	0x720a800
N11FrameEngine5Logic8Behavior21ImmovableMinionSearchE	0x6ae56a0	0x6ae5730	C	9	16	0x720a800
N11FrameEngine5Logic8Behavior12SearchMethodE	0x6ae5720	0x6ae57c0	E	3	13	0x720a800
	0x6ae5a60	0x6ae5af0	C	13	16	
N11FrameEngine5Logic8Behavior20BaronNashorAttackingE	0x6ae5df0	0x6ae5e80	C	15	16	0x720a800
N11FrameEngine5Logic8Behavior15BaronNashorNoneE	0x6ae6040	0x6ae60d0	C	15	16	0x720a800
	0x6ae63e0	0x6ae6470	C	13	16	
N11FrameEngine5Logic8Behavior16AnniesBearMoveToE	0x6ae6770	0x6ae6800	C	15	16	0x720a800
N11FrameEngine5Logic8Behavior19AnniesBearSearchingE	0x6ae69c0	0x6ae6a50	C	15	16	0x720a800
N11FrameEngine5Logic8Behavior19AnniesBearAttackingE	0x6ae6c10	0x6ae6ca0	C	15	16	0x720a800
N11FrameEngine5Logic8Behavior14AnniesBearNoneE	0x6ae6e60	0x6ae6ef0	C	15	16	0x720a800
	0x6ae7200	0x6ae7290	C	13	16	
N11FrameEngine5Logic8Behavior22LargeMonsterRegressionE	0x6ae7590	0x6ae7620	C	15	16	0x720a800
N11FrameEngine5Logic8Behavior22LargeMonsterPatrollingE	0x6ae77e0	0x6ae7870	C	15	16	0x720a800
N11FrameEngine5Logic8Behavior16LargeMonsterNoneE	0x6ae7a30	0x6ae7ac0	C	15	16	0x720a800
N11FrameEngine5Logic8Behavior21LargeMonsterAttackingE	0x6ae7c80	0x6ae7d10	C	15	16	0x720a800
N11FrameEngine5Logic8Behavior18LargeMonsterMoveToE	0x6ae7ed0	0x6ae7f60	C	15	16	0x720a800
N11FrameEngine5Logic8Behavior21LargeMonsterSearchingE	0x6ae8120	0x6ae81b0	C	15	16	0x720a800
	0x6ae84c0	0x6ae8550	C	13	16	
N11FrameEngine5Logic8Behavior18NewbieMinionMoveToE	0x6ae8850	0x6ae88e0	C	15	16	0x720a800
N11FrameEngine5Logic8Behavior22NewbieMinionPatrollingE	0x6ae8aa0	0x6ae8b30	C	15	16	0x720a800
N11FrameEngine5Logic8Behavior22NewbieMinionRegressionE	0x6ae8cf0	0x6ae8d80	C	15	16	0x720a800
N11FrameEngine5Logic8Behavior21NewbieMinionAttackingE	0x6ae8f40	0x6ae8fd0	C	15	16	0x720a800
N11FrameEngine5Logic8Behavior21NewbieMinionSearchingE	0x6ae9190	0x6ae9220	C	15	16	0x720a800
N11FrameEngine5Logic8Behavior16NewbieMinionNoneE	0x6ae93e0	0x6ae9470	C	15	16	0x720a800
	0x6ae9780	0x6ae9810	C	13	16	
N11FrameEngine5Logic8Behavior20CasterCloneSearchingE	0x6ae9b10	0x6ae9ba0	C	15	16	0x720a800
N11FrameEngine5Logic8Behavior15CasterCloneNoneE	0x6ae9d60	0x6ae9df0	C	15	16	0x720a800
	0x6aea100	0x6aea190	C	13	16	
N11FrameEngine5Logic8Behavior12HexRexMoveToE	0x6aea490	0x6aea520	C	15	16	0x720a800
N11FrameEngine5Logic8Behavior10HexRexNoneE	0x6aea6e0	0x6aea770	C	15	16	0x720a800
	0x6aeaa80	0x6aeab10	C	13	16	
N11FrameEngine5Logic8Behavior27SummonedHexCannonRegressionE	0x6aeae10	0x6aeaea0	C	15	16	0x720a800
N11FrameEngine5Logic8Behavior27SummonedHexCannonPatrollingE	0x6aeb060	0x6aeb0f0	C	15	16	0x720a800
	0x6aeb400	0x6aeb490	C	13	16	
N11FrameEngine5Logic8Behavior15SmallDragonNoneE	0x6aeb790	0x6aeb820	C	15	16	0x720a800
	0x6aebb30	0x6aebbc0	C	13	16	
N11FrameEngine5Logic8Behavior20RiftHeraldPatrollingE	0x6aebec0	0x6aebf50	C	15	16	0x720a800
N11FrameEngine5Logic8Behavior12SearchPolicyE	0x6aebfe8	0x6aec060	A	7	11	0x720a800
	0x6aec370	0x6aec400	C	13	16	
N11FrameEngine5Logic8Behavior24ImmovableMinionAttackingE	0x6aec700	0x6aec790	C	15	16	0x720a800
N11FrameEngine5Logic8Behavior24ImmovableMinionSearchingE	0x6aec950	0x6aec9e0	C	15	16	0x720a800
	0x6aeccf0	0x6aecd80	C	13	16	
N11FrameEngine5Logic8Behavior17MinionPatrolling2E	0x6aed080	0x6aed110	C	15	16	0x720a800
N11FrameEngine5Logic8Behavior15MinionAttackingE	0x6aed2d0	0x6aed360	C	15	16	0x720a800
N11FrameEngine5Logic8Behavior12MinionMoveToE	0x6aed520	0x6aed5b0	C	15	16	0x720a800
N11FrameEngine5Logic8Behavior10MinionNoneE	0x6aed770	0x6aed800	C	15	16	0x720a800
	0x6aedb10	0x6aedba0	C	13	16	
	0x6aedff0	0x6aee080	C	13	16	
N11FrameEngine5Logic8Behavior13YordlePigNoneE	0x6aee380	0x6aee410	C	15	16	0x720a800
N11FrameEngine5Logic8Behavior18YordlePigSearchingE	0x6aee5d0	0x6aee660	C	15	16	0x720a800
N11FrameEngine5Logic8Behavior15YordlePigMoveToE	0x6aee820	0x6aee8b0	C	15	16	0x720a800
N11FrameEngine5Logic8Behavior19YordlePigRegressionE	0x6aeea70	0x6aeeb00	C	15	16	0x720a800
N11FrameEngine5Logic8Behavior19YordlePigPatrollingE	0x6aeecc0	0x6aeed50	C	15	16	0x720a800
	0x6aef060	0x6aef0f0	C	13	16	
N11FrameEngine5Logic8Behavior17HexBaronSearchingE	0x6aef3f0	0x6aef480	C	15	16	0x720a800
	0x6aef8f0	0x6aef980	C	14	16	
	0x6aefe70	0x6aeff00	C	13	16	
N11FrameEngine5Logic8Behavior13HexPoroMoveToE	0x6af0200	0x6af0290	C	15	16	0x720a800
	0x6af05a0	0x6af0630	C	13	16	
N11FrameEngine5Logic8Behavior15WukongAttackingE	0x6af0930	0x6af09c0	C	15	16	0x720a800
N11FrameEngine5Logic8Behavior10WukongNoneE	0x6af0b80	0x6af0c10	C	15	16	0x720a800
N11FrameEngine5Logic8Behavior15WukongSearchingE	0x6af0dd0	0x6af0e60	C	15	16	0x720a800
	0x6af1170	0x6af1200	C	13	16	
N11FrameEngine5Logic14AttackerRecordE	0x6af1478	0x6af1508	F	12	13	0x720a890
	0x6af1960	0x6af19f0	C	14	16	
N11FrameEngine5Logic11MoveToProxyE	0x6af1c40	0x6af1ce0	E	9	13	0x720a800
	0x6af23d0	0x6af2460	C	14	16	
N11FrameEngine8DataSync33IActorComponentMovementMinionSyncE	0x6af2820	0x6af28b0	C	15	16	
N11FrameEngine5Logic14MovementSystemE	0x6af2908	0x6af2998	F	7	13	0x720a890
	0x6af2c40	0x6af2cd0	C	14	16	
	0x6af3110	0x6af31a0	C	14	16	
	0x6af35b0	0x6af3640	C	14	16	
	0x6af3a50	0x6af3ae0	C	14	16	
	0x6af3d70	0x6af3e00	C	15	16	
N11FrameEngine5Logic15MovementPatternE	0x6af3e58	0x6af3ee8	F	7	13	0x720a890
	0x6af4160	0x6af41f0	C	14	16	
	0x6af4600	0x6af4690	C	14	16	
	0x6af4ea0	0x6af4f30	C	14	16	
	0x6af5490	0x6af5520	C	14	16	
N11FrameEngine5Logic10AttrHookerE	0x6af56f0	0x6af5780	C	11	16	0x720a800
N11FrameEngine5Logic24BattleTaskKillContinuousE	0x6af58c0	0x6af5950	C	10	16	0x720a800
	0x6af5dc0	0x6af5e50	C	14	16	
N11FrameEngine13DataShellListIPNS_5Logic27ActorMiniMapIconVisibleDataENS_15DataShellConfig9IsDemDataENS4_10IsSyncDataENS4_12NotSharedPtrEEE	0x6af6090	0x6af6130	E	7	13	0x720a800
N11FrameEngine5Logic27ActorMiniMapIconVisibleDataE	0x6af6298	0x6af6328	F	12	13	0x720a890
N11FrameEngine5Logic27ActorMiniMapIconVisibleDataE	0x6af6400	0x6af6490	C	15	16	
N11FrameEngine5Logic16SpawnRandomGroupE	0x6af64e8	0x6af6578	F	7	13	0x720a890
N11FrameEngine8DataSync21ISpawnRandomGroupSyncE	0x6af6680	0x6af6710	C	15	16	
N11FrameEngine5Logic20BattleMonsterSpawnerE	0x6af6768	0x6af67f8	F	7	13	0x720a890
N11FrameEngine13DataShellListIPNS_5Logic13MonsterAnchorENS_15DataShellConfig9IsDemDataENS4_10IsSyncDataENS4_12NotSharedPtrEEE	0x6af6830	0x6af68d0	E	7	13	0x720a800
	0x6af6ee0	0x6af6f70	C	13	16	
N11FrameEngine13DataShellListIPNS_5Logic22MonsterAnchorActorInfoENS_15DataShellConfig9IsDemDataENS4_10IsSyncDataENS4_12NotSharedPtrEEE	0x6af7220	0x6af72c0	E	7	13	0x720a800
N11FrameEngine5Logic22MonsterAnchorActorInfoE	0x6af74c8	0x6af7558	F	12	13	0x720a890
N11FrameEngine9Interface12TriggerEventE	0x6af7560	0x6af7600	E	8	13	0x720a800
N11FrameEngine5Logic18MonsterAnchorGroupE	0x6af7600	0x6af76a0	E	9	13	0x720a800
N14DataCollectSpc21FEBattleDcPlayerMedalE	0x6af77e0	0x6af7870	C	13	16	0x720a800
N14DataCollectSpc11DcMedalDataE	0x6af78d0	0x6af7970	E	7	13	0x720a800
N14DataCollectSpc15DataCollectHookE	0x6af7998	0x6af7a10	A	7	11	0x720a800
N14DataCollectSpc17DataCollectSystemE	0x6af7aa8	0x6af7b20	A	6	11	0x720a800
N14DataCollectSpc13LiveShowDcMgrE	0x6af7b80	0x6af7c20	E	7	13	0x720a800
N14DataCollectSpc20FEBattleDcGlobalDataE	0x6af7c48	0x6af7cc0	A	6	11	0x720a800
N14DataCollectSpc28FEBattleDcStrategicPointItemE	0x6af7d20	0x6af7dc0	E	7	13	0x720a800
N14DataCollectSpc29FEBattleDcGlobalAIManagerStatE	0x6af7ef0	0x6af7f80	C	13	16	0x720a800
N14DataCollectSpc29FEBattleDcPlayerChampionDeathE	0x6af8120	0x6af81b0	C	13	16	0x720a800
N14DataCollectSpc36FEBattleDcGlobalBattleStrategicPointE	0x6af8350	0x6af83e0	C	13	16	0x720a800
N14DataCollectSpc19DcGlobalSPExtraItemE	0x6af8440	0x6af84e0	E	7	13	0x720a800
N14DataCollectSpc26DcGlobalStrategicPointItemE	0x6af8500	0x6af8580	B	6	11	0x720a800
N14DataCollectSpc18DcGlobalSPDataItemE	0x6af85e0	0x6af8680	E	7	13	0x720a800
N14DataCollectSpc18DcGlobalSPCampItemE	0x6af8670	0x6af8710	E	7	13	0x720a800
N14DataCollectSpc22FEBattleDcGlobalRemakeE	0x6af8840	0x6af88d0	C	13	16	0x720a800
N14DataCollectSpc18DcGlobalRemakeItemE	0x6af8930	0x6af89d0	E	7	13	0x720a800
N14DataCollectSpc20FEBattleDcCherryDataE	0x6af8b00	0x6af8b90	C	13	16	0x720a800
N14DataCollectSpc19CherryRoundDataItemE	0x6af8bf0	0x6af8c90	E	7	13	0x720a800
N14DataCollectSpc21FEBattleDcGlobalOtherE	0x6af8dc0	0x6af8e50	C	13	16	0x720a800
N14DataCollectSpc26FEBattleDcGlobalPlayerStatE	0x6af8ff0	0x6af9080	C	13	16	0x720a800
N14DataCollectSpc18DcUseSkillDataItemE	0x6af90e0	0x6af9180	E	7	13	0x720a800
N14DataCollectSpc15DcKillActorItemE	0x6af91a0	0x6af9220	B	6	11	0x720a800
N14DataCollectSpc14DcHurtDataItemE	0x6af9280	0x6af9320	E	7	13	0x720a800
N14DataCollectSpc20DcHurtHeroIdDataItemE	0x6af9340	0x6af93c0	B	6	11	0x720a800
N14DataCollectSpc22FEBattleDcGamePlayDataE	0x6af9560	0x6af95f0	C	13	16	0x720a800
N14DataCollectSpc24FEBattleDcGlobalMonstersE	0x6af9790	0x6af9820	C	13	16	0x720a800
N14DataCollectSpc17DcHexRexMechaItemE	0x6af9880	0x6af9920	E	7	13	0x720a800
N14DataCollectSpc19DcRexMechaSkillItemE	0x6af9940	0x6af99c0	B	6	11	0x720a800
N14DataCollectSpc20DcEnchantedPiggyItemE	0x6af9a20	0x6af9ac0	E	7	13	0x720a800
N14DataCollectSpc13DcMonsterItemE	0x6af9ab0	0x6af9b50	E	7	13	0x720a800
N14DataCollectSpc19DcMonsteBatTimeStatE	0x6af9b40	0x6af9be0	E	7	13	0x720a800
N14DataCollectSpc22DcSpiritFlowerStatItemE	0x6af9bd0	0x6af9c70	E	7	13	0x720a800
N14DataCollectSpc9DcHitItemE	0x6af9c60	0x6af9d00	E	7	13	0x720a800
N14DataCollectSpc21DcMonsterBuffDataItemE	0x6af9e00	0x6af9e80	B	7	11	0x720a800
N14DataCollectSpc17DcHexPoroDataItemE	0x6af9f10	0x6af9f90	B	6	11	0x720a800
N14DataCollectSpc37FEBattleDcPlayerSecurityEndDetailInfoE	0x6afa130	0x6afa1c0	C	13	16	0x720a800
N14DataCollectSpc34FEBattleDcHeeimerdingerTresureStatE	0x6afa360	0x6afa3f0	C	13	16	0x720a800
N14DataCollectSpc37FEBattleDcHeeimerdingerTresureRefreshE	0x6afa450	0x6afa4f0	E	7	13	0x720a800
N14DataCollectSpc34FEBattleDcHeeimerdingerTresureOpenE	0x6afa4e0	0x6afa580	E	7	13	0x720a800
N14DataCollectSpc33FEBattleDcHeeimerdingerTresureUseE	0x6afa570	0x6afa610	E	7	13	0x720a800
N14DataCollectSpc33FEBattleDcHeeimerdingerTresureHitE	0x6afa600	0x6afa6a0	E	7	13	0x720a800
N14DataCollectSpc38FEBattleDcHeeimerdingerTresureStrengthE	0x6afa6c0	0x6afa740	B	6	11	0x720a800
N14DataCollectSpc30FEBattleDcPlayerSpellUseAndHitE	0x6afa8e0	0x6afa970	C	13	16	0x720a800
N14DataCollectSpc26DcPlayerSpellUseAndHitItemE	0x6afaa00	0x6afaa80	B	6	11	0x720a800
N14DataCollectSpc21FEBattleDcGlobalPlantE	0x6afac20	0x6afacb0	C	13	16	0x720a800
N14DataCollectSpc22PlantActiveAndKillItemE	0x6afad40	0x6afadc0	B	6	11	0x720a800
N14DataCollectSpc13PlantKillItemE	0x6afae20	0x6afaec0	E	7	13	0x720a800
N14DataCollectSpc15PlantKillDetailE	0x6afaeb0	0x6afaf50	E	7	13	0x720a800
N14DataCollectSpc33FEBattleDcGlobalTowerViolentEventE	0x6afb080	0x6afb110	C	13	16	0x720a800
N14DataCollectSpc23DcTowerViolentEventItemE	0x6afb170	0x6afb210	E	7	13	0x720a800
N14DataCollectSpc23FEBattleDcGlobalInGroupE	0x6afb340	0x6afb3d0	C	13	16	0x720a800
N14DataCollectSpc28FEBattleDcPlayerEquipOperateE	0x6afb570	0x6afb600	C	13	16	0x720a800
N14DataCollectSpc28FEBattleDcPlayerSecurityDataE	0x6afb698	0x6afb710	A	6	11	0x720a800
N14DataCollectSpc29FEBattleDcPlayerApplyBuffInfoE	0x6afb770	0x6afb810	E	7	13	0x720a800
N14DataCollectSpc33FEBattleDcGlobalTowersAndSoldiersE	0x6afb940	0x6afb9d0	C	13	16	0x720a800
N14DataCollectSpc24DcBuildingHurtSlicedItemE	0x6afba30	0x6afbad0	E	7	13	0x720a800
N14DataCollectSpc15DcTowerHurtItemE	0x6afbaf0	0x6afbb70	B	6	11	0x720a800
N14DataCollectSpc32FEBattleDcPlayerSecurityDataItemE	0x6afbc08	0x6afbc80	A	6	11	0x720a800
N14DataCollectSpc18FEBattleDcItemBaseE	0x6afbd50	0x6afbde0	C	14	16	0x720a800
N14DataCollectSpc37FEBattleDcGlobalWebStrategicPointStatE	0x6afbf80	0x6afc010	C	13	16	0x720a800
N14DataCollectSpc25FEBattleDcGlobalSurrenderE	0x6afc1b0	0x6afc240	C	13	16	0x720a800
N14DataCollectSpc21DcGlobalSurrenderItemE	0x6afc2d0	0x6afc350	B	6	11	0x720a800
N14DataCollectSpc36FEBattleDcPlayerSecurityRealTimeStatE	0x6afc4f0	0x6afc580	C	13	16	0x720a800
N11FrameEngine5Logic19ActorCustomEventMgrE	0x6afc6a0	0x6afc730	C	9	16	0x720a800
N11FrameEngine5Logic19ActorCustomEventMgrE	0x6afc870	0x6afc900	C	15	16	
N11FrameEngine5Logic9SubBattleE	0x6afc958	0x6afc9e8	F	7	13	0x720a890
	0x6afcc70	0x6afcd00	C	13	16	
N11FrameEngine5Logic31LgcMsg_EVENT_CHERRY_GAME_FINISHE	0x6afd0b0	0x6afd140	C	15	16	
N11FrameEngine5Logic20GamePlayComponentMgrE	0x6afd198	0x6afd228	F	7	13	0x720a890
N11FrameEngine5Logic13PixiuStatInfoE	0x6afd510	0x6afd590	B	7	11	0x720a800
N11FrameEngine5Logic12PixiuBetInfoE	0x6afd6c8	0x6afd758	F	12	13	0x720a890
N11FrameEngine5Logic29LgcMsg_EVENT_CHERRY_TEAM_LOSSE	0x6afd960	0x6afd9f0	C	15	16	
N11FrameEngine5Logic10CherryTeamE	0x6afda78	0x6afdb08	F	11	13	0x720a890
N11FrameEngine13DataShellListIPNS_5Logic11FightRecordENS_15DataShellConfig9IsDemDataENS4_10IsSyncDataENS4_12NotSharedPtrEEE	0x6afdb10	0x6afdbb0	E	7	13	0x720a800
N11FrameEngine5Logic11FightRecordE	0x6afdc78	0x6afdd08	F	12	13	0x720a890
N11FrameEngine5Logic11FightRecordE	0x6afddd0	0x6afde60	C	15	16	
N11FrameEngine5Logic16RuinSkillShelvesE	0x6afdeb8	0x6afdf48	F	7	13	0x720a890
N11FrameEngine13DataShellListIPNS_5Logic14RuinSkillGoodsENS_15DataShellConfig10NotDemDataENS4_10IsSyncDataENS4_12NotSharedPtrEEE	0x6afdf80	0x6afe020	E	7	13	0x720a800
N11FrameEngine5Logic14RuinSkillGoodsE	0x6afe0d8	0x6afe168	F	12	13	0x720a890
N11FrameEngine5Logic14RuinSkillGoodsE	0x6afe230	0x6afe2c0	C	15	16	
N11FrameEngine5Logic16RuinEquipShelvesE	0x6afe318	0x6afe3a8	F	7	13	0x720a890
N11FrameEngine5Logic14RuinEquipGoodsE	0x6afe4a8	0x6afe538	F	12	13	0x720a890
N11FrameEngine5Logic14RuinEquipGoodsE	0x6afe610	0x6afe6a0	C	15	16	
N11FrameEngine5Logic11ForgeOptionE	0x6afe6f8	0x6afe788	F	7	13	0x720a890
N11FrameEngine8DataSync16IForgeOptionSyncE	0x6afe890	0x6afe920	C	15	16	
N11FrameEngine5Logic11ForgeOriginE	0x6afe978	0x6afea08	F	7	13	0x720a890
N11FrameEngine8DataSync16IForgeOriginSyncE	0x6afeb10	0x6afeba0	C	15	16	
N11FrameEngine5Logic23GamePlayComponentVarMgrE	0x6afebf8	0x6afec88	F	7	13	0x720a890
	0x6afeef0	0x6afef80	C	14	16	
	0x6aff350	0x6aff3e0	C	14	16	
	0x6aff7b0	0x6aff840	C	14	16	
N11FrameEngine5Logic14CustomEventMgrE	0x6b00a30	0x6b00ac0	C	11	16	0x720a800
	0x6b00fa0	0x6b01030	C	14	16	
N11FrameEngine13DataShellListIPNS_5Logic15MonsterBehaviorENS_15DataShellConfig9IsDemDataENS4_10IsSyncDataENS4_12NotSharedPtrEEE	0x6b01270	0x6b01310	E	7	13	0x720a800
N11FrameEngine13DataShellListIPNS_5Logic13CustomVarBaseENS_15DataShellConfig9IsDemDataENS4_11NotSyncDataENS4_12NotSharedPtrEEE	0x6b01300	0x6b013a0	E	7	13	0x720a800
N11FrameEngine5Logic33BattleTaskHurtWithinSpecifiedTimeE	0x6b01470	0x6b01500	C	10	16	0x720a800
N11FrameEngine5Logic20BattleTaskHurtedInfoE	0x6b01560	0x6b01600	E	7	13	0x720a800
N11FrameEngine5Logic38BattleTaskKillWithSkillInSpecifiedTimeE	0x6b016d0	0x6b01760	C	10	16	0x720a800
N11FrameEngine5Logic22BattleTaskHurtHeroInfoE	0x6b017c0	0x6b01860	E	7	13	0x720a800
N11FrameEngine5Logic22BattleTaskHurtHeroInfoE	0x6b01920	0x6b019b0	C	15	16	
N11FrameEngine5Logic15VirtualSkillMgrE	0x6b01a08	0x6b01a98	F	7	13	0x720a890
N11FrameEngine19DataShellDictionaryIiPNS_5Logic10ActorSkillENS_15DataShellConfig9IsDemDataENS4_10IsSyncDataENS4_12NotSharedPtrEEE	0x6b01af0	0x6b01b80	C	10	16	0x720a800
N11FrameEngine5Logic16StandSectorTableE	0x6b01c18	0x6b01c90	A	7	11	0x720a800
	0x6b02100	0x6b02190	C	14	16	
N11FrameEngine19DataShellDictionaryIiPNS_5Logic23SkillHurtStrengthenUnitENS_15DataShellConfig9IsDemDataENS4_11NotSyncDataENS4_12NotSharedPtrEEE	0x6b023f0	0x6b02480	C	10	16	0x720a800
N11FrameEngine5Logic23SkillHurtStrengthenUnitE	0x6b024f0	0x6b02590	E	9	13	0x720a800
N11FrameEngine13DataShellListIPNS_5Logic26SkillHurtStrengthenUnitRefENS_15DataShellConfig9IsDemDataENS4_11NotSyncDataENS4_12NotSharedPtrEEE	0x6b02580	0x6b02620	E	7	13	0x720a800
N11FrameEngine5Logic26SkillHurtStrengthenUnitRefE	0x6b02640	0x6b026d0	C	11	16	0x720a800
	0x6b02b50	0x6b02be0	C	14	16	
N11FrameEngine5Logic14BattleTaskBaseE	0x6b02fa0	0x6b03030	C	10	16	0x720a800
N11FrameEngine5Logic17BuffLateUpdateMgrE	0x6b030c8	0x6b03140	A	7	11	0x720a800
N11FrameEngine5Logic16C4SkinStatueInfoE	0x6b031a0	0x6b03240	E	8	13	0x720a800
	0x6b03640	0x6b036d0	C	14	16	
N3RVO5AgentE	0x6b03940	0x6b039c0	B	7	11	0x720a800
N3RVO9SimulatorE	0x6b03a58	0x6b03ad0	A	7	11	0x720a800
N3RVO9SimulatorE	0x6b03c00	0x6b03c90	C	15	16	
N11FrameEngine5Logic17BattleDisguiseMgrE	0x6b03ce8	0x6b03d78	F	7	13	0x720a890
N11FrameEngine5Logic18BattleDisguiseNodeE	0x6b03e88	0x6b03f18	F	12	13	0x720a890
	0x6b045b0	0x6b04640	C	14	16	
N11FrameEngine5Logic17HeroKilledSumDataE	0x6b04a08	0x6b04a98	F	12	13	0x720a890
N11FrameEngine19DataShellDictionaryImPNS_5Logic14KillAssistInfoENS_15DataShellConfig10NotDemDataENS4_10IsSyncDataENS4_12NotSharedPtrEEE	0x6b04ac0	0x6b04b50	C	10	16	0x720a800
N11FrameEngine5Logic18KillAssistSnapshotE	0x6b04bb0	0x6b04c50	E	8	13	0x720a800
N11FrameEngine5Logic14AssistSnapshotE	0x6b04c40	0x6b04ce0	E	8	13	0x720a800
N14DataCollectSpc22FEBattleDcGlobalSignalE	0x6b04e10	0x6b04ea0	C	13	16	0x720a800
N11FrameEngine4Data3Cmd14TutorialCmdMgrE	0x6b05000	0x6b05090	C	10	16	0x720a800
N11FrameEngine6Common2AI10AiHookArgsE	0x6b050f0	0x6b05190	E	7	13	0x720a800
N11FrameEngine5Logic26LgcMsg_SKILL_LEVEL_UPGRADEE	0x6b053a0	0x6b05430	C	15	16	
N11FrameEngine4Data3Cmd17GMLgcCmdProcessorE	0x6b05498	0x6b05528	F	8	13	0x720a890
N11FrameEngine4Data3Cmd26GMLgcVariableGlobalContextE	0x6b05560	0x6b05600	E	8	13	0x720a800
N11FrameEngine4Data3Cmd21GmLgcCommonActionUtilE	0x6b056a0	0x6b05730	C	9	16	0x720a800
N11FrameEngine4Data3Cmd20GMLgcVariableContextE	0x6b05860	0x6b058e0	B	7	11	0x720a800
N11FrameEngine4Data3Cmd20GmLgcSceneActionUtilE	0x6b08340	0x6b083d0	C	9	16	0x720a800
N11FrameEngine4Data3Cmd15GmLgcActionUtilE	0x6b08460	0x6b084f0	C	11	16	0x720a800
N11FrameEngine4Data3Cmd21GmLgcCameraActionUtilE	0x6b08750	0x6b087e0	C	9	16	0x720a800
N11FrameEngine4Data3Cmd18GmLgcCmdModifyAttrE	0x6b08980	0x6b08a10	C	13	16	0x720a800
N11FrameEngine4Data3Cmd26GmLgcCmdSwitchAutoIncMoneyE	0x6b08bb0	0x6b08c40	C	13	16	0x720a800
N11FrameEngine4Data3Cmd31GmLgcCmdSwitchWorkFlowProfilierE	0x6b08de0	0x6b08e70	C	13	16	0x720a800
N11FrameEngine4Data3Cmd23GmLgcCmdSwitchCloseRuneE	0x6b09010	0x6b090a0	C	13	16	0x720a800
N11FrameEngine4Data3Cmd31GmSwitchCmdTargetSelectionDebugE	0x6b09240	0x6b092d0	C	13	16	0x720a800
N11FrameEngine4Data3Cmd21GmLgcCmdSwitchSkillCDE	0x6b09470	0x6b09500	C	13	16	0x720a800
N11FrameEngine4Data3Cmd27GmLgcCmdSwitchAutoNrmAttackE	0x6b096a0	0x6b09730	C	13	16	0x720a800
N11FrameEngine4Data3Cmd23GmLgcCmdSwitchAIManagedE	0x6b098d0	0x6b09960	C	13	16	0x720a800
N11FrameEngine4Data3Cmd29GmLgcCmdSwitchRefreshBuildingE	0x6b09b00	0x6b09b90	C	13	16	0x720a800
N11FrameEngine4Data3Cmd22GmLgcCmdSwitchBuffTimeE	0x6b09d30	0x6b09dc0	C	13	16	0x720a800
N11FrameEngine4Data3Cmd24GmLgcCmdExcuteWeTestCodeE	0x6b09f60	0x6b09ff0	C	13	16	0x720a800
N11FrameEngine4Data3Cmd25GmLgcCmdSwitchSyncAiLevelE	0x6b0a190	0x6b0a220	C	13	16	0x720a800
N11FrameEngine9Interface32FEEventMsgGMLgcSwitchShowAiLevelE	0x6b0a3e0	0x6b0a470	C	10	16	0x720a800
N11FrameEngine4Data3Cmd17GmLgcCmdSwitchSDFE	0x6b0a610	0x6b0a6a0	C	13	16	0x720a800
N11FrameEngine4Data3Cmd26GmLgcCmdSwitchSkillConsumeE	0x6b0a840	0x6b0a8d0	C	13	16	0x720a800
N11FrameEngine4Data3Cmd25GmLgcCmdSwitchBehaviorFSME	0x6b0aa70	0x6b0ab00	C	13	16	0x720a800
N11FrameEngine4Data3Cmd17GmLgcCmdSwitchFowE	0x6b0aca0	0x6b0ad30	C	13	16	0x720a800
N11FrameEngine4Data3Cmd20GmLgcCmdActionAddPetE	0x6b0aed0	0x6b0af60	C	13	16	0x720a800
N11FrameEngine4Data3Cmd30GmLgcCmdActionPerformanceDebugE	0x6b0b100	0x6b0b190	C	13	16	0x720a800
N11FrameEngine4Data3Cmd38GmLgcCmdActionJumpToSpecifiedCherryMapE	0x6b0b330	0x6b0b3c0	C	13	16	0x720a800
N11FrameEngine4Data3Cmd24GmLgcCmdAIAllHeroRecoverE	0x6b0b560	0x6b0b5f0	C	13	16	0x720a800
N11FrameEngine4Data3Cmd25GmLgcCmdActionModBuffTimeE	0x6b0b790	0x6b0b820	C	13	16	0x720a800
N11FrameEngine4Data3Cmd31GmLgcCmdActionAddTeamHeroWithAIE	0x6b0b9c0	0x6b0ba50	C	13	16	0x720a800
N11FrameEngine4Data3Cmd33GmLgcCmdActionArmorAntiMgcHundredE	0x6b0bd10	0x6b0bda0	C	13	16	0x720a800
N11FrameEngine4Data3Cmd27GmLgcCmdActionHeroBornDebugE	0x6b0bf40	0x6b0bfd0	C	13	16	0x720a800
N11FrameEngine4Data3Cmd26GmLgcCmdActionSkipCurRoundE	0x6b0c170	0x6b0c200	C	13	16	0x720a800
N11FrameEngine6Common17SharedCustomEventE	0x6b0c260	0x6b0c300	E	8	13	0x720a800
N11FrameEngine4Data3Cmd26GmLgcCmdActionAddEnemyHeroE	0x6b0c430	0x6b0c4c0	C	13	16	0x720a800
N11FrameEngine4Data3Cmd25GmLgcCmdActionAddTeamHeroE	0x6b0c660	0x6b0c6f0	C	13	16	0x720a800
N11FrameEngine4Data3Cmd24GmLgcCmdActionModFBParamE	0x6b0c890	0x6b0c920	C	13	16	0x720a800
N11FrameEngine4Data3Cmd32GmLgcCmdActionAddEnemyHeroWithAIE	0x6b0cac0	0x6b0cb50	C	13	16	0x720a800
N11FrameEngine4Data3Cmd26GmLgcCmdActionAllAILevelUpE	0x6b0ccf0	0x6b0cd80	C	13	16	0x720a800
N11FrameEngine4Data3Cmd30GmLgcCmdActionIgnoreFEMemLimitE	0x6b0cf20	0x6b0cfb0	C	13	16	0x720a800
N11FrameEngine4Data3Cmd29GmLgcCmdActionAddSpecTeamHeroE	0x6b0d150	0x6b0d1e0	C	13	16	0x720a800
N11FrameEngine4Data3Cmd30GmLgcCmdActionArmorAntiMgcZeroE	0x6b0d380	0x6b0d410	C	13	16	0x720a800
N11FrameEngine4Data3Cmd33GmLgcCmdActionReplaceRecallEffectE	0x6b0d5b0	0x6b0d640	C	13	16	0x720a800
N11FrameEngine4Data3Cmd30GmLgcCmdActionChangeResultDataE	0x6b0d880	0x6b0d910	C	13	16	0x720a800
N11FrameEngine4Data3Cmd29GmLgcCmdActionSetHexarunePoolE	0x6b0dab0	0x6b0db40	C	13	16	0x720a800
N11FrameEngine4Data3Cmd22GmLgcCmdActionAddMoneyE	0x6b0dce0	0x6b0dd70	C	13	16	0x720a800
N11FrameEngine4Data3Cmd34GmLgcCmdActionSwitchCurrentElementE	0x6b0df10	0x6b0dfa0	C	13	16	0x720a800
N11FrameEngine4Data3Cmd34GmLgcCmdActionAllEnemyCombatMarkerE	0x6b0e1e0	0x6b0e270	C	13	16	0x720a800
N11FrameEngine4Data3Cmd24GmLgcCmdActionCommonAIGME	0x6b0e410	0x6b0e4a0	C	13	16	0x720a800
N11FrameEngine4Data3Cmd29GmLgcCmdActionAISaveHeroStackE	0x6b0e640	0x6b0e6d0	C	13	16	0x720a800
N11FrameEngine4Data3Cmd27GmLgcCmdActionLuaCommandExcE	0x6b0e870	0x6b0e900	C	13	16	0x720a800
N11FrameEngine4Data3Cmd23GmLgcCmdActionClearBuffE	0x6b0eaa0	0x6b0eb30	C	13	16	0x720a800
N11FrameEngine4Data3Cmd23GmActionCmdLgcFlowEventE	0x6b0ecd0	0x6b0ed60	C	13	16	0x720a800
N11FrameEngine4Data3Cmd29GmLgcCmdActionModifyHeroModelE	0x6b0efa0	0x6b0f030	C	13	16	0x720a800
N11FrameEngine4Data3Cmd24GmLgcCmdActionSetHeroPosE	0x6b0f1d0	0x6b0f260	C	13	16	0x720a800
N11FrameEngine4Data3Cmd27GmLgcCmdActionClearNSecBuffE	0x6b0f400	0x6b0f490	C	13	16	0x720a800
N11FrameEngine4Data3Cmd29GmLgcCmdActionAddBuffToTargetE	0x6b0f630	0x6b0f6c0	C	13	16	0x720a800
N11FrameEngine4Data3Cmd33GmLgcCmdActionAllAllyCombatMarkerE	0x6b0f860	0x6b0f8f0	C	13	16	0x720a800
N11FrameEngine4Data3Cmd23GmLgcCmdActionSelectNPCE	0x6b0fa90	0x6b0fb20	C	13	16	0x720a800
N11FrameEngine4Data3Cmd28GmLgcCmdActionActorApplyBuffE	0x6b0fcc0	0x6b0fd50	C	13	16	0x720a800
N11FrameEngine4Data3Cmd25GmLgcCmdAllAIHeroMaxLevelE	0x6b0fef0	0x6b0ff80	C	13	16	0x720a800
N11FrameEngine4Data3Cmd33GmLgcCmdActionBattleCountDownTimeE	0x6b10120	0x6b101b0	C	13	16	0x720a800
N11FrameEngine4Data3Cmd28GmLgcCmdActionClearEquipmentE	0x6b10350	0x6b103e0	C	13	16	0x720a800
N11FrameEngine4Data3Cmd20GmLgcCmdActionEasyGME	0x6b10580	0x6b10610	C	13	16	0x720a800
N11FrameEngine4Data3Cmd27GmActionCmdLgcModTowerParamE	0x6b10850	0x6b108e0	C	13	16	0x720a800
N11FrameEngine4Data3Cmd21GmLgcCmdActionAddBuffE	0x6b10a80	0x6b10b10	C	13	16	0x720a800
N11FrameEngine4Data3Cmd31GMActionCmdLgcAdjustGlobalValueE	0x6b10cb0	0x6b10d40	C	13	16	0x720a800
N11FrameEngine4Data3Cmd24GmLgcCmdActionRemoveGainE	0x6b10ee0	0x6b10f70	C	13	16	0x720a800
N11FrameEngine4Data3Cmd33GmLgcCmdActionAllEnemySightMarkerE	0x6b11110	0x6b111a0	C	13	16	0x720a800
N11FrameEngine4Data3Cmd29GmLgcCmdActionKillSummonActorE	0x6b11340	0x6b113d0	C	13	16	0x720a800
N11FrameEngine4Data3Cmd27GmLgcCmdActionAllAIAddMoneyE	0x6b11570	0x6b11600	C	13	16	0x720a800
N11FrameEngine4Data3Cmd39GmLgcCmdActionShortenTheTimeToSurrenderE	0x6b117a0	0x6b11830	C	13	16	0x720a800
N11FrameEngine4Data3Cmd23GmLgcCmdActionForceKillE	0x6b119d0	0x6b11a60	C	13	16	0x720a800
N11FrameEngine4Data3Cmd28GmLgcCmdActionCommonSetValueE	0x6b11c00	0x6b11c90	C	13	16	0x720a800
N11FrameEngine4Data3Cmd26GmLgcCmdActionModBuffStackE	0x6b11e30	0x6b11ec0	C	13	16	0x720a800
N11FrameEngine4Data3Cmd26GmLgcCmdActionAddEquipmentE	0x6b12060	0x6b120f0	C	13	16	0x720a800
N11FrameEngine4Data3Cmd11CmdValueMgrE	0x6b12188	0x6b12200	A	7	11	0x720a800
N11FrameEngine4Data3Cmd12CmdDumpQueueE	0x6b12260	0x6b12300	E	7	13	0x720a800
N11FrameEngine4Data3Cmd6CmdMgrE	0x6b12340	0x6b123d0	C	10	16	0x720a800
N11FrameEngine5Logic37LgcMsg_EVENT_CMD_RESPONSE_INTERACTIONE	0x6b129f0	0x6b12a80	C	10	16	0x720a800
N11FrameEngine11DataCmdRootE	0x6b13448	0x6b134c0	A	6	11	0x720a800
	0x6b13930	0x6b139c0	C	14	16	
N11FrameEngine5Logic15BattleEventNodeE	0x6b13c30	0x6b13cc0	C	11	16	0x720a800
	0x6b14060	0x6b140f0	C	14	16	
	0x6b14560	0x6b145f0	C	13	16	
	0x6b14ba0	0x6b14c30	C	14	16	
N11FrameEngine5Logic18MultiSkillHurtInfoE	0x6b14e70	0x6b14f10	E	8	13	0x720a800
N11FrameEngine5Logic19MultiSkillGroupInfoE	0x6b14f00	0x6b14fa0	E	8	13	0x720a800
N11FrameEngine5Logic22MultiSkillObjCacheInfoE	0x6b14f90	0x6b15030	E	8	13	0x720a800
N11FrameEngine5Logic26MultiSkillHurtInfoSkillRefE	0x6b15020	0x6b150c0	E	8	13	0x720a800
N11FrameEngine5Logic26MultiSkillHurtInfoSkillRefE	0x6b15180	0x6b15210	C	15	16	
N11FrameEngine5Logic14KillAssistInfoE	0x6b15268	0x6b152f8	F	7	13	0x720a890
N11FrameEngine19DataShellDictionaryIiPNS_5Logic13SkillHurtInfoENS_15DataShellConfig9IsDemDataENS4_10IsSyncDataENS4_12NotSharedPtrEEE	0x6b15350	0x6b153e0	C	10	16	0x720a800
N11FrameEngine5Logic25BattleTaskKillBuffOnEnemyE	0x6b15520	0x6b155b0	C	10	16	0x720a800
	0x6b15a20	0x6b15ab0	C	14	16	
N11FrameEngine13DataShellListIPNS_5Logic19EquipStatSellBackUpENS_15DataShellConfig9IsDemDataENS4_11NotSyncDataENS4_12NotSharedPtrEEE	0x6b15cf0	0x6b15d90	E	7	13	0x720a800
N11FrameEngine13DataShellListIPNS_5Logic23EquipStatTransferRecordENS_15DataShellConfig9IsDemDataENS4_11NotSyncDataENS4_12NotSharedPtrEEE	0x6b15d80	0x6b15e20	E	7	13	0x720a800
N11FrameEngine13DataShellListIPNS_5Logic13EquipStatDataENS_15DataShellConfig9IsDemDataENS4_10IsSyncDataENS4_12NotSharedPtrEEE	0x6b15e10	0x6b15eb0	E	7	13	0x720a800
N11FrameEngine19DataShellDictionaryIiPNS_5Logic18PriceModifiedEquipENS_15DataShellConfig9IsDemDataENS4_10IsSyncDataENS4_12NotSharedPtrEEE	0x6b15ec0	0x6b15f50	C	10	16	0x720a800
N11FrameEngine13DataShellListIPNS_5Logic15EquipPurchaseCDENS_15DataShellConfig9IsDemDataENS4_10IsSyncDataENS4_12NotSharedPtrEEE	0x6b15fb0	0x6b16050	E	7	13	0x720a800
N11FrameEngine13DataShellListIPNS_5Logic12EquipBoxDataENS_15DataShellConfig9IsDemDataENS4_10IsSyncDataENS4_12NotSharedPtrEEE	0x6b16040	0x6b160e0	E	7	13	0x720a800
N11FrameEngine19DataShellDictionaryIiPNS_5Logic26DynamicBattleEquipAttrListENS_15DataShellConfig9IsDemDataENS4_10IsSyncDataENS4_12NotSharedPtrEEE	0x6b160f0	0x6b16180	C	10	16	0x720a800
N11FrameEngine13DataShellListIPNS_5Logic9EquipSlotENS_15DataShellConfig9IsDemDataENS4_10IsSyncDataENS4_12NotSharedPtrEEE	0x6b161e0	0x6b16280	E	7	13	0x720a800
N11FrameEngine5Logic9EquipSlotE	0x6b16658	0x6b166e8	F	12	13	0x720a890
N11FrameEngine5Logic15EquipPurchaseCDE	0x6b167c8	0x6b16858	F	12	13	0x720a890
N11FrameEngine5Logic12EquipBoxDataE	0x6b16938	0x6b169c8	F	12	13	0x720a890
N11FrameEngine5Logic18PriceModifiedEquipE	0x6b16aa8	0x6b16b38	F	12	13	0x720a890
N11FrameEngine5Logic13EquipStatDataE	0x6b16c18	0x6b16ca8	F	12	13	0x720a890
N11FrameEngine5Logic23EquipStatTransferRecordE	0x6b16cc0	0x6b16d60	E	9	13	0x720a800
N11FrameEngine5Logic19EquipStatSellBackUpE	0x6b16d60	0x6b16e00	E	9	13	0x720a800
N11FrameEngine6Common14SkillCastParamE	0x6b16df0	0x6b16e90	E	8	13	0x720a800
N11FrameEngine6Common14ActivitiesNodeE	0x6b16f10	0x6b16fb0	E	7	13	0x720a800
N11FrameEngine6Common24WorkFlowSerializedObjectE	0x6b17270	0x6b17310	E	6	13	0x720a800
N11FrameEngine6Common19ActivitiesResObjectE	0x6b172a0	0x6b17330	C	10	16	0x720a800
N11FrameEngine6Common18AFKConfigResObjectE	0x6b17400	0x6b174a0	E	7	13	0x720a800
N11FrameEngine6Common15AICherryCtrlCfgE	0x6b17520	0x6b175c0	E	7	13	0x720a800
N11FrameEngine6Common9AICtrlCfgE	0x6b17640	0x6b176e0	E	7	13	0x720a800
N11FrameEngine6Common29AIDataCollectInGroupResObjectE	0x6b17760	0x6b17800	E	7	13	0x720a800
N11FrameEngine6Common14AIEffectConfigE	0x6b177f0	0x6b17890	E	7	13	0x720a800
N11FrameEngine6Common24AIGlobalSettingResObjectE	0x6b179b0	0x6b17a40	C	8	16	0x720a800
N11FrameEngine6Common25IdleAIRankWeightResObjectE	0x6b17aa0	0x6b17b40	E	7	13	0x720a800
N11FrameEngine6Common17AIHeroOrientationE	0x6b17b30	0x6b17bd0	E	7	13	0x720a800
N11FrameEngine6Common24AISkillDamageTriggerTimeE	0x6b17c50	0x6b17cf0	E	7	13	0x720a800
N11FrameEngine6Common16AISkillLabelConfE	0x6b17e00	0x6b17ea0	E	7	13	0x720a800
N11FrameEngine6Common15AISkillLearnSeqE	0x6b17f20	0x6b17fc0	E	7	13	0x720a800
N11FrameEngine6Common16AISkillToMonsterE	0x6b18040	0x6b180e0	E	7	13	0x720a800
N11FrameEngine6Common11AssetObjectE	0x6b18160	0x6b18200	E	7	13	0x720a800
N11FrameEngine6Common13AttrValueItemE	0x6b183a0	0x6b18440	E	7	13	0x720a800
N11FrameEngine6Common21BaseChampionResObjectE	0x6b185f0	0x6b18680	C	8	16	0x720a800
N11FrameEngine6Common24BattleEventConditionInfoE	0x6b18e30	0x6b18ed0	E	7	13	0x720a800
N11FrameEngine6Common20BattleEventResObjectE	0x6b18ff0	0x6b19080	C	8	16	0x720a800
N11FrameEngine6Common15FlowAssetObjectE	0x6b190e0	0x6b19180	E	8	13	0x720a800
N11FrameEngine6Common28BattleGlobalSettingResObjectE	0x6b192a0	0x6b19330	C	8	16	0x720a800
N11FrameEngine6Common18WardSkillResObjectE	0x6b19430	0x6b194c0	C	8	16	0x720a800
N11FrameEngine6Common28BattleNegativeEventResObjectE	0x6b19640	0x6b196e0	E	7	13	0x720a800
N11FrameEngine6Common28BattleScoringDataCollectInfoE	0x6b196d0	0x6b19770	E	7	13	0x720a800
N11FrameEngine6Common27BattleSpecialEventResObjectE	0x6b19910	0x6b199b0	E	7	13	0x720a800
N11FrameEngine6Common20BehaviorRelationUnitE	0x6b19a30	0x6b19ad0	E	7	13	0x720a800
N11FrameEngine6Common11BestPartnerE	0x6b19ac0	0x6b19b60	E	8	13	0x720a800
N11FrameEngine6Common19BuffLayerReportInfoE	0x6b19c70	0x6b19d10	E	7	13	0x720a800
N11FrameEngine6Common13BuffLevelDataE	0x6b19d00	0x6b19da0	E	7	13	0x720a800
N11FrameEngine6Common16BuffRelationUnitE	0x6b19e20	0x6b19ec0	E	8	13	0x720a800
N11FrameEngine6Common13BuffResObjectE	0x6b19f50	0x6b19fe0	C	8	16	0x720a800
N11FrameEngine6Common12BuffTipsInfoE	0x6b1a070	0x6b1a0f0	B	6	11	0x720a800
N11FrameEngine6Common19ChampionAssetObjectE	0x6b1a318	0x6b1a3a8	F	12	13	0x720a890
N11FrameEngine6Common21ChampionCareerTagItemE	0x6b1a3b0	0x6b1a450	E	7	13	0x720a800
N11FrameEngine6Common18ChampionDeckWeightE	0x6b1a4d0	0x6b1a570	E	7	13	0x720a800
N11FrameEngine6Common19SkinSkillGemAddInfoE	0x6b1a680	0x6b1a720	E	7	13	0x720a800
N11FrameEngine6Common17ChampionResObjectE	0x6b1a820	0x6b1a8b0	C	9	16	0x720a800
N11FrameEngine6Common30ChampionSpellBookCareerTagItemE	0x6b1a910	0x6b1a9b0	E	7	13	0x720a800
N11FrameEngine6Common15ChampionTagItemE	0x6b1aa30	0x6b1aad0	E	7	13	0x720a800
N11FrameEngine6Common14ChampionWeightE	0x6b1ab50	0x6b1abf0	E	7	13	0x720a800
N11FrameEngine6Common17ChangeModelConfigE	0x6b1abe0	0x6b1ac80	E	7	13	0x720a800
N11FrameEngine6Common17CherryAwardConfigE	0x6b1ad90	0x6b1ae30	E	7	13	0x720a800
N11FrameEngine6Common22CherryAwardGroupConfigE	0x6b1ae20	0x6b1aec0	E	7	13	0x720a800
N11FrameEngine6Common19CherryConfigResInfoE	0x6b1af40	0x6b1afe0	E	7	13	0x720a800
N11FrameEngine6Common14CherryGainConfE	0x6b1b060	0x6b1b100	E	7	13	0x720a800
N11FrameEngine6Common15CherryRoundDataE	0x6b1b210	0x6b1b2b0	E	7	13	0x720a800
N11FrameEngine6Common17CommonAssetObjectE	0x6b1b3c0	0x6b1b460	E	8	13	0x720a800
N11FrameEngine6Common24ControlPatternParamsDataE	0x6b1b570	0x6b1b610	E	7	13	0x720a800
N11FrameEngine6Common11CustomEventE	0x6b1b720	0x6b1b7c0	E	8	13	0x720a800
N11FrameEngine6Common14CustomVariableE	0x6b1b7b0	0x6b1b850	E	7	13	0x720a800
N11FrameEngine6Common24DecorationSkillResObjectE	0x6b1b8e0	0x6b1b970	C	8	16	0x720a800
N11FrameEngine6Common20DoomDifficultyConfigE	0x6b1b9d0	0x6b1ba70	E	7	13	0x720a800
N11FrameEngine6Common20EffectGroupResObjectE	0x6b1bb90	0x6b1bc20	C	8	16	0x720a800
N11FrameEngine6Common15EffectLevelDataE	0x6b1bc80	0x6b1bd20	E	7	13	0x720a800
N11FrameEngine6Common15EffectResObjectE	0x6b1bd80	0x6b1be20	E	6	13	0x720a800
N11FrameEngine6Common16EffectResAddBuffE	0x6b1bf40	0x6b1bfd0	C	8	16	0x720a800
N11FrameEngine6Common22EffectResClearBuffByIDE	0x6b1cbd0	0x6b1cc60	C	8	16	0x720a800
N11FrameEngine6Common24EffectResClearBuffByTypeE	0x6b1cd60	0x6b1cdf0	C	8	16	0x720a800
N11FrameEngine6Common14EffectResDodgeE	0x6b1d7f0	0x6b1d880	C	8	16	0x720a800
N11FrameEngine6Common23EffectResImmuneBuffTypeE	0x6b1e280	0x6b1e310	C	8	16	0x720a800
N11FrameEngine6Common22EffectResImmuneControlE	0x6b1e410	0x6b1e4a0	C	8	16	0x720a800
N11FrameEngine6Common19EffectResKillSummonE	0x6b1e9a0	0x6b1ea30	C	8	16	0x720a800
N11FrameEngine6Common14EffectResModCDE	0x6b1f130	0x6b1f1c0	C	8	16	0x720a800
N11FrameEngine6Common20EffectResResetBuffCDE	0x6b206c0	0x6b20750	C	8	16	0x720a800
N11FrameEngine6Common18EffectResStopSkillE	0x6b21050	0x6b210e0	C	8	16	0x720a800
N11FrameEngine6Common14EquipBoxConfigE	0x6b21a40	0x6b21ae0	E	7	13	0x720a800
N11FrameEngine6Common23EquipProgrammeResObjectE	0x6b21b70	0x6b21c00	C	8	16	0x720a800
N11FrameEngine6Common14EquipResObjectE	0x6b21d00	0x6b21d90	C	8	16	0x720a800
N11FrameEngine6Common25EquipResObject_EquipSkillE	0x6b21df0	0x6b21e90	E	7	13	0x720a800
N11FrameEngine6Common24EquipResObject_SkillAttrE	0x6b21e80	0x6b21f20	E	7	13	0x720a800
N11FrameEngine6Common19EquipStaticDataNodeE	0x6b22150	0x6b221f0	E	7	13	0x720a800
N11FrameEngine6Common14ExpMoneyReviseE	0x6b22300	0x6b223a0	E	7	13	0x720a800
N11FrameEngine6Common17FFAScoreResObjectE	0x6b22550	0x6b225e0	C	8	16	0x720a800
N11FrameEngine6Common15FilterResObjectE	0x6b22750	0x6b227e0	C	8	16	0x720a800
N11FrameEngine6Common8VarUniteE	0x6b22840	0x6b228e0	E	8	13	0x720a800
N11FrameEngine6Common8FixCurveINS0_5Fix64EEE	0x6b22b10	0x6b22bb0	E	7	13	0x720a800
N11FrameEngine6Common21FlowSkinUpgradeConfigE	0x6b22c30	0x6b22cd0	E	8	13	0x720a800
N11FrameEngine6Common32FlowNodeConnected_ConnectedTrackE	0x6b22cc0	0x6b22d60	E	8	13	0x720a800
	0x6b23200	0x6b23290	C	14	16	
N11FrameEngine6Common15FowMapCellPatchE	0x6b23810	0x6b238b0	E	7	13	0x720a800
N11FrameEngine6Common16FowRadiusFixInfoE	0x6b238a0	0x6b23940	E	7	13	0x720a800
N11FrameEngine6Common18FreeSkillResObjectE	0x6b23a60	0x6b23af0	C	8	16	0x720a800
N11FrameEngine6Common15GainAssetObjectE	0x6b23c70	0x6b23d10	E	8	13	0x720a800
N11FrameEngine6Common25GainChampionDeckResObjectE	0x6b23da0	0x6b23e30	C	8	16	0x720a800
N11FrameEngine6Common19GainDeckAssetObjectE	0x6b23e90	0x6b23f30	E	8	13	0x720a800
N11FrameEngine6Common17GainDeckResObjectE	0x6b23fc0	0x6b24050	C	8	16	0x720a800
N11FrameEngine6Common18GainGroupResObjectE	0x6b24150	0x6b241e0	C	8	16	0x720a800
N11FrameEngine6Common16GainIdConfigDataE	0x6b24240	0x6b242e0	E	7	13	0x720a800
N11FrameEngine6Common16GainIdEnableDataE	0x6b24360	0x6b24400	E	7	13	0x720a800
N11FrameEngine6Common19GainProbAssetObjectE	0x6b24480	0x6b24520	E	7	13	0x720a800
N11FrameEngine6Common12GainProbItemE	0x6b24510	0x6b245b0	E	7	13	0x720a800
N11FrameEngine6Common13GainResObjectE	0x6b24760	0x6b247f0	C	8	16	0x720a800
N11FrameEngine6Common21GainWeightAssetObjectE	0x6b24850	0x6b248f0	E	7	13	0x720a800
N11FrameEngine6Common21GainWeightControlDataE	0x6b248e0	0x6b24980	E	7	13	0x720a800
N11FrameEngine6Common14GainWeightItemE	0x6b24a00	0x6b24aa0	E	7	13	0x720a800
N11FrameEngine6Common15GainWeightTableE	0x6b24b20	0x6b24bc0	E	7	13	0x720a800
N11FrameEngine6Common28GamePlayComponentAssetObjectE	0x6b24bb0	0x6b24c50	E	8	13	0x720a800
N11FrameEngine6Common33GamePlayComponentGroupAssetObjectE	0x6b24c40	0x6b24ce0	E	8	13	0x720a800
N11FrameEngine6Common34GamePlayComponentGroupRefResObjectE	0x6b24cd0	0x6b24d70	E	7	13	0x720a800
N11FrameEngine6Common29GamePlayComponentRefResObjectE	0x6b24df0	0x6b24e90	E	7	13	0x720a800
N11FrameEngine6Common26GamePlayComponentResObjectE	0x6b24f20	0x6b24fb0	C	8	16	0x720a800
N11FrameEngine6Common23GamePlayConfigResObjectE	0x6b250b0	0x6b25140	C	8	16	0x720a800
N11FrameEngine6Common18GemGeneralTipParamE	0x6b251a0	0x6b25240	E	7	13	0x720a800
N11FrameEngine6Common25GlobalChaosZoneBuffConfigE	0x6b25230	0x6b252d0	E	7	13	0x720a800
N11FrameEngine6Common28GlobalChaosZoneBuffResObjectE	0x6b25360	0x6b253f0	C	8	16	0x720a800
N11FrameEngine6Common34GlobalChaosZoneHeroAttrTrendConfigE	0x6b25450	0x6b254f0	E	7	13	0x720a800
N11FrameEngine6Common44GlobalChaosZoneHeroAttrTrendConfig_AttrTrendE	0x6b254e0	0x6b25580	E	7	13	0x720a800
N11FrameEngine6Common13GlobalResInfoE	0x6b25600	0x6b256a0	E	7	13	0x720a800
N11FrameEngine6Common18GPCFlowAssetObjectE	0x6b25840	0x6b258e0	E	8	13	0x720a800
N11FrameEngine6Common16GPCFlowResObjectE	0x6b258d0	0x6b25970	E	7	13	0x720a800
N11FrameEngine6Common24HangupEnterInfoResObjectE	0x6b259f0	0x6b25a90	E	7	13	0x720a800
N11FrameEngine6Common17HeroAttrLevelDataE	0x6b25a80	0x6b25b20	E	7	13	0x720a800
N11FrameEngine6Common16HeroBaseAttrDataE	0x6b25ba0	0x6b25c40	E	7	13	0x720a800
N11FrameEngine6Common13HeroLvExpDataE	0x6b25cc0	0x6b25d60	E	7	13	0x720a800
N11FrameEngine6Common15HeroRuneReplaceE	0x6b25de0	0x6b25e80	E	7	13	0x720a800
N11FrameEngine6Common9HeroSkillE	0x6b25e70	0x6b25f10	E	7	13	0x720a800
N11FrameEngine6Common16HurtFlashResInfoE	0x6b26050	0x6b260d0	B	6	11	0x720a800
N11FrameEngine6Common31IgnoreChampionGemCategoryConfigE	0x6b261c0	0x6b26260	E	7	13	0x720a800
N11FrameEngine6Common32SkillGemCategoryLevelAssetObjectE	0x6b26250	0x6b262f0	E	8	13	0x720a800
N11FrameEngine6Common11IntPairDataE	0x6b26370	0x6b26410	E	7	13	0x720a800
N11FrameEngine6Common11JungleGuideE	0x6b26490	0x6b26530	E	8	13	0x720a800
N11FrameEngine6Common21LegoClipNameResObjectE	0x6b265b0	0x6b26650	E	7	13	0x720a800
N11FrameEngine6Common27LevelExpMoneyReviseParaUnitE	0x6b26640	0x6b266e0	E	7	13	0x720a800
N11FrameEngine6Common11LevelRhythmE	0x6b26700	0x6b26780	B	6	11	0x720a800
N11FrameEngine6Common19LevelSkillResObjectE	0x6b26910	0x6b269a0	C	8	16	0x720a800
N11FrameEngine6Common14LevelStageUnitE	0x6b26a00	0x6b26aa0	E	7	13	0x720a800
N11FrameEngine6Common17LevelVarResObjectE	0x6b26a90	0x6b26b30	E	7	13	0x720a800
N11FrameEngine6Common17LogicDisguiseDataE	0x6b26b20	0x6b26bc0	E	7	13	0x720a800
N11FrameEngine6Common14LuaAssetObjectE	0x6b26c40	0x6b26ce0	E	8	13	0x720a800
N11FrameEngine6Common16MapActorPointMgrE	0x6b26cd0	0x6b26d70	E	7	13	0x720a800
N11FrameEngine6Common10MapObjBaseE	0x6b26df0	0x6b26e90	E	6	13	0x720a800
N11FrameEngine6Common16MapActorPointObjE	0x6b26eb0	0x6b26f40	C	8	16	0x720a800
N11FrameEngine6Common30MapActorPointObj_ApplyBuffInfoE	0x6b270b0	0x6b27130	B	6	11	0x720a800
N11FrameEngine6Common28MapActorPointObj_LeashConfigE	0x6b27190	0x6b27230	E	7	13	0x720a800
N11FrameEngine6Common18MapAnchorResObjectE	0x6b272c0	0x6b27350	C	8	16	0x720a800
N11FrameEngine6Common14ResAssetObjectE	0x6b273b0	0x6b27450	E	7	13	0x720a800
N11FrameEngine6Common18MapBlockAnchorDataE	0x6b274d0	0x6b27570	E	7	13	0x720a800
N11FrameEngine6Common17MapBlockPointDataE	0x6b275f0	0x6b27690	E	7	13	0x720a800
N11FrameEngine6Common20MapGrassWardGroupObjE	0x6b27710	0x6b277b0	E	7	13	0x720a800
N11FrameEngine6Common20MapGrassWardPointMgrE	0x6b277a0	0x6b27840	E	7	13	0x720a800
N11FrameEngine6Common5PointE	0x6b278c0	0x6b27960	E	7	13	0x720a800
N11FrameEngine6Common15MapInfoPolylineE	0x6b27a70	0x6b27b10	E	7	13	0x720a800
N11FrameEngine6Common15MapPathPointMgrE	0x6b27d40	0x6b27de0	E	7	13	0x720a800
N11FrameEngine6Common11MapPointMgrE	0x6b27e60	0x6b27f00	E	7	13	0x720a800
N11FrameEngine6Common24MatchBattleModeResObjectE	0x6b281d0	0x6b28260	C	8	16	0x720a800
N11FrameEngine6Common15MemoryAllocInfoE	0x6b282c0	0x6b28360	E	7	13	0x720a800
N11FrameEngine6Common18MemoryAllocInfoNewE	0x6b28350	0x6b283f0	E	7	13	0x720a800
N11FrameEngine6Common17MonsterAttrGrowthE	0x6b283e0	0x6b28480	E	8	13	0x720a800
N11FrameEngine6Common26MonsterBehaviorAssetObjectE	0x6b28500	0x6b285a0	E	8	13	0x720a800
N11FrameEngine6Common31MonsterBehaviorGroupAssetObjectE	0x6b28620	0x6b286c0	E	7	13	0x720a800
N11FrameEngine6Common29MonsterBehaviorGroupResObjectE	0x6b28750	0x6b287e0	C	8	16	0x720a800
N11FrameEngine6Common34MonsterBehaviorRelationAssetObjectE	0x6b28840	0x6b288e0	E	7	13	0x720a800
N11FrameEngine6Common31MonsterBehaviorLevelAudioConfigE	0x6b288d0	0x6b28970	E	7	13	0x720a800
N11FrameEngine6Common36MonsterBehaviorLevelExpressionConfigE	0x6b28960	0x6b28a00	E	7	13	0x720a800
N11FrameEngine6Common24MonsterBehaviorLevelInfoE	0x6b289f0	0x6b28a90	E	7	13	0x720a800
N11FrameEngine6Common29MonsterBehaviorLevelVfxConfigE	0x6b28a80	0x6b28b20	E	7	13	0x720a800
N11FrameEngine6Common32MonsterBehaviorRelationResObjectE	0x6b28bb0	0x6b28c40	C	8	16	0x720a800
N11FrameEngine6Common24MonsterBehaviorResObjectE	0x6b28d40	0x6b28dd0	C	8	16	0x720a800
N11FrameEngine6Common24MonsterChangeModelConfigE	0x6b28e30	0x6b28ed0	E	7	13	0x720a800
N11FrameEngine6Common11MonsterDropE	0x6b28ec0	0x6b28f60	E	7	13	0x720a800
N11FrameEngine6Common12MonsterGroupE	0x6b28f50	0x6b28ff0	E	8	13	0x720a800
N11FrameEngine6Common29MonsterLevelVarFix64ResObjectE	0x6b29230	0x6b292c0	C	8	16	0x720a800
N11FrameEngine6Common29MonsterLevelVarFix64ResObjectE	0x6b293c0	0x6b29450	C	8	16	
N11FrameEngine6Common27MonsterLevelVarIntResObjectE	0x6b295a0	0x6b29630	C	9	16	0x720a800
N11FrameEngine6Common27MonsterLevelVarRpnResObjectE	0x6b297a0	0x6b29830	C	9	16	0x720a800
N11FrameEngine6Common16MonsterResObjectE	0x6b29930	0x6b299c0	C	8	16	0x720a800
N11FrameEngine6Common16MonsterSkillInfoE	0x6b29a20	0x6b29ac0	E	7	13	0x720a800
N11FrameEngine6Common22MonsterSkinAssetObjectE	0x6b29ab0	0x6b29b50	E	7	13	0x720a800
N11FrameEngine6Common20MonsterSkinResObjectE	0x6b29be0	0x6b29c70	C	8	16	0x720a800
N11FrameEngine6Common23MonsterStageAssetObjectE	0x6b29cd0	0x6b29d70	E	8	13	0x720a800
N11FrameEngine6Common25MonsterStageBuffApplyNodeE	0x6b29d60	0x6b29e00	E	7	13	0x720a800
N11FrameEngine6Common26MonsterStageBuffRemoveNodeE	0x6b29df0	0x6b29e90	E	7	13	0x720a800
N11FrameEngine6Common21MonsterStageResObjectE	0x6b29f20	0x6b29fb0	C	8	16	0x720a800
N11FrameEngine6Common16MonsterThemeSkinE	0x6b2a010	0x6b2a0b0	E	7	13	0x720a800
N11FrameEngine6Common27MonsterThemeSkinAssetObjectE	0x6b2a0a0	0x6b2a140	E	7	13	0x720a800
N11FrameEngine6Common31MonsterWaveGrowthCoefficentDataE	0x6b2a1c0	0x6b2a260	E	7	13	0x720a800
N11FrameEngine6Common21MonsterWaveGrowthDataE	0x6b2a250	0x6b2a2f0	E	7	13	0x720a800
N11FrameEngine6Common12MvpScoreInfoE	0x6b2a370	0x6b2a410	E	7	13	0x720a800
N11FrameEngine6Common19NewAFKRuleResObjectE	0x6b2a490	0x6b2a530	E	7	13	0x720a800
N11FrameEngine6Common14NewMvpCoefInfoE	0x6b2a520	0x6b2a5c0	E	7	13	0x720a800
N11FrameEngine6Common20NewMvpLaneWeightInfoE	0x6b2a640	0x6b2a6e0	E	7	13	0x720a800
N11FrameEngine6Common15NewMvpScoreInfoE	0x6b2a760	0x6b2a800	E	7	13	0x720a800
N11FrameEngine6Common30NewSkillAdditionalDescTipsInfoE	0x6b2a880	0x6b2a920	E	7	13	0x720a800
N11FrameEngine6Common21NewSkillPhaseTipsInfoE	0x6b2a910	0x6b2a9b0	E	7	13	0x720a800
N11FrameEngine6Common25SkillVarUniteForSkillTipsE	0x6b2a9a0	0x6b2aa40	E	8	13	0x720a800
N11FrameEngine6Common20NewSkillTipResObjectE	0x6b2aad0	0x6b2ab60	C	8	16	0x720a800
N11FrameEngine6Common19NodeTimeEventConfigE	0x6b2abc0	0x6b2ac60	E	8	13	0x720a800
N11FrameEngine6Common19OldAFKRuleResObjectE	0x6b2ac50	0x6b2acf0	E	7	13	0x720a800
N11FrameEngine6Common17ParallelFlowLevelE	0x6b2ace0	0x6b2ad80	E	7	13	0x720a800
	0x6b2bb70	0x6b2bc00	C	16	16	
	0x6b2c890	0x6b2c920	C	16	16	
N11FrameEngine6Common26PassingFlowVariablesObjectE	0x6b2cda0	0x6b2ce40	E	8	13	0x720a800
	0x6b2d980	0x6b2da10	C	16	16	
N11FrameEngine6Common29PigeonModelEggConfigResObjectE	0x6b2e110	0x6b2e1a0	C	8	16	0x720a800
N11FrameEngine6Common19PixiuAwardResObjectE	0x6b2e2a0	0x6b2e330	C	8	16	0x720a800
N11FrameEngine6Common18PrefabReplaceEntryE	0x6b2e450	0x6b2e4d0	B	6	11	0x720a800
N11FrameEngine6Common28PreloadCommonConfigResObjectE	0x6b2e5d0	0x6b2e660	C	8	16	0x720a800
N11FrameEngine6Common36RelatedSkillStrengthenCategoryConfigE	0x6b2e6f0	0x6b2e770	B	6	11	0x720a800
N11FrameEngine6Common39RelatedSkillStrengthenCategorySubConfigE	0x6b2e7d0	0x6b2e870	E	7	13	0x720a800
N11FrameEngine6Common25RelatedSlotGemBlackConfigE	0x6b2e860	0x6b2e900	E	7	13	0x720a800
N11FrameEngine6Common25RelatedSlotGemWhiteConfigE	0x6b2e8f0	0x6b2e990	E	7	13	0x720a800
N11FrameEngine6Common30ReplaceCommonGemCategoryConfigE	0x6b2e980	0x6b2ea20	E	7	13	0x720a800
N11FrameEngine6Common14ReplaceEquipIDE	0x6b2ea10	0x6b2eab0	E	8	13	0x720a800
N11FrameEngine6Common21RuinEquipAndSkillDataE	0x6b2ebf0	0x6b2ec70	B	6	11	0x720a800
N11FrameEngine6Common27RuinEquipAndSkillRandomDataE	0x6b2ecd0	0x6b2ed70	E	7	13	0x720a800
N11FrameEngine6Common15RuinMonsterDataE	0x6b2ee80	0x6b2ef20	E	7	13	0x720a800
N11FrameEngine6Common23RuinWaveCoefficientDataE	0x6b2f030	0x6b2f0d0	E	7	13	0x720a800
N11FrameEngine6Common12RuinWaveDataE	0x6b2f150	0x6b2f1f0	E	7	13	0x720a800
N11FrameEngine6Common17RuinWaveSkillDataE	0x6b2f270	0x6b2f310	E	7	13	0x720a800
N11FrameEngine6Common17RunePageResObjectE	0x6b2f430	0x6b2f4c0	C	8	16	0x720a800
N11FrameEngine6Common13RuneResObjectE	0x6b2f650	0x6b2f6e0	C	8	16	0x720a800
N11FrameEngine6Common18RuneStaticDataNodeE	0x6b2f740	0x6b2f7e0	E	7	13	0x720a800
N11FrameEngine6Common22RunningSkillBuffConfigE	0x6b2f7d0	0x6b2f870	E	7	13	0x720a800
N11FrameEngine6Common12SceneResBaseE	0x6b2f8f0	0x6b2f990	E	7	13	0x720a800
N11FrameEngine6Common14SceneResObjectE	0x6b2fea0	0x6b2ff30	C	8	16	0x720a800
N11FrameEngine6Common20SharedEventValueDataE	0x6b30140	0x6b301e0	E	7	13	0x720a800
N11FrameEngine6Common18SharedEventVarDataE	0x6b301d0	0x6b30270	E	8	13	0x720a800
N11FrameEngine6Common19SharedVariableShellE	0x6b30260	0x6b30300	E	8	13	0x720a800
N11FrameEngine6Common21SimpleAnchorGroupDataE	0x6b30380	0x6b30420	E	7	13	0x720a800
N11FrameEngine6Common21SimpleAnchorLevelDataE	0x6b30410	0x6b304b0	E	7	13	0x720a800
N11FrameEngine6Common21SkillBuffReplaceEntryE	0x6b304a0	0x6b30540	E	7	13	0x720a800
N11FrameEngine6Common14SkillCDTimeResE	0x6b30530	0x6b305d0	E	7	13	0x720a800
N11FrameEngine6Common19SkillGemAssetObjectE	0x6b30650	0x6b306f0	E	8	13	0x720a800
N11FrameEngine6Common30SkillGemBlackWhiteSetResObjectE	0x6b30780	0x6b30810	C	8	16	0x720a800
N11FrameEngine6Common17SkillGemLevelBaseE	0x6b30990	0x6b30a30	E	7	13	0x720a800
N11FrameEngine6Common30SkillGemLevelScatterTargetUnitE	0x6b30bd0	0x6b30c70	E	7	13	0x720a800
N11FrameEngine6Common21SkillGemMultiCastUnitE	0x6b30e10	0x6b30eb0	E	7	13	0x720a800
N11FrameEngine6Common23SkillGemParamBaseConfigE	0x6b30ea0	0x6b30f40	E	7	13	0x720a800
N11FrameEngine6Common31SkillGemParamAddBuffConfig_ItemE	0x6b30fc0	0x6b31060	E	6	13	0x720a800
N11FrameEngine6Common30SkillGemParamAddGemConfig_ItemE	0x6b310e0	0x6b31180	E	7	13	0x720a800
N11FrameEngine6Common47SkillGemParamConditionalBuffConfig_ApplyBuffSetE	0x6b31290	0x6b31330	E	7	13	0x720a800
N11FrameEngine6Common51SkillGemParamConditionalBuffConfig_ListeningBuffSetE	0x6b31320	0x6b313c0	E	7	13	0x720a800
N11FrameEngine6Common36SkillGemParamFormulaSingleDataConfigE	0x6b31560	0x6b31600	E	7	13	0x720a800
N11FrameEngine6Common40SkillGemParamReplaceGemConfig_GemReplaceE	0x6b31710	0x6b317b0	E	7	13	0x720a800
N11FrameEngine6Common41SkillGemParamReplaceGemConfig_SlotReplaceE	0x6b317a0	0x6b31840	E	7	13	0x720a800
N11FrameEngine6Common53SkillGemParamReplaceSkillConfig_AdditionalReplaceInfoE	0x6b318c0	0x6b31960	E	8	13	0x720a800
N11FrameEngine6Common29SkillGemParamSingleAttrConfigE	0x6b319e0	0x6b31a80	E	7	13	0x720a800
N11FrameEngine6Common31SkillGemParamSkillVarDataConfigE	0x6b31b30	0x6b31bb0	B	6	11	0x720a800
N11FrameEngine6Common40SkillGemParamSkillVarExtraAttrDataConfigE	0x6b31c10	0x6b31cb0	E	7	13	0x720a800
N11FrameEngine6Common17SkillGemResObjectE	0x6b31d40	0x6b31dd0	C	8	16	0x720a800
N11FrameEngine6Common20SkillGemSplitDirUnitE	0x6b31ec0	0x6b31f60	E	7	13	0x720a800
N11FrameEngine6Common20SkillGemSplitRegUnitE	0x6b31f50	0x6b31ff0	E	7	13	0x720a800
N11FrameEngine6Common29SkillGemStrengthenAssetObjectE	0x6b32058	0x6b320e8	F	13	13	0x720a890
N11FrameEngine6Common25SkillGemSummonedCountUnitE	0x6b32180	0x6b32220	E	7	13	0x720a800
N11FrameEngine6Common23SkillHurtLimitResObjectE	0x6b32210	0x6b322b0	E	8	13	0x720a800
N11FrameEngine6Common19SkillLevelResObjectE	0x6b322d0	0x6b32350	B	6	11	0x720a800
N11FrameEngine6Common23SkillOperateAssetObjectE	0x6b323b0	0x6b32450	E	7	13	0x720a800
N11FrameEngine6Common19SkillStockResObjectE	0x6b32440	0x6b324e0	E	8	13	0x720a800
N11FrameEngine6Common27SkillLevelVarFix64ResObjectE	0x6b32600	0x6b32690	C	8	16	0x720a800
N11FrameEngine6Common27SkillLevelVarFix64ResObjectE	0x6b32790	0x6b32820	C	8	16	
N11FrameEngine6Common25SkillLevelVarIntResObjectE	0x6b32970	0x6b32a00	C	9	16	0x720a800
N11FrameEngine6Common25SkillLevelVarRpnResObjectE	0x6b32b70	0x6b32c00	C	9	16	0x720a800
N11FrameEngine6Common13SkillLvUpRuleE	0x6b32c60	0x6b32d00	E	7	13	0x720a800
N11FrameEngine6Common25SkillOperModeReplaceEntryE	0x6b32e30	0x6b32ed0	E	7	13	0x720a800
N11FrameEngine6Common18SkillPhaseTipsInfoE	0x6b32ef0	0x6b32f70	B	6	11	0x720a800
N11FrameEngine6Common14SkillResObjectE	0x6b33070	0x6b33100	C	8	16	0x720a800
N11FrameEngine6Common33SkillStrengthenCountQualityConfigE	0x6b33160	0x6b33200	E	7	13	0x720a800
N11FrameEngine6Common31SkillStrengthenOptionalRuleTypeE	0x6b331f0	0x6b33290	E	7	13	0x720a800
N11FrameEngine6Common30SkillStrengthenRecommendConfigE	0x6b33280	0x6b33320	E	7	13	0x720a800
N11FrameEngine6Common34SkillStrengthenWeightQualityConfigE	0x6b33310	0x6b333b0	E	7	13	0x720a800
N11FrameEngine6Common17SkillTipResObjectE	0x6b33440	0x6b334d0	C	8	16	0x720a800
N11FrameEngine6Common15SkinAssetObjectE	0x6b335c0	0x6b33660	E	7	13	0x720a800
N11FrameEngine6Common17SkinBulletReplaceE	0x6b33650	0x6b336f0	E	7	13	0x720a800
N11FrameEngine6Common13SkinFieldInfoE	0x6b336e0	0x6b33780	E	7	13	0x720a800
N11FrameEngine6Common14SkinFlowActionE	0x6b33770	0x6b33810	E	7	13	0x720a800
N11FrameEngine6Common15SkinFlowReplaceE	0x6b33830	0x6b338b0	B	6	11	0x720a800
N11FrameEngine6Common20SkinReplaceResObjectE	0x6b339b0	0x6b33a40	C	8	16	0x720a800
N11FrameEngine6Common13SkinResObjectE	0x6b33b40	0x6b33bd0	C	8	16	0x720a800
N11FrameEngine6Common27SkinSkillGemCategoryAddInfoE	0x6b33c30	0x6b33cd0	E	7	13	0x720a800
N11FrameEngine6Common23SkinSkillGemSlotAddInfoE	0x6b33cc0	0x6b33d60	E	7	13	0x720a800
N11FrameEngine6Common15SkinUpgradeInfoE	0x6b33d80	0x6b33e00	B	6	11	0x720a800
N11FrameEngine6Common10SLHeroPoolE	0x6b33ef0	0x6b33f90	E	7	13	0x720a800
N11FrameEngine6Common22SlotGemBlackConfigItemE	0x6b34010	0x6b340b0	E	7	13	0x720a800
N11FrameEngine6Common22SlotGemWhiteConfigItemE	0x6b340a0	0x6b34140	E	7	13	0x720a800
N11FrameEngine6Common14SoldierDieTimeE	0x6b34130	0x6b341d0	E	8	13	0x720a800
N11FrameEngine6Common22SoldierSkillFlowConfigE	0x6b34310	0x6b34390	B	6	11	0x720a800
N11FrameEngine6Common23SpellBookSkillResObjectE	0x6b34520	0x6b345b0	C	8	16	0x720a800
N11FrameEngine6Common11StringShellE	0x6b347c0	0x6b34860	E	7	13	0x720a800
N11FrameEngine6Common22SummonerSkillResObjectE	0x6b348f0	0x6b34980	C	8	16	0x720a800
N11FrameEngine6Common18SummonReplaceEntryE	0x6b34a10	0x6b34a90	B	6	11	0x720a800
N11FrameEngine6Common20SystemRecommendEquipE	0x6b34af0	0x6b34b90	E	7	13	0x720a800
N11FrameEngine6Common15TalentResObjectE	0x6b34c20	0x6b34cb0	C	8	16	0x720a800
N11FrameEngine6Common27TextEncapsulationFormatInfoE	0x6b34d40	0x6b34dc0	B	6	11	0x720a800
N11FrameEngine6Common16TraitAssetObjectE	0x6b34e20	0x6b34ec0	E	8	13	0x720a800
N11FrameEngine6Common14TraitLevelDataE	0x6b34eb0	0x6b34f50	E	7	13	0x720a800
N11FrameEngine6Common20TraitRandomAttributeE	0x6b34f40	0x6b34fe0	E	7	13	0x720a800
N11FrameEngine6Common14TraitResObjectE	0x6b35070	0x6b35100	C	8	16	0x720a800
N11FrameEngine6Common8USBSkillE	0x6b35820	0x6b358c0	E	7	13	0x720a800
N11FrameEngine6Common18VehicleAssetObjectE	0x6b359b8	0x6b35a48	F	13	13	0x720a890
N11FrameEngine6Common16VehicleResObjectE	0x6b35af0	0x6b35b80	C	8	16	0x720a800
N11FrameEngine6Common26VirtualChampionAssetObjectE	0x6b35c58	0x6b35ce8	F	13	13	0x720a890
N11FrameEngine6Common24VirtualChampionResObjectE	0x6b35e00	0x6b35e90	C	9	16	0x720a800
N11FrameEngine6Common26VirtualChampionRuntimeInfoE	0x6b35ef0	0x6b35f90	E	7	13	0x720a800
N11FrameEngine6Common21VirtualSkillResObjectE	0x6b36020	0x6b360b0	C	8	16	0x720a800
N11FrameEngine6Common27VirtualSkinReplaceResObjectE	0x6b36220	0x6b362b0	C	9	16	0x720a800
N11FrameEngine6Common14WaveAttrGrowthE	0x6b363a0	0x6b36440	E	7	13	0x720a800
N11FrameEngine9Interface12ActorCfgDataE	0x6b365e0	0x6b36680	E	7	13	0x720a800
N11FrameEngine9Interface23ActorCfgData_ActorJointE	0x6b366a0	0x6b36720	B	6	11	0x720a800
N11FrameEngine9Interface28ActorCfgData_ActorJointGroupE	0x6b36780	0x6b36820	E	7	13	0x720a800
N11FrameEngine9Interface9ActorInfoE	0x6b36810	0x6b368b0	E	8	13	0x720a800
N11FrameEngine9Interface14ActorPointDataE	0x6b368a0	0x6b36940	E	7	13	0x720a800
N11FrameEngine9Interface14AnchorDataDataE	0x6b36960	0x6b369e0	B	6	11	0x720a800
N11FrameEngine9Interface17EffectModelOptionE	0x6b36a40	0x6b36ae0	E	8	13	0x720a800
N11FrameEngine9Interface13GrassWardDataE	0x6b36ad0	0x6b36b70	E	7	13	0x720a800
N11FrameEngine9Interface16GrassWardDataMgrE	0x6b36b60	0x6b36c00	E	7	13	0x720a800
N11FrameEngine9Interface18GrassWardGroupDataE	0x6b36bf0	0x6b36c90	E	7	13	0x720a800
N11FrameEngine9Interface19MapAnchorConfigDataE	0x6b36cb0	0x6b36d30	B	6	11	0x720a800
N11FrameEngine9Interface12MapPointDataE	0x6b36d90	0x6b36e30	E	7	13	0x720a800
N11FrameEngine9Interface15MapPointMgrDataE	0x6b36e20	0x6b36ec0	E	7	13	0x720a800
N11FrameEngine9Interface15ModelFlagOptionE	0x6b36eb0	0x6b36f50	E	8	13	0x720a800
N11FrameEngine9Interface11PathMgrDataE	0x6b36f40	0x6b36fe0	E	7	13	0x720a800
N11FrameEngine9Interface13PointPathDataE	0x6b36fd0	0x6b37070	E	7	13	0x720a800
N11FrameEngine9Interface19ReplaceTriggerEventE	0x6b37060	0x6b37100	E	8	13	0x720a800
N11FrameEngine5Logic15ActionRushEventE	0x6b37100	0x6b371a0	E	9	13	0x720a800
N11FrameEngine5Logic23ActionTriggerEffectBaseE	0x6b37190	0x6b37230	E	8	13	0x720a800
	0x6b37720	0x6b377b0	C	14	16	
N11FrameEngine5Logic29ActorListConditionSortHandlerE	0x6b37a20	0x6b37aa0	B	7	11	0x720a800
N11FrameEngine5Logic18ActorTypeHurtFlagsE	0x6b37b00	0x6b37ba0	E	8	13	0x720a800
N11FrameEngine5Logic9HurtFlagsE	0x6b37bc0	0x6b37c40	B	7	11	0x720a800
N11FrameEngine5Logic23BaronMechaPurchasedStatE	0x6b38150	0x6b381f0	E	8	13	0x720a800
N11FrameEngine5Logic18BaronMechaUsedStatE	0x6b381e0	0x6b38280	E	8	13	0x720a800
N11FrameEngine5Logic14HeroFlowObjectE	0x6b38270	0x6b38310	E	8	13	0x720a800
N11FrameEngine5Logic18BuffTypeWithWeightE	0x6b38390	0x6b38430	E	8	13	0x720a800
N11FrameEngine5Logic19BulletEmitterSetPosE	0x6b38420	0x6b384c0	E	8	13	0x720a800
N11FrameEngine5Logic45CommerceUseDisguiseItem_CheckDisguiseItemInfoE	0x6b38570	0x6b385f0	B	7	11	0x720a800
N11FrameEngine5Logic34CommerceUseDisguiseItem_EffectInfoE	0x6b38650	0x6b386f0	E	8	13	0x720a800
N11FrameEngine5Logic34CommerceUseDisguiseItem_RecordDataE	0x6b386e0	0x6b38780	E	8	13	0x720a800
N11FrameEngine5Logic46CommerceUseDisguiseItem_TriggerInteractiveDataE	0x6b38770	0x6b38810	E	8	13	0x720a800
N11FrameEngine5Logic19ParallelFlowResBaseE	0x6b38800	0x6b388a0	E	8	13	0x720a800
N11FrameEngine5Logic12FlowVariableE	0x6b38a40	0x6b38ae0	E	13	13	0x720a800
N11FrameEngine5Logic18DirectAddWardScoreE	0x6b38d10	0x6b38db0	E	8	13	0x720a800
N11FrameEngine5Logic18DirectSetWardScoreE	0x6b38da0	0x6b38e40	E	8	13	0x720a800
N11FrameEngine5Logic26EquipmentForgeEquipSettingE	0x6b38e30	0x6b38ed0	E	7	13	0x720a800
N11FrameEngine5Logic25EquipmentForgeHeroSettingE	0x6b38ec0	0x6b38f60	E	7	13	0x720a800
N11FrameEngine5Logic23EquipmentForgeResObjectE	0x6b38ff0	0x6b39080	C	8	16	0x720a800
N11FrameEngine5Logic20EvacuateDropListItemE	0x6b390e0	0x6b39180	E	7	13	0x720a800
N11FrameEngine5Logic30EvaluatorActorCheckSortHandlerE	0x6b391a0	0x6b39220	B	7	11	0x720a800
N11FrameEngine5Logic20EvaluatorSearchRulesE	0x6b39280	0x6b39320	E	8	13	0x720a800
N11FrameEngine5Logic12FilterMethodE	0x6b39310	0x6b393b0	E	8	13	0x720a800
N11FrameEngine5Logic30FistbumpInteractive_RecordDataE	0x6b393a0	0x6b39440	E	8	13	0x720a800
	0x6b39bd0	0x6b39c60	C	14	16	
N11FrameEngine5Logic10HitCheckerE	0x6b39fb0	0x6b3a050	E	8	13	0x720a800
N11FrameEngine5Logic33FlowActionAttackPlayAnimation_AOCE	0x6b3a040	0x6b3a0e0	E	8	13	0x720a800
N11FrameEngine5Logic28FlowActionAudioAnimation_AOCE	0x6b3a0d0	0x6b3a170	E	8	13	0x720a800
N11FrameEngine5Logic32FlowActionAudioBindAnimation_AOCE	0x6b3a160	0x6b3a200	E	8	13	0x720a800
N11FrameEngine5Logic27FlowActionBulletEmitter_AOCE	0x6b3a450	0x6b3a4d0	B	7	11	0x720a800
N11FrameEngine5Logic34FlowActionBulletGetField_FieldInfoE	0x6b3a760	0x6b3a800	E	8	13	0x720a800
N11FrameEngine5Logic28FlowActionBulletMovement_AOCE	0x6b3a7f0	0x6b3a890	E	8	13	0x720a800
N11FrameEngine5Logic30FlowActionBulletSetControl_AOCE	0x6b3a880	0x6b3a920	E	8	13	0x720a800
N11FrameEngine5Logic34FlowActionBulletSetField_FieldInfoE	0x6b3a910	0x6b3a9b0	E	8	13	0x720a800
N11FrameEngine5Logic35FlowActionCameraHeightOffsetLgc_AOCE	0x6b3a9a0	0x6b3aa40	E	8	13	0x720a800
N11FrameEngine5Logic32FlowActionCameraPosOffsetLgc_AOCE	0x6b3aa30	0x6b3aad0	E	8	13	0x720a800
N11FrameEngine5Logic32FlowActionCameraRotOffsetLgc_AOCE	0x6b3aac0	0x6b3ab60	E	8	13	0x720a800
N11FrameEngine5Logic40FlowActionCameraSetVerticalHeightLgc_AOCE	0x6b3ab50	0x6b3abf0	E	8	13	0x720a800
N11FrameEngine5Logic28FlowActionCameraShakeLgc_AOCE	0x6b3abe0	0x6b3ac80	E	8	13	0x720a800
N11FrameEngine5Logic35FlowActionChangeMiniMapHpBorder_AOCE	0x6b3aea0	0x6b3af40	E	8	13	0x720a800
N11FrameEngine5Logic18HermiteInterpolateE	0x6b3af30	0x6b3afd0	E	8	13	0x720a800
N11FrameEngine5Logic31FlowActionCreateBattleActor_AOCE	0x6b3afc0	0x6b3b060	E	8	13	0x720a800
N11FrameEngine5Logic32FlowActionCreateChainVfxBase_AOCE	0x6b3b050	0x6b3b0f0	E	8	13	0x720a800
N11FrameEngine5Logic28FlowActionCreatePosition_AOCE	0x6b3b0e0	0x6b3b180	E	8	13	0x720a800
N11FrameEngine5Logic23FlowActionCreateVfx_AOCE	0x6b3b170	0x6b3b210	E	8	13	0x720a800
N11FrameEngine5Logic31FlowActionDynamicSkillFlyFX_AOCE	0x6b3b200	0x6b3b2a0	E	8	13	0x720a800
N11FrameEngine5Logic26FlowActionFollowTarget_AOCE	0x6b3b290	0x6b3b330	E	8	13	0x720a800
N11FrameEngine5Logic26FlowActionFootballMove_AOCE	0x6b3b320	0x6b3b3c0	E	8	13	0x720a800
N11FrameEngine5Logic18FlowActionHurt_AOCE	0x6b3b3b0	0x6b3b450	E	8	13	0x720a800
N11FrameEngine5Logic29FlowActionHurtOnCollision_AOCE	0x6b3b440	0x6b3b4e0	E	8	13	0x720a800
N11FrameEngine5Logic23FlowActionHurtRange_AOCE	0x6b3b4d0	0x6b3b570	E	8	13	0x720a800
N11FrameEngine5Logic36FlowActionJhinCameraPosOffsetLgc_AOCE	0x6b3b560	0x6b3b600	E	8	13	0x720a800
N11FrameEngine5Logic28FlowActionJumpToPosition_AOCE	0x6b3b5f0	0x6b3b690	E	8	13	0x720a800
N11FrameEngine5Logic41FlowActionNidaleeTalent_EvaluateFlagGrassE	0x6b3b680	0x6b3b720	E	8	13	0x720a800
N11FrameEngine5Logic43FlowActionNidaleeTalent_EvaluateFlagToEnemyE	0x6b3b710	0x6b3b7b0	E	8	13	0x720a800
N11FrameEngine5Logic42FlowActionNidaleeTalent_EvaluateFlagHunterE	0x6b3b7a0	0x6b3b840	E	8	13	0x720a800
N11FrameEngine5Logic27FlowActionPlayAnimation_AOCE	0x6b3b830	0x6b3b8d0	E	8	13	0x720a800
N11FrameEngine5Logic23FlowActionPlayAudio_AOCE	0x6b3b8c0	0x6b3b960	E	8	13	0x720a800
	0x6b3c0f0	0x6b3c180	C	14	16	
N11FrameEngine5Logic24FlowActionRushFollow_AOCE	0x6b3c470	0x6b3c510	E	8	13	0x720a800
N11FrameEngine5Logic28FlowActionRushToPosition_AOCE	0x6b3c500	0x6b3c5a0	E	8	13	0x720a800
N11FrameEngine5Logic26FlowActionSearchTarget_AOCE	0x6b3c590	0x6b3c630	E	8	13	0x720a800
N11FrameEngine5Logic34ActorComponentSummmon_MaxGroupNodeE	0x6b3c620	0x6b3c6c0	E	8	13	0x720a800
N11FrameEngine5Logic20FlowActionSetVfx_AOCE	0x6b3c6e0	0x6b3c760	B	7	11	0x720a800
N11FrameEngine5Logic24FlowActionSkillField_AOCE	0x6b3ca20	0x6b3caa0	B	7	11	0x720a800
N11FrameEngine5Logic34FlowActionSkillField_VfxControllerE	0x6b3cb00	0x6b3cba0	E	8	13	0x720a800
N11FrameEngine6Common19LoopOverloadTrackerE	0x6b3cb90	0x6b3cc30	E	8	13	0x720a800
N11FrameEngine5Logic37FlowActionTrigger_ActionTriggerEffectE	0x6b3cc20	0x6b3ccc0	E	8	13	0x720a800
N11FrameEngine5Logic25FlowActionVfxDissolve_AOCE	0x6b3ccb0	0x6b3cd50	E	8	13	0x720a800
N11FrameEngine5Logic24FlowActionYasuoKnock_AOCE	0x6b3cd40	0x6b3cde0	E	8	13	0x720a800
N11FrameEngine5Logic13ForgeAttrPoolE	0x6b3ce90	0x6b3cf10	B	6	11	0x720a800
N11FrameEngine5Logic14ForgeAttrStockE	0x6b3cf70	0x6b3d010	E	7	13	0x720a800
N11FrameEngine5Logic20ForgeEquipmentSkillsE	0x6b3d000	0x6b3d0a0	E	7	13	0x720a800
N11FrameEngine5Logic18ForgeHeroPlayStyleE	0x6b3d090	0x6b3d130	E	7	13	0x720a800
N11FrameEngine5Logic16ForgeHeroSettingE	0x6b3d150	0x6b3d1d0	B	6	11	0x720a800
N11FrameEngine5Logic14ForgeResObjectE	0x6b3d2d0	0x6b3d360	C	8	16	0x720a800
N11FrameEngine5Logic27HeeimerdingerTresureHitStatE	0x6b3d3c0	0x6b3d460	E	8	13	0x720a800
N11FrameEngine5Logic28HeeimerdingerTresureOpenStatE	0x6b3d450	0x6b3d4f0	E	8	13	0x720a800
N11FrameEngine5Logic31HeeimerdingerTresureRefreshStatE	0x6b3d4e0	0x6b3d580	E	8	13	0x720a800
N11FrameEngine5Logic32HeeimerdingerTresureStrengthStatE	0x6b3d570	0x6b3d610	E	8	13	0x720a800
N11FrameEngine5Logic27HeeimerdingerTresureUseStatE	0x6b3d600	0x6b3d6a0	E	8	13	0x720a800
N11FrameEngine5Logic21HexCanonCasterSelfDieE	0x6b3d690	0x6b3d730	E	8	13	0x720a800
N11FrameEngine5Logic14HexGateUseStatE	0x6b3d720	0x6b3d7c0	E	8	13	0x720a800
N11FrameEngine5Logic16HexPoroPurchasedE	0x6b3d7b0	0x6b3d850	E	8	13	0x720a800
N11FrameEngine5Logic22HitChecker_CheckResultE	0x6b3d840	0x6b3d8e0	E	8	13	0x720a800
N11FrameEngine5Logic21JungleGuideKilledStatE	0x6b3db00	0x6b3dba0	E	8	13	0x720a800
N11FrameEngine5Logic9KnockAnimE	0x6b3db90	0x6b3dc30	E	8	13	0x720a800
N11FrameEngine5Logic22MonsterBuffExpiredStatE	0x6b3dc20	0x6b3dcc0	E	8	13	0x720a800
N11FrameEngine5Logic18MonsterBuffGetStatE	0x6b3dcb0	0x6b3dd50	E	8	13	0x720a800
N11FrameEngine5Logic21MonsterBuffKilledStatE	0x6b3dd40	0x6b3dde0	E	8	13	0x720a800
N11FrameEngine5Logic22MonsterBuffRefreshStatE	0x6b3ddd0	0x6b3de70	E	8	13	0x720a800
N11FrameEngine5Logic25MonsterSacrificeProcessorE	0x6b3de60	0x6b3df00	E	8	13	0x720a800
N11FrameEngine5Logic26ParallelDirectAddWardScoreE	0x6b3e010	0x6b3e0b0	E	8	13	0x720a800
N11FrameEngine5Logic26ParallelDirectSetWardScoreE	0x6b3e0a0	0x6b3e140	E	8	13	0x720a800
N11FrameEngine5Logic18ParallelFlowActionE	0x6b3e1e8	0x6b3e278	F	12	13	0x720a890
N11FrameEngine5Logic43ParallelFlowActionAppendShelvesEquipmentResE	0x6b3eb90	0x6b3ec20	C	9	16	0x720a800
N11FrameEngine5Logic50ParallelFlowActionAttachGamePlayComponentRandomResE	0x6b3f060	0x6b3f0f0	C	9	16	0x720a800
N11FrameEngine5Logic45ParallelFlowActionCreateRuinlandActorExtraResE	0x6b40380	0x6b40410	C	9	16	0x720a800
N11FrameEngine5Logic21ParallelFlowEvaluatorE	0x6b483b0	0x6b48450	E	8	13	0x720a800
N11FrameEngine5Logic31ParallelFlowEvaluatorSkillIDResE	0x6b4a010	0x6b4a0a0	C	9	16	0x720a800
N11FrameEngine5Logic24ParallelFlowPassingValueE	0x6b4a850	0x6b4a8f0	E	8	13	0x720a800
N11FrameEngine5Logic22ParallelFlowTransitionE	0x6b4ad90	0x6b4ae30	E	8	13	0x720a800
N11FrameEngine5Logic35ParallelHeeimerdingerTresureHitStatE	0x6b4ae20	0x6b4aec0	E	8	13	0x720a800
N11FrameEngine5Logic36ParallelHeeimerdingerTresureOpenStatE	0x6b4aeb0	0x6b4af50	E	8	13	0x720a800
N11FrameEngine5Logic40ParallelHeeimerdingerTresurePreStartStatE	0x6b4af40	0x6b4afe0	E	8	13	0x720a800
N11FrameEngine5Logic39ParallelHeeimerdingerTresureRefreshStatE	0x6b4afd0	0x6b4b070	E	8	13	0x720a800
N11FrameEngine5Logic40ParallelHeeimerdingerTresureStrengthStatE	0x6b4b060	0x6b4b100	E	8	13	0x720a800
N11FrameEngine5Logic35ParallelHeeimerdingerTresureUseStatE	0x6b4b0f0	0x6b4b190	E	8	13	0x720a800
N11FrameEngine5Logic30ParallelSpiritFlowerCreateStatE	0x6b4b180	0x6b4b220	E	8	13	0x720a800
N11FrameEngine5Logic17ParallelWardScoreE	0x6b4b210	0x6b4b2b0	E	8	13	0x720a800
N11FrameEngine5Logic15PathAssetObjectE	0x6b4b330	0x6b4b3d0	E	8	13	0x720a800
N11FrameEngine5Logic16PiXiuNodeSettingE	0x6b4b3c0	0x6b4b460	E	7	13	0x720a800
N11FrameEngine5Logic23PiXiuRewardCfgResObjectE	0x6b4b4f0	0x6b4b580	C	8	16	0x720a800
N11FrameEngine5Logic18PiXiuRewardSettingE	0x6b4b5e0	0x6b4b680	E	7	13	0x720a800
N11FrameEngine5Logic17RandomMonsterUnitE	0x6b4b670	0x6b4b710	E	8	13	0x720a800
N11FrameEngine5Logic17RandomMonsterUnitE	0x6b4b7c0	0x6b4b850	C	15	16	
N11FrameEngine5Logic11RecallParamE	0x6b4b8d8	0x6b4b968	F	11	13	0x720a890
N11FrameEngine5Logic16RecallParamPhaseE	0x6b4b970	0x6b4ba10	E	8	13	0x720a800
N11FrameEngine5Logic15RushFollowEventE	0x6b4ba00	0x6b4baa0	E	8	13	0x720a800
	0x6b4c1d0	0x6b4c260	C	14	16	
N11FrameEngine5Logic12ScorpionStatE	0x6b4ca00	0x6b4caa0	E	8	13	0x720a800
N11FrameEngine5Logic7SdfAreaE	0x6b4ca90	0x6b4cb30	E	7	13	0x720a800
N11FrameEngine5Logic7SdfDataE	0x6b4cb20	0x6b4cbc0	E	7	13	0x720a800
N11FrameEngine5Logic12SdfPatchDataE	0x6b4cbb0	0x6b4cc50	E	7	13	0x720a800
N11FrameEngine5Logic10SearchRuleE	0x6b4cc40	0x6b4cce0	E	8	13	0x720a800
N11FrameEngine5Logic11SearchRulesE	0x6b4ccd0	0x6b4cd70	E	8	13	0x720a800
N11FrameEngine5Logic14ShortCutsParamE	0x6b4d730	0x6b4d7d0	E	7	13	0x720a800
N11FrameEngine5Logic24SkillComboLevelResObjectE	0x6b4d860	0x6b4d8f0	C	8	16	0x720a800
N11FrameEngine5Logic22SpiritFlowerCreateStatE	0x6b4da70	0x6b4db10	E	8	13	0x720a800
N11FrameEngine5Logic19SpiritFlowerDieStatE	0x6b4db00	0x6b4dba0	E	8	13	0x720a800
N11FrameEngine5Logic16SpwanMonsterDataE	0x6b4db90	0x6b4dc30	E	8	13	0x720a800
N11FrameEngine5Logic15SpwanRhythmDataE	0x6b4dc20	0x6b4dcc0	E	8	13	0x720a800
N11FrameEngine5Logic19VariableComplexBaseE	0x6b4f1b0	0x6b4f250	E	8	13	0x720a800
	0x6b51dd0	0x6b51e60	C	16	16	
	0x6b541d0	0x6b54260	C	16	16	
N11FrameEngine5Logic9WardScoreE	0x6b54f50	0x6b54ff0	E	8	13	0x720a800
N6MobaAI13AiMapLineInfoE	0x6b54fe0	0x6b55080	E	7	13	0x720a800
N6MobaAI18AiMapLinkPointInfoE	0x6b55070	0x6b55110	E	7	13	0x720a800
N6MobaAI22AiMapLinkPointLineInfoE	0x6b55100	0x6b551a0	E	7	13	0x720a800
N6MobaAI14AiMapPointInfoE	0x6b55190	0x6b55230	E	7	13	0x720a800
N6MobaAI18AiMapPointListInfoE	0x6b55220	0x6b552c0	E	7	13	0x720a800
N6MobaAI22ElementalExtraCellInfoE	0x6b552b0	0x6b55350	E	7	13	0x720a800
N6MobaAI13ExtraCellInfoE	0x6b55340	0x6b553e0	E	7	13	0x720a800
N6MobaAI22ExtraReachableCellInfoE	0x6b553d0	0x6b55470	E	7	13	0x720a800
N11FrameEngine6Common14FlowObjectSyncE	0x6b555a8	0x6b55638	F	11	13	0x720a890
N11FrameEngine5Logic16FixComponentSyncE	0x6b55748	0x6b557d8	F	12	13	0x720a890
N11FrameEngine5Logic17FixGameObjectSyncE	0x6b55a98	0x6b55b28	F	12	13	0x720a890
23SafeRef_BattleActorSync	0x6b55fb8	0x6b56048	F	12	13	0x720a890
N11FrameEngine5Logic12ActorVarSyncE	0x6b56328	0x6b563b8	F	12	13	0x720a890
N11FrameEngine5Logic15ActorVarMgrSyncE	0x6b564c8	0x6b56558	F	12	13	0x720a890
N11FrameEngine17DataShellListSyncINS_6Common5Fix64EEE	0x6b56608	0x6b56698	F	7	13	0x720a890
N11FrameEngine23DataShellDictionarySyncIiPNS_5Logic12ActorVarSyncEEE	0x6b56728	0x6b567b8	F	6	13	0x720a890
N11FrameEngine17DataShellListSyncIPNS_5Logic12ActorVarSyncEEE	0x6b56848	0x6b568d8	F	7	13	0x720a890
N11FrameEngine5Logic20ActorLgcRendererSyncE	0x6b569e8	0x6b56a78	F	12	13	0x720a890
N11FrameEngine9Interface18BlockShapeBaseSyncE	0x6b56bb8	0x6b56c48	F	11	13	0x720a890
N11FrameEngine5Logic13EquipSlotSyncE	0x6b57128	0x6b571b8	F	12	13	0x720a890
N11FrameEngine5Logic26DynamicBattleEquipAttrSyncE	0x6b572f8	0x6b57388	F	11	13	0x720a890
N11FrameEngine5Logic30DynamicBattleEquipAttrListSyncE	0x6b574c8	0x6b57558	F	11	13	0x720a890
N11FrameEngine17DataShellListSyncIPNS_5Logic26DynamicBattleEquipAttrSyncEEE	0x6b575e8	0x6b57678	F	7	13	0x720a890
N11FrameEngine5Logic16EquipBoxDataSyncE	0x6b57788	0x6b57818	F	12	13	0x720a890
N11FrameEngine5Logic19EquipPurchaseCDSyncE	0x6b57928	0x6b579b8	F	12	13	0x720a890
N11FrameEngine5Logic22PriceModifiedEquipSyncE	0x6b57ac8	0x6b57b58	F	12	13	0x720a890
N11FrameEngine5Logic17EquipStatDataSyncE	0x6b57c68	0x6b57cf8	F	12	13	0x720a890
	0x6b581f0	0x6b58280	C	13	16	
N11FrameEngine17DataShellListSyncIiEE	0x6b58528	0x6b585b8	F	7	13	0x720a890
N11FrameEngine23DataShellDictionarySyncIiiEE	0x6b58648	0x6b586d8	F	6	13	0x720a890
N11FrameEngine17DataShellListSyncIPNS_5Logic13EquipSlotSyncEEE	0x6b58768	0x6b587f8	F	7	13	0x720a890
N11FrameEngine23DataShellDictionarySyncIiPNS_5Logic30DynamicBattleEquipAttrListSyncEEE	0x6b58888	0x6b58918	F	6	13	0x720a890
N11FrameEngine17DataShellListSyncIPNS_5Logic16EquipBoxDataSyncEEE	0x6b589a8	0x6b58a38	F	7	13	0x720a890
N11FrameEngine17DataShellListSyncIPNS_5Logic19EquipPurchaseCDSyncEEE	0x6b58ac8	0x6b58b58	F	7	13	0x720a890
N11FrameEngine23DataShellDictionarySyncIiPNS_5Logic22PriceModifiedEquipSyncEEE	0x6b58be8	0x6b58c78	F	6	13	0x720a890
N11FrameEngine17DataShellListSyncIPNS_5Logic17EquipStatDataSyncEEE	0x6b58d08	0x6b58d98	F	7	13	0x720a890
N11FrameEngine5Logic17SkillHurtInfoSyncE	0x6b590a8	0x6b59138	F	11	13	0x720a890
N11FrameEngine23DataShellDictionarySyncIiNS_6Common5Fix64EEE	0x6b591c8	0x6b59258	F	6	13	0x720a890
	0x6b593e0	0x6b59470	C	13	16	
N11FrameEngine5Logic18KillAssistInfoSyncE	0x6b594e8	0x6b59578	F	11	13	0x720a890
N11FrameEngine23DataShellDictionarySyncIiPNS_5Logic17SkillHurtInfoSyncEEE	0x6b59608	0x6b59698	F	6	13	0x720a890
N11FrameEngine5Logic18HeroHurtedInfoSyncE	0x6b597d8	0x6b59868	F	11	13	0x720a890
N11FrameEngine23DataShellDictionarySyncImPNS_5Logic18KillAssistInfoSyncEEE	0x6b59ac8	0x6b59b58	F	6	13	0x720a890
	0x6b59ce0	0x6b59d70	C	13	16	
N11FrameEngine5Logic21HeroKilledSumDataSyncE	0x6b59de8	0x6b59e78	F	11	13	0x720a890
	0x6b5a570	0x6b5a600	C	13	16	
22SafeRef_ActorSkillSync	0x6b5a9d8	0x6b5aa68	F	12	13	0x720a890
N11FrameEngine5Logic15SkillUseObjSyncE	0x6b5ab78	0x6b5ac08	F	12	13	0x720a890
N11FrameEngine5Logic23SkillSlotForbidInfoSyncE	0x6b5ad48	0x6b5add8	F	11	13	0x720a890
N11FrameEngine5Logic20SkillSlotVariantSyncE	0x6b5aee8	0x6b5af78	F	12	13	0x720a890
N11FrameEngine5Logic17SkillStockMgrSyncE	0x6b5b088	0x6b5b118	F	12	13	0x720a890
N11FrameEngine5Logic27VirtualSkillSlotVariantSyncE	0x6b5b228	0x6b5b2b8	F	12	13	0x720a890
N11FrameEngine5Logic19AddSkillGemInfoSyncE	0x6b5b3c8	0x6b5b458	F	12	13	0x720a890
N11FrameEngine5Logic27SkillSlotStrengthenInfoSyncE	0x6b5b568	0x6b5b5f8	F	12	13	0x720a890
N11FrameEngine23DataShellDictionarySyncIiPNS_5Logic19AddSkillGemInfoSyncEEE	0x6b5b688	0x6b5b718	F	6	13	0x720a890
	0x6b5b8a0	0x6b5b930	C	13	16	
N11FrameEngine5Logic13SkillSlotSyncE	0x6b5b9a8	0x6b5ba38	F	11	13	0x720a890
N11FrameEngine23DataShellDictionarySyncIiPNS_5Logic23SkillSlotForbidInfoSyncEEE	0x6b5bac8	0x6b5bb58	F	6	13	0x720a890
N11FrameEngine17DataShellListSyncIPNS_5Logic20SkillSlotVariantSyncEEE	0x6b5bbe8	0x6b5bc78	F	7	13	0x720a890
N11FrameEngine5Logic12SkillVarSyncE	0x6b5bdb8	0x6b5be48	F	11	13	0x720a890
N11FrameEngine5Logic15SkillVarMgrSyncE	0x6b5bf88	0x6b5c018	F	11	13	0x720a890
N11FrameEngine23DataShellDictionarySyncIiPNS_5Logic12SkillVarSyncEEE	0x6b5c0a8	0x6b5c138	F	6	13	0x720a890
N11FrameEngine5Logic25SkillGemTipParamValueSyncE	0x6b5c248	0x6b5c2d8	F	12	13	0x720a890
N11FrameEngine5Logic24SkillGemVarParamBaseSyncE	0x6b5c418	0x6b5c4a8	F	11	13	0x720a890
N11FrameEngine23DataShellDictionarySyncIiPNS_5Logic25SkillGemTipParamValueSyncEEE	0x6b5c538	0x6b5c5c8	F	6	13	0x720a890
N11FrameEngine17DataShellListSyncIPNS_5Logic24SkillGemVarParamBaseSyncEEE	0x6b5c838	0x6b5c8c8	F	7	13	0x720a890
	0x6b5ca50	0x6b5cae0	C	13	16	
N11FrameEngine5Logic18SkillGemVarMgrSyncE	0x6b5cb58	0x6b5cbe8	F	11	13	0x720a890
N11FrameEngine23DataShellDictionarySyncIiPNS_5Logic15SkillGemVarSyncEEE	0x6b5cc78	0x6b5cd08	F	6	13	0x720a890
N11FrameEngine5Logic25SkillNecessaryAbilitySyncE	0x6b5ce48	0x6b5ced8	F	11	13	0x720a890
N11FrameEngine17DataShellListSyncIhEE	0x6b5cf68	0x6b5cff8	F	7	13	0x720a890
N11FrameEngine5Logic22SkillInterruptInfoSyncE	0x6b5d108	0x6b5d198	F	12	13	0x720a890
N11FrameEngine5Logic18SkillInterruptSyncE	0x6b5d2a8	0x6b5d338	F	12	13	0x720a890
N11FrameEngine5Logic15SkillCDNodeSyncE	0x6b5d448	0x6b5d4d8	F	12	13	0x720a890
N11FrameEngine5Logic18SkillCDTriggerSyncE	0x6b5d5e8	0x6b5d678	F	12	13	0x720a890
N11FrameEngine5Logic16ParallelFlowSyncE	0x6b5db98	0x6b5dc28	F	12	13	0x720a890
N11FrameEngine5Logic17SkillStateMgrSyncE	0x6b5dd38	0x6b5ddc8	F	12	13	0x720a890
	0x6b5df50	0x6b5dfe0	C	13	16	
N11FrameEngine5Logic23ReflectTransferDataSyncE	0x6b5e058	0x6b5e0e8	F	11	13	0x720a890
N11FrameEngine17DataShellListSyncIPNS_5Logic20ReflectSkillDataSyncEEE	0x6b5e348	0x6b5e3d8	F	7	13	0x720a890
N11FrameEngine17DataShellListSyncIPNS_5Logic23ReflectTransferDataSyncEEE	0x6b5e468	0x6b5e4f8	F	7	13	0x720a890
N11FrameEngine5Logic20ReflectSkillDataSyncE	0x6b5e608	0x6b5e698	F	12	13	0x720a890
	0x6b5e820	0x6b5e8b0	C	13	16	
N11FrameEngine5Logic14ActorSkillSyncE	0x6b5e928	0x6b5e9b8	F	11	13	0x720a890
N11FrameEngine17DataShellListSyncIP23SafeRef_BattleActorSyncEE	0x6b5ea48	0x6b5ead8	F	7	13	0x720a890
N11FrameEngine5Logic25DelayDestroyStealInfoSyncE	0x6b5ebe8	0x6b5ec78	F	12	13	0x720a890
N11FrameEngine17DataShellListSyncIPNS_5Logic14ActorSkillSyncEEE	0x6b5ed08	0x6b5ed98	F	7	13	0x720a890
N11FrameEngine17DataShellListSyncIPNS_5Logic25DelayDestroyStealInfoSyncEEE	0x6b5eff8	0x6b5f088	F	7	13	0x720a890
N11FrameEngine5Logic17BonusFixValueSyncE	0x6b5f538	0x6b5f5c8	F	12	13	0x720a890
N11FrameEngine5Logic16BonusFixNodeSyncE	0x6b5f6d8	0x6b5f768	F	12	13	0x720a890
N11FrameEngine17DataShellListSyncIPNS_5Logic17BonusFixValueSyncEEE	0x6b5f7f8	0x6b5f888	F	7	13	0x720a890
	0x6b5fd80	0x6b5fe10	C	13	16	
N11FrameEngine23DataShellDictionarySyncIiPNS_5Logic16BonusFixNodeSyncEEE	0x6b600b8	0x6b60148	F	6	13	0x720a890
N11FrameEngine5Logic22EvacuateSearchDataSyncE	0x6b60288	0x6b60318	F	11	13	0x720a890
N11FrameEngine17DataShellListSyncIPNS_5Logic22EvacuateSearchDataSyncEEE	0x6b605a8	0x6b60638	F	7	13	0x720a890
	0x6b60b30	0x6b60bc0	C	13	16	
N11FrameEngine17DataShellListSyncIjEE	0x6b60e68	0x6b60ef8	F	7	13	0x720a890
N11FrameEngine17DataShellListSyncIPNS_5Logic15BattleActorSyncEEE	0x6b61158	0x6b611e8	F	7	13	0x720a890
N11FrameEngine5Logic18RuinSkillGoodsSyncE	0x6b612f8	0x6b61388	F	12	13	0x720a890
N11FrameEngine5Logic20RuinSkillShelvesSyncE	0x6b61498	0x6b61528	F	12	13	0x720a890
N11FrameEngine17DataShellListSyncIPNS_5Logic18RuinSkillGoodsSyncEEE	0x6b615b8	0x6b61648	F	7	13	0x720a890
N11FrameEngine5Logic18RuinEquipGoodsSyncE	0x6b61758	0x6b617e8	F	12	13	0x720a890
N11FrameEngine5Logic20RuinEquipShelvesSyncE	0x6b618f8	0x6b61988	F	12	13	0x720a890
N11FrameEngine17DataShellListSyncIPNS_5Logic18RuinEquipGoodsSyncEEE	0x6b61a18	0x6b61aa8	F	7	13	0x720a890
N11FrameEngine5Logic13RuinSkillSyncE	0x6b61bb8	0x6b61c48	F	12	13	0x720a890
N11FrameEngine5Logic13RuinEquipSyncE	0x6b61d58	0x6b61de8	F	12	13	0x720a890
N11FrameEngine17DataShellListSyncIPNS_5Logic13RuinSkillSyncEEE	0x6b62048	0x6b620d8	F	7	13	0x720a890
N11FrameEngine17DataShellListSyncIPNS_5Logic13RuinEquipSyncEEE	0x6b62168	0x6b621f8	F	7	13	0x720a890
N11FrameEngine5Logic14ForgeLayerSyncE	0x6b62308	0x6b62398	F	12	13	0x720a890
N11FrameEngine5Logic15ForgeOptionSyncE	0x6b624a8	0x6b62538	F	12	13	0x720a890
N11FrameEngine5Logic15ForgeOriginSyncE	0x6b62648	0x6b626d8	F	12	13	0x720a890
N11FrameEngine17DataShellListSyncIPNS_5Logic15ForgeOptionSyncEEE	0x6b62768	0x6b627f8	F	7	13	0x720a890
	0x6b62cf0	0x6b62d80	C	13	16	
N11FrameEngine17DataShellListSyncIPNS_5Logic14ForgeLayerSyncEEE	0x6b63028	0x6b630b8	F	7	13	0x720a890
N11FrameEngine17DataShellListSyncIPNS_5Logic15ForgeOriginSyncEEE	0x6b63148	0x6b631d8	F	7	13	0x720a890
N11FrameEngine5Logic28EquipmentForgeStashEquipSyncE	0x6b632e8	0x6b63378	F	12	13	0x720a890
N11FrameEngine5Logic24EquipmentForgeOptionSyncE	0x6b63488	0x6b63518	F	12	13	0x720a890
N11FrameEngine5Logic25EquipmentForgeRequestSyncE	0x6b63628	0x6b636b8	F	12	13	0x720a890
N11FrameEngine17DataShellListSyncIPNS_5Logic25EquipmentForgeRequestSyncEEE	0x6b63918	0x6b639a8	F	7	13	0x720a890
N11FrameEngine5Logic11GemDataSyncE	0x6b63c88	0x6b63d18	F	12	13	0x720a890
N11FrameEngine5Logic22SelectSkillGemDataSyncE	0x6b63e28	0x6b63eb8	F	12	13	0x720a890
N11FrameEngine17DataShellListSyncIPNS_5Logic11GemDataSyncEEE	0x6b63f48	0x6b63fd8	F	7	13	0x720a890
N11FrameEngine5Logic27GlobalChaosZoneAttrDataSyncE	0x6b640e8	0x6b64178	F	12	13	0x720a890
N11FrameEngine5Logic27GemRecommendFactionDataSyncE	0x6b64288	0x6b64318	F	12	13	0x720a890
N11FrameEngine5Logic14AttrBEUnitSyncE	0x6b64628	0x6b646b8	F	11	13	0x720a890
N11FrameEngine5Logic19AttrTypeBEUnitsSyncE	0x6b647f8	0x6b64888	F	11	13	0x720a890
N11FrameEngine17DataShellListSyncIPNS_5Logic14AttrBEUnitSyncEEE	0x6b64918	0x6b649a8	F	7	13	0x720a890
N11FrameEngine23DataShellDictionarySyncIiPNS_5Logic19AttrTypeBEUnitsSyncEEE	0x6b64c38	0x6b64cc8	F	6	13	0x720a890
N11FrameEngine5Logic35SkillDefaultRangeStrengthenDataSyncE	0x6b65738	0x6b657c8	F	12	13	0x720a890
N11FrameEngine5Logic18BlockActorItemSyncE	0x6b66398	0x6b66428	F	12	13	0x720a890
N11FrameEngine17DataShellListSyncIPNS_5Logic18BlockActorItemSyncEEE	0x6b66688	0x6b66718	F	7	13	0x720a890
N11FrameEngine5Logic17TrackPosParamSyncE	0x6b66a48	0x6b66ad8	F	11	13	0x720a890
N11FrameEngine17DataShellListSyncIPNS_5Logic17TrackPosParamSyncEEE	0x6b66d48	0x6b66dd8	F	7	13	0x720a890
N11FrameEngine5Logic29CollisionTriggerConditionSyncE	0x6b672a8	0x6b67338	F	11	13	0x720a890
N11FrameEngine5Logic25ActorCollisionBoxInfoSyncE	0x6b67478	0x6b67508	F	11	13	0x720a890
N11FrameEngine17DataShellListSyncIPNS_5Logic29CollisionTriggerConditionSyncEEE	0x6b67598	0x6b67628	F	7	13	0x720a890
N11FrameEngine5Logic24ActorCollisionBoxMgrSyncE	0x6b67768	0x6b677f8	F	11	13	0x720a890
N11FrameEngine17DataShellListSyncIPNS_5Logic25ActorCollisionBoxInfoSyncEEE	0x6b67888	0x6b67918	F	7	13	0x720a890
N11FrameEngine5Logic15HatredStateSyncE	0x6b67a28	0x6b67ab8	F	12	13	0x720a890
N11FrameEngine5Logic18HatredStateFSMSyncE	0x6b67bf8	0x6b67c88	F	11	13	0x720a890
N11FrameEngine17DataShellListSyncIPNS_5Logic15HatredStateSyncEEE	0x6b67d18	0x6b67da8	F	7	13	0x720a890
N11FrameEngine5Logic18AttackerRecordSyncE	0x6b67eb8	0x6b67f48	F	12	13	0x720a890
N11FrameEngine17DataShellListSyncIPNS_5Logic18AttackerRecordSyncEEE	0x6b681a8	0x6b68238	F	7	13	0x720a890
N11FrameEngine6Common18RPNAnalyzeDataSyncE	0x6b68378	0x6b68408	F	11	13	0x720a890
N11FrameEngine5Logic14EffectBaseSyncE	0x6b68518	0x6b685a8	F	12	13	0x720a890
N11FrameEngine5Logic17ActorHurtArgsSyncE	0x6b686b8	0x6b68748	F	12	13	0x720a890
N11FrameEngine5Logic17HurtDelayDataSyncE	0x6b68858	0x6b688e8	F	12	13	0x720a890
N11FrameEngine17DataShellListSyncIPNS_5Logic17HurtDelayDataSyncEEE	0x6b68b48	0x6b68bd8	F	7	13	0x720a890
N11FrameEngine5Logic33ActorComponentTrait_TraitDataSyncE	0x6b69088	0x6b69118	F	12	13	0x720a890
N11FrameEngine23DataShellDictionarySyncIiPNS_5Logic33ActorComponentTrait_TraitDataSyncEEE	0x6b69378	0x6b69408	F	6	13	0x720a890
N11FrameEngine5Logic20AttackStateLogicSyncE	0x6b69918	0x6b699a8	F	11	13	0x720a890
N11FrameEngine17DataShellListSyncIPNS_5Logic20AttackStateLogicSyncEEE	0x6b69c08	0x6b69c98	F	7	13	0x720a890
N11FrameEngine5Logic18MovementSystemSyncE	0x6b69fd8	0x6b6a068	F	12	13	0x720a890
N11FrameEngine5Logic19MovementPatternSyncE	0x6b6a308	0x6b6a398	F	12	13	0x720a890
N11FrameEngine5Logic24HangUpMgr_HangUpInfoSyncE	0x6b6a4a8	0x6b6a538	F	12	13	0x720a890
N11FrameEngine5Logic17BattleTeamMgrSyncE	0x6b6a648	0x6b6a6d8	F	12	13	0x720a890
N11FrameEngine17DataShellListSyncIPNS_5Logic14BattleTeamSyncEEE	0x6b6a768	0x6b6a7f8	F	7	13	0x720a890
N11FrameEngine5Logic21MapBlockAnchorMgrSyncE	0x6b6b488	0x6b6b518	F	12	13	0x720a890
N11FrameEngine5Logic19SimpleAnchorMgrSyncE	0x6b6b828	0x6b6b8b8	F	11	13	0x720a890
N11FrameEngine5Logic22BattleCountdownMgrSyncE	0x6b6b9c8	0x6b6ba58	F	12	13	0x720a890
N11FrameEngine5Logic20SpawnRandomGroupSyncE	0x6b6bb68	0x6b6bbf8	F	12	13	0x720a890
N11FrameEngine5Logic26MonsterAnchorActorInfoSyncE	0x6b6bd08	0x6b6bd98	F	12	13	0x720a890
	0x6b6c290	0x6b6c320	C	13	16	
N11FrameEngine17DataShellListSyncIPNS_5Logic26MonsterAnchorActorInfoSyncEEE	0x6b6c5c8	0x6b6c658	F	7	13	0x720a890
N11FrameEngine5Logic24BattleMonsterSpawnerSyncE	0x6b6c768	0x6b6c7f8	F	12	13	0x720a890
N11FrameEngine17DataShellListSyncIPNS_5Logic17MonsterAnchorSyncEEE	0x6b6c888	0x6b6c918	F	7	13	0x720a890
N11FrameEngine5Logic16MapAnchorMgrSyncE	0x6b6ca28	0x6b6cab8	F	12	13	0x720a890
N11FrameEngine5Logic8UnitSyncE	0x6b6cbc8	0x6b6cc58	F	12	13	0x720a890
N11FrameEngine5Logic13BattleMapSyncE	0x6b6cd68	0x6b6cdf8	F	12	13	0x720a890
N11FrameEngine5Logic16BattleMapMgrSyncE	0x6b6cf08	0x6b6cf98	F	12	13	0x720a890
N11FrameEngine17DataShellListSyncIPNS_5Logic13BattleMapSyncEEE	0x6b6d028	0x6b6d0b8	F	7	13	0x720a890
N11FrameEngine5Logic20VisiBattleMapMgrSyncE	0x6b6d1c8	0x6b6d258	F	12	13	0x720a890
N11FrameEngine5Logic15BattleLevelSyncE	0x6b6d368	0x6b6d3f8	F	12	13	0x720a890
N11FrameEngine5Logic28BattleExtraLevelRuleBaseSyncE	0x6b6d508	0x6b6d598	F	12	13	0x720a890
N11FrameEngine5Logic19BattleLevelRuleSyncE	0x6b6d6a8	0x6b6d738	F	12	13	0x720a890
N11FrameEngine5Logic15BattleStateSyncE	0x6b6d848	0x6b6d8d8	F	12	13	0x720a890
N11FrameEngine5Logic18BattleStateMgrSyncE	0x6b6d9e8	0x6b6da78	F	12	13	0x720a890
N11FrameEngine5Logic16FixObjectMgrSyncE	0x6b6db88	0x6b6dc18	F	12	13	0x720a890
N11FrameEngine23DataShellDictionarySyncIjPNS_5Logic17FixGameObjectSyncEEE	0x6b6dca8	0x6b6dd38	F	6	13	0x720a890
N11FrameEngine17DataShellListSyncIPNS_5Logic17FixGameObjectSyncEEE	0x6b6ddc8	0x6b6de58	F	7	13	0x720a890
N11FrameEngine17DataShellListSyncIPNS_5Logic15BattleBlockSyncEEE	0x6b6e1e8	0x6b6e278	F	7	13	0x720a890
N11FrameEngine5Logic21MagicFieldTriggerSyncE	0x6b6e688	0x6b6e718	F	12	13	0x720a890
N11FrameEngine5Logic18BattleEquipMgrSyncE	0x6b6e828	0x6b6e8b8	F	12	13	0x720a890
N11FrameEngine5Logic17SurrenderDataSyncE	0x6b6e9f8	0x6b6ea88	F	11	13	0x720a890
N11FrameEngine5Logic22TeamSurrenderLogicSyncE	0x6b6ebc8	0x6b6ec58	F	11	13	0x720a890
N11FrameEngine23DataShellDictionarySyncImPNS_5Logic17SurrenderDataSyncEEE	0x6b6ece8	0x6b6ed78	F	6	13	0x720a890
N11FrameEngine5Logic16SurrenderMgrSyncE	0x6b6ee88	0x6b6ef18	F	12	13	0x720a890
N11FrameEngine17DataShellListSyncIPNS_5Logic22TeamSurrenderLogicSyncEEE	0x6b6efa8	0x6b6f038	F	7	13	0x720a890
N11FrameEngine5Logic13HangUpMgrSyncE	0x6b6f148	0x6b6f1d8	F	12	13	0x720a890
N11FrameEngine5Logic19TeamRemakeLogicSyncE	0x6b6f2e8	0x6b6f378	F	12	13	0x720a890
N11FrameEngine5Logic13RemakeMgrSyncE	0x6b6f488	0x6b6f518	F	12	13	0x720a890
N11FrameEngine5Logic20VoteMgr_VoteDataSyncE	0x6b6f628	0x6b6f6b8	F	12	13	0x720a890
N11FrameEngine5Logic13VoteLogicSyncE	0x6b6f7f8	0x6b6f888	F	11	13	0x720a890
N11FrameEngine17DataShellListSyncImEE	0x6b6f918	0x6b6f9a8	F	7	13	0x720a890
N11FrameEngine23DataShellDictionarySyncImPNS_5Logic20VoteMgr_VoteDataSyncEEE	0x6b6fa38	0x6b6fac8	F	6	13	0x720a890
N11FrameEngine5Logic11VoteMgrSyncE	0x6b6fc08	0x6b6fc98	F	11	13	0x720a890
N11FrameEngine17DataShellListSyncIPNS_5Logic13VoteLogicSyncEEE	0x6b6fd28	0x6b6fdb8	F	7	13	0x720a890
N11FrameEngine5Logic17CustomVarBaseSyncE	0x6b6fec8	0x6b6ff58	F	12	13	0x720a890
	0x6b700e0	0x6b70170	C	13	16	
N11FrameEngine5Logic24BattleGlobalVariableSyncE	0x6b701e8	0x6b70278	F	11	13	0x720a890
N11FrameEngine23DataShellDictionarySyncIiPNS_5Logic15BattleActorSyncEEE	0x6b70308	0x6b70398	F	6	13	0x720a890
N11FrameEngine23DataShellDictionarySyncIiPNS_5Logic13MapAnchorSyncEEE	0x6b70428	0x6b704b8	F	6	13	0x720a890
N11FrameEngine17DataShellListSyncIPNS_5Logic17CustomVarBaseSyncEEE	0x6b70548	0x6b705d8	F	7	13	0x720a890
N11FrameEngine5Logic24BattlePlayerWardDataSyncE	0x6b706e8	0x6b70778	F	12	13	0x720a890
N11FrameEngine5Logic27BattlePlayerScoringDataSyncE	0x6b70888	0x6b70918	F	12	13	0x720a890
N11FrameEngine5Logic27BattleTeamTotalKillInfoSyncE	0x6b70a28	0x6b70ab8	F	12	13	0x720a890
N11FrameEngine5Logic24BattleScoringManagerSyncE	0x6b70bc8	0x6b70c58	F	12	13	0x720a890
N11FrameEngine5Logic16ActorBuffMgrSyncE	0x6b70fb8	0x6b71048	F	11	13	0x720a890
N11FrameEngine23DataShellDictionarySyncIjPNS_5Logic13ActorBuffSyncEEE	0x6b710d8	0x6b71168	F	6	13	0x720a890
N11FrameEngine5Logic13ActorMarkSyncE	0x6b71278	0x6b71308	F	12	13	0x720a890
N11FrameEngine5Logic16ActorMarkMgrSyncE	0x6b71418	0x6b714a8	F	12	13	0x720a890
N11FrameEngine23DataShellDictionarySyncIjPNS_5Logic13ActorMarkSyncEEE	0x6b71538	0x6b715c8	F	6	13	0x720a890
N11FrameEngine5Logic17ActorSkillMgrSyncE	0x6b71708	0x6b71798	F	11	13	0x720a890
N11FrameEngine23DataShellDictionarySyncIjPNS_5Logic14ActorSkillSyncEEE	0x6b71828	0x6b718b8	F	6	13	0x720a890
11FixTimeSync	0x6b719c8	0x6b71a58	F	12	13	0x720a890
N11FrameEngine5Logic13BattleFowSyncE	0x6b71b68	0x6b71bf8	F	12	13	0x720a890
N11FrameEngine5Logic19LevelFlowDriverSyncE	0x6b71d08	0x6b71d98	F	12	13	0x720a890
N11FrameEngine5Logic26SpecialEventFlowDriverSyncE	0x6b71ea8	0x6b71f38	F	12	13	0x720a890
N11FrameEngine5Logic27GamePlayComponentVarMgrSyncE	0x6b72048	0x6b720d8	F	12	13	0x720a890
N11FrameEngine5Logic21GamePlayComponentSyncE	0x6b72218	0x6b722a8	F	11	13	0x720a890
N11FrameEngine5Logic15FightRecordSyncE	0x6b723b8	0x6b72448	F	12	13	0x720a890
N11FrameEngine5Logic14CherryTeamSyncE	0x6b72558	0x6b725e8	F	12	13	0x720a890
N11FrameEngine17DataShellListSyncIPNS_5Logic15FightRecordSyncEEE	0x6b72678	0x6b72708	F	7	13	0x720a890
N11FrameEngine5Logic22CherryAwardDataMgrSyncE	0x6b72818	0x6b728a8	F	12	13	0x720a890
N11FrameEngine5Logic22CherryTeamMatchMgrSyncE	0x6b729b8	0x6b72a48	F	12	13	0x720a890
N11FrameEngine5Logic16PixiuBetInfoSyncE	0x6b72b58	0x6b72be8	F	12	13	0x720a890
N11FrameEngine5Logic17PixiuAwardMgrSyncE	0x6b72cf8	0x6b72d88	F	12	13	0x720a890
N11FrameEngine17DataShellListSyncIPNS_5Logic16BattlePlayerSyncEEE	0x6b72e18	0x6b72ea8	F	7	13	0x720a890
N11FrameEngine17DataShellListSyncIPNS_5Logic16PixiuBetInfoSyncEEE	0x6b72f38	0x6b72fc8	F	7	13	0x720a890
N11FrameEngine5Logic17CherryDataMgrSyncE	0x6b730d8	0x6b73168	F	12	13	0x720a890
N11FrameEngine17DataShellListSyncIPNS_5Logic14CherryTeamSyncEEE	0x6b731f8	0x6b73288	F	7	13	0x720a890
N11FrameEngine5Logic15RuinDataMgrSyncE	0x6b73398	0x6b73428	F	12	13	0x720a890
N11FrameEngine5Logic25EvacuateDepotItemDataSyncE	0x6b73568	0x6b735f8	F	11	13	0x720a890
N11FrameEngine5Logic19EvacuateDataMgrSyncE	0x6b73708	0x6b73798	F	12	13	0x720a890
N11FrameEngine23DataShellDictionarySyncIiPNS_5Logic25EvacuateDepotItemDataSyncEEE	0x6b73828	0x6b738b8	F	6	13	0x720a890
	0x6b73a40	0x6b73ad0	C	13	16	
N11FrameEngine5Logic24GamePlayComponentMgrSyncE	0x6b73b48	0x6b73bd8	F	11	13	0x720a890
N11FrameEngine17DataShellListSyncIPNS_5Logic21GamePlayComponentSyncEEE	0x6b73c68	0x6b73cf8	F	7	13	0x720a890
N11FrameEngine5Logic21RandomGainRuleMgrSyncE	0x6b73e08	0x6b73e98	F	12	13	0x720a890
N11FrameEngine5Logic13SubBattleSyncE	0x6b73fa8	0x6b74038	F	12	13	0x720a890
N11FrameEngine5Logic16SubBattleMgrSyncE	0x6b74148	0x6b741d8	F	12	13	0x720a890
N11FrameEngine17DataShellListSyncIPNS_5Logic13SubBattleSyncEEE	0x6b74268	0x6b742f8	F	7	13	0x720a890
N11FrameEngine5Logic14ActorRealmSyncE	0x6b74408	0x6b74498	F	12	13	0x720a890
N11FrameEngine5Logic17ActorRealmMgrSyncE	0x6b745a8	0x6b74638	F	12	13	0x720a890
N11FrameEngine17DataShellListSyncIPNS_5Logic14ActorRealmSyncEEE	0x6b746c8	0x6b74758	F	7	13	0x720a890
25GameObjectIdGeneratorSync	0x6b74868	0x6b748f8	F	12	13	0x720a890
N11FrameEngine9Interface19TargetUtilsBaseSyncE	0x6b74a38	0x6b74ac8	F	11	13	0x720a890
N11FrameEngine6Common12RPNUtilsSyncE	0x6b74bd8	0x6b74c68	F	12	13	0x720a890
N11FrameEngine5Logic22BattleDisguiseNodeSyncE	0x6b74d78	0x6b74e08	F	12	13	0x720a890
N11FrameEngine5Logic21BattleDisguiseMgrSyncE	0x6b74f18	0x6b74fa8	F	12	13	0x720a890
N11FrameEngine17DataShellListSyncIPNS_5Logic22BattleDisguiseNodeSyncEEE	0x6b75038	0x6b750c8	F	7	13	0x720a890
N11FrameEngine5Logic16BonusGameMgrSyncE	0x6b751d8	0x6b75268	F	12	13	0x720a890
N11FrameEngine5Logic22TeamViolationLogicSyncE	0x6b75378	0x6b75408	F	12	13	0x720a890
N11FrameEngine5Logic16ViolationMgrSyncE	0x6b75518	0x6b755a8	F	12	13	0x720a890
N11FrameEngine17DataShellListSyncIPNS_5Logic22TeamViolationLogicSyncEEE	0x6b75638	0x6b756c8	F	7	13	0x720a890
	0x6b75850	0x6b758e0	C	13	16	
N11FrameEngine5Logic10BattleSyncE	0x6b75958	0x6b759e8	F	11	13	0x720a890
N11FrameEngine5Logic40BattlePlayerStatistic_MoneyStatisticSyncE	0x6b75b28	0x6b75bb8	F	11	13	0x720a890
N11FrameEngine5Logic38BattlePlayerStatistic_ExpStatisticSyncE	0x6b75cf8	0x6b75d88	F	11	13	0x720a890
N11FrameEngine5Logic25BattlePlayerStatisticSyncE	0x6b75ec8	0x6b75f58	F	11	13	0x720a890
N11FrameEngine5Logic35BattlePlayerStatistic_EquipShopSyncE	0x6b76068	0x6b760f8	F	12	13	0x720a890
N11FrameEngine5Logic26BattlePlayerHeroRebornSyncE	0x6b76208	0x6b76298	F	12	13	0x720a890
N11FrameEngine5Logic16CoolDownItemSyncE	0x6b763a8	0x6b76438	F	12	13	0x720a890
N11FrameEngine5Logic30BattlePlayerCommercialItemSyncE	0x6b76578	0x6b76608	F	11	13	0x720a890
N11FrameEngine5Logic30BattlePlayerCommercialInfoSyncE	0x6b76748	0x6b767d8	F	11	13	0x720a890
N11FrameEngine23DataShellDictionarySyncIiPNS_5Logic30BattlePlayerCommercialItemSyncEEE	0x6b76868	0x6b768f8	F	6	13	0x720a890
	0x6b76a80	0x6b76b10	C	13	16	
N11FrameEngine5Logic16BattlePlayerSyncE	0x6b76b88	0x6b76c18	F	11	13	0x720a890
N11FrameEngine17DataShellListSyncIPNS_5Logic14BattleHeroSyncEEE	0x6b76ca8	0x6b76d38	F	7	13	0x720a890
N11FrameEngine5Logic23BattleTeamStatisticSyncE	0x6b77db8	0x6b77e48	F	12	13	0x720a890
N11FrameEngine5Logic17BattleTeamVarSyncE	0x6b77f58	0x6b77fe8	F	12	13	0x720a890
	0x6b78170	0x6b78200	C	13	16	
N11FrameEngine5Logic14BattleTeamSyncE	0x6b78278	0x6b78308	F	11	13	0x720a890
N11FrameEngine19MessUpShellListSyncIPNS_5Logic15BattleActorSyncEEE	0x6b78398	0x6b78428	F	7	13	0x720a890
N11FrameEngine17DataShellListSyncIPNS_5Logic16BattleTurretSyncEEE	0x6b784b8	0x6b78548	F	7	13	0x720a890
N11FrameEngine17DataShellListSyncIPNS_5Logic17BattleMonsterSyncEEE	0x6b785d8	0x6b78668	F	7	13	0x720a890
N11FrameEngine23DataShellDictionarySyncIiPNS_5Logic17BattleTeamVarSyncEEE	0x6b786f8	0x6b78788	F	6	13	0x720a890
N11FrameEngine5Logic15AbilityNodeSyncE	0x6b78898	0x6b78928	F	12	13	0x720a890
N11FrameEngine17DataShellListSyncIPNS_5Logic13ActorBuffSyncEEE	0x6b789b8	0x6b78a48	F	7	13	0x720a890
N11FrameEngine5Logic19ActorAbilityMgrSyncE	0x6b78b58	0x6b78be8	F	12	13	0x720a890
N11FrameEngine17DataShellListSyncIPNS_5Logic15AbilityNodeSyncEEE	0x6b78c78	0x6b78d08	F	7	13	0x720a890
N11FrameEngine5Logic12AttrNodeSyncE	0x6b78e18	0x6b78ea8	F	12	13	0x720a890
N11FrameEngine5Logic12AttrDataSyncE	0x6b78fb8	0x6b79048	F	12	13	0x720a890
N11FrameEngine17DataShellListSyncIPNS_5Logic12AttrNodeSyncEEE	0x6b790d8	0x6b79168	F	7	13	0x720a890
N11FrameEngine5Logic16DamageFixMgrSyncE	0x6b79278	0x6b79308	F	12	13	0x720a890
N11FrameEngine5Logic14ActorStateSyncE	0x6b797b8	0x6b79848	F	12	13	0x720a890
N11FrameEngine17DataShellListSyncIPNS_5Logic14ActorStateSyncEEE	0x6b79aa8	0x6b79b38	F	7	13	0x720a890
N11FrameEngine5Logic16RuneStatDataSyncE	0x6b79e48	0x6b79ed8	F	11	13	0x720a890
N11FrameEngine5Logic16RuneSkillMgrSyncE	0x6b7a018	0x6b7a0a8	F	11	13	0x720a890
N11FrameEngine17DataShellListSyncIPNS_5Logic16RuneStatDataSyncEEE	0x6b7a138	0x6b7a1c8	F	7	13	0x720a890
N11FrameEngine5Logic20GemRuleSkillInfoSyncE	0x6b7a2d8	0x6b7a368	F	12	13	0x720a890
N11FrameEngine5Logic20GemSlotSkillInfoSyncE	0x6b7a478	0x6b7a508	F	12	13	0x720a890
N11FrameEngine17DataShellListSyncIPNS_5Logic20GemRuleSkillInfoSyncEEE	0x6b7a598	0x6b7a628	F	7	13	0x720a890
N11FrameEngine5Logic15GemSkillMgrSyncE	0x6b7a738	0x6b7a7c8	F	12	13	0x720a890
N11FrameEngine17DataShellListSyncIPNS_5Logic20GemSlotSkillInfoSyncEEE	0x6b7a858	0x6b7a8e8	F	7	13	0x720a890
	0x6b7aa70	0x6b7ab00	C	13	16	
N11FrameEngine5Logic20SummonerSkillMgrSyncE	0x6b7ab78	0x6b7ac08	F	11	13	0x720a890
N11FrameEngine5Logic17LevelSkillMgrSyncE	0x6b7ad18	0x6b7ada8	F	12	13	0x720a890
N11FrameEngine5Logic21SpellBookSkillMgrSyncE	0x6b7aee8	0x6b7af78	F	11	13	0x720a890
	0x6b7b2a0	0x6b7b330	C	13	16	
	0x6b7b800	0x6b7b890	C	13	16	
N11FrameEngine5Logic19DynamicSkillMgrSyncE	0x6b7bb48	0x6b7bbd8	F	11	13	0x720a890
N11FrameEngine17DataShellListSyncIPNS_5Logic22DynamicActiveSkillSyncEEE	0x6b7bc68	0x6b7bcf8	F	7	13	0x720a890
N11FrameEngine17DataShellListSyncIPNS_5Logic23DynamicPassiveSkillSyncEEE	0x6b7bd88	0x6b7be18	F	7	13	0x720a890
N11FrameEngine5Logic18PickupSkillMgrSyncE	0x6b7bf28	0x6b7bfb8	F	12	13	0x720a890
N11FrameEngine5Logic19SkillEvolveNodeSyncE	0x6b7c0f8	0x6b7c188	F	11	13	0x720a890
N11FrameEngine5Logic18SkillEvolveMgrSyncE	0x6b7c2c8	0x6b7c358	F	11	13	0x720a890
N11FrameEngine17DataShellListSyncIPNS_5Logic19SkillEvolveNodeSyncEEE	0x6b7c3e8	0x6b7c478	F	7	13	0x720a890
	0x6b7c7a0	0x6b7c830	C	13	16	
N11FrameEngine5Logic30HeroRandomGainMgr_GainDataSyncE	0x6b7cab8	0x6b7cb48	F	12	13	0x720a890
	0x6b7ccd0	0x6b7cd60	C	13	16	
N11FrameEngine5Logic21HeroRandomGainMgrSyncE	0x6b7cdd8	0x6b7ce68	F	11	13	0x720a890
N11FrameEngine23DataShellDictionarySyncIiPNS_5Logic30HeroRandomGainMgr_GainDataSyncEEE	0x6b7cef8	0x6b7cf88	F	6	13	0x720a890
	0x6b7d110	0x6b7d1a0	C	13	16	
N11FrameEngine5Logic16FreeSkillMgrSyncE	0x6b7d248	0x6b7d2d8	F	11	13	0x720a890
	0x6b7d460	0x6b7d4f0	C	13	16	
N11FrameEngine5Logic19VirtualSkillMgrSyncE	0x6b7d568	0x6b7d5f8	F	11	13	0x720a890
N11FrameEngine23DataShellDictionarySyncIiPNS_5Logic14ActorSkillSyncEEE	0x6b7d688	0x6b7d718	F	6	13	0x720a890
	0x6b7d8a0	0x6b7d930	C	13	16	
N11FrameEngine5Logic27SpellBookRandomSkillMgrSyncE	0x6b7d9d8	0x6b7da68	F	11	13	0x720a890
N11FrameEngine5Logic17HeroTalentMgrSyncE	0x6b7dba8	0x6b7dc38	F	11	13	0x720a890
N11FrameEngine5Logic19SwitchSkillDataSyncE	0x6b7dd78	0x6b7de08	F	11	13	0x720a890
	0x6b7e300	0x6b7e390	C	13	16	
N11FrameEngine17DataShellListSyncIPNS_5Logic13SkillSlotSyncEEE	0x6b7e638	0x6b7e6c8	F	7	13	0x720a890
N11FrameEngine17DataShellListSyncIPNS_5Logic19SwitchSkillDataSyncEEE	0x6b7e758	0x6b7e7e8	F	7	13	0x720a890
N11FrameEngine17DataShellListSyncIPNS_5Logic13ActorMarkSyncEEE	0x6b7ec18	0x6b7eca8	F	7	13	0x720a890
N11FrameEngine5Logic8Behavior15BehaviorFSMSyncE	0x6b7f4f8	0x6b7f588	F	12	13	0x720a890
N11FrameEngine5Logic41ActorComponentGrowth_GrowthInfoStructSyncE	0x6b7fdd8	0x6b7fe68	F	12	13	0x720a890
N11FrameEngine17DataShellListSyncIPNS_5Logic41ActorComponentGrowth_GrowthInfoStructSyncEEE	0x6b800c8	0x6b80158	F	7	13	0x720a890
N11FrameEngine5Logic27ActorAuxiliaryProcessorSyncE	0x6b80298	0x6b80328	F	11	13	0x720a890
N11FrameEngine6Common21InputBufferActionSyncE	0x6b80618	0x6b806a8	F	12	13	0x720a890
N11FrameEngine5Logic33ActorActionAuxiliaryProcessorSyncE	0x6b80d58	0x6b80de8	F	11	13	0x720a890
N11FrameEngine5Logic16TargetSystemSyncE	0x6b80f28	0x6b80fb8	F	11	13	0x720a890
N11FrameEngine5Logic31ActorMiniMapIconVisibleDataSyncE	0x6b81808	0x6b81898	F	12	13	0x720a890
N11FrameEngine17DataShellListSyncIPNS_5Logic31ActorMiniMapIconVisibleDataSyncEEE	0x6b81af8	0x6b81b88	F	7	13	0x720a890
N11FrameEngine5Logic17WayPointParamSyncE	0x6b81cc8	0x6b81d58	F	11	13	0x720a890
N11FrameEngine5Logic24ActorWayPointsMgrLgcSyncE	0x6b81e98	0x6b81f28	F	11	13	0x720a890
N11FrameEngine17DataShellListSyncIPNS_5Logic17WayPointParamSyncEEE	0x6b81fb8	0x6b82048	F	7	13	0x720a890
18SafeRef_BulletSync	0x6b82518	0x6b825a8	F	12	13	0x720a890
N11FrameEngine5Logic13ActorBuffSyncE	0x6b826b8	0x6b82748	F	12	13	0x720a890
N11FrameEngine17DataShellListSyncIPNS_5Logic14EffectBaseSyncEEE	0x6b827d8	0x6b82868	F	7	13	0x720a890
N11FrameEngine5Logic17ActorHealArgsSyncE	0x6b82cd8	0x6b82d68	F	12	13	0x720a890
N11FrameEngine5Logic23TmpSyncObjContainerSyncE	0x6b82e78	0x6b82f08	F	12	13	0x720a890
N11FrameEngine5Logic13DataFrameSyncE	0x6b83018	0x6b830a8	F	12	13	0x720a890
N11FrameEngine5Logic14TargetDataSyncE	0x6b83968	0x6b839f8	F	11	13	0x720a890
N11FrameEngine5Logic10TargetSyncE	0x6b83b38	0x6b83bc8	F	11	13	0x720a890
N11FrameEngine5Logic29AutoAttackActionGeneratorSyncE	0x6b83d08	0x6b83d98	F	11	13	0x720a890
N11FrameEngine5Logic25CherryTeamMatchWeightSyncE	0x6b881a8	0x6b88238	F	11	13	0x720a890
	0x6b8f3d0	0x6b8f460	C	13	16	
N11FrameEngine5Logic23GemSkillMonsterDataSyncE	0x6b904a8	0x6b90538	F	11	13	0x720a890
N11FrameEngine5Logic19MonsterBehaviorSyncE	0x6b90a48	0x6b90ad8	F	11	13	0x720a890
N11FrameEngine17DataShellListSyncIPNS_5Logic19MonsterBehaviorSyncEEE	0x6b90d38	0x6b90dc8	F	7	13	0x720a890
	0x6b91880	0x6b91910	C	13	16	
	0x6b922d0	0x6b92360	C	13	16	
	0x6b97ab0	0x6b97b40	C	13	16	
	0x6b98010	0x6b980a0	C	13	16	
	0x6b99be0	0x6b99c70	C	13	16	
N11FrameEngine5Logic15ActionQueueSyncE	0x6c51b68	0x6c51bf8	F	11	13	0x720a890
N11FrameEngine17DataShellListSyncIP26InputBufferActionLogicSyncEE	0x6c51c88	0x6c51d18	F	7	13	0x720a890
	0x6c52420	0x6c524b0	C	13	16	
	0x6c52980	0x6c52a10	C	13	16	
	0x6c53090	0x6c53120	C	13	16	
N11FrameEngine5Logic15RecallParamSyncE	0x6c55b48	0x6c55bd8	F	12	13	0x720a890
N11FrameEngine5Logic30SkillGemVarParamSingleAttrSyncE	0x6c571a8	0x6c57238	F	11	13	0x720a890
N11FrameEngine17DataShellListSyncIPNS_5Logic30SkillGemVarParamSingleAttrSyncEEE	0x6c575f8	0x6c57688	F	7	13	0x720a890
N11FrameEngine5Logic37SkillGemVarParamFormulaSingleDataSyncE	0x6c58158	0x6c581e8	F	11	13	0x720a890
N11FrameEngine17DataShellListSyncIPNS_5Logic37SkillGemVarParamFormulaSingleDataSyncEEE	0x6c585a8	0x6c58638	F	7	13	0x720a890
N11FrameEngine5Logic20SkillVarListBaseSyncE	0x6c59108	0x6c59198	F	11	13	0x720a890
N11FrameEngine5Logic41SkillGemVarParamSkillVarExtraAttrDataSyncE	0x6c59608	0x6c59698	F	11	13	0x720a890
N11FrameEngine5Logic32SkillGemVarParamSkillVarDataSyncE	0x6c597d8	0x6c59868	F	11	13	0x720a890
N11FrameEngine17DataShellListSyncIPNS_5Logic41SkillGemVarParamSkillVarExtraAttrDataSyncEEE	0x6c598f8	0x6c59988	F	7	13	0x720a890
N11FrameEngine17DataShellListSyncIPNS_5Logic32SkillGemVarParamSkillVarDataSyncEEE	0x6c59d48	0x6c59dd8	F	7	13	0x720a890
N11FrameEngine5Logic22SkillVarMultiSkillSyncE	0x6c5a848	0x6c5a8d8	F	11	13	0x720a890
N11FrameEngine17DataShellListSyncIPNS_5Logic22SkillVarMultiSkillSyncEEE	0x6c5ab48	0x6c5abd8	F	7	13	0x720a890
N11FrameEngine5Logic25SkillVarSplitSkillDirSyncE	0x6c5ad18	0x6c5ada8	F	11	13	0x720a890
N11FrameEngine17DataShellListSyncIPNS_5Logic25SkillVarSplitSkillDirSyncEEE	0x6c5b018	0x6c5b0a8	F	7	13	0x720a890
N11FrameEngine5Logic25SkillVarSplitSkillRegSyncE	0x6c5b1e8	0x6c5b278	F	11	13	0x720a890
N11FrameEngine17DataShellListSyncIPNS_5Logic25SkillVarSplitSkillRegSyncEEE	0x6c5b4e8	0x6c5b578	F	7	13	0x720a890
N11FrameEngine5Logic25SkillVarSummonedActorSyncE	0x6c5b688	0x6c5b718	F	12	13	0x720a890
N11FrameEngine5Logic31SkillVarSummonedActorSchemeSyncE	0x6c5b858	0x6c5b8e8	F	11	13	0x720a890
N11FrameEngine17DataShellListSyncIPNS_5Logic25SkillVarSummonedActorSyncEEE	0x6c5b978	0x6c5ba08	F	7	13	0x720a890
N11FrameEngine5Logic14SimpleFlowSyncE	0x6c5c0a8	0x6c5c138	F	11	13	0x720a890
	0x6c5c640	0x6c5c6d0	C	13	16	
	0x6c5d620	0x6c5d6b0	C	13	16	
N11FrameEngine5Logic22DynamicBattleEquipAttrE	0x6c5da18	0x6c5daa8	F	11	13	0x720a890
N11FrameEngine5Logic26DynamicBattleEquipAttrListE	0x6c5db58	0x6c5dbe8	F	11	13	0x720a890
N11FrameEngine13DataShellListIPNS_5Logic22DynamicBattleEquipAttrENS_15DataShellConfig9IsDemDataENS4_10IsSyncDataENS4_12NotSharedPtrEEE	0x6c5dbf0	0x6c5dc90	E	7	13	0x720a800
N11FrameEngine5Logic19SkillSlotForbidInfoE	0x6c5dd28	0x6c5ddb8	F	11	13	0x720a890
N11FrameEngine5Logic8SkillVarE	0x6c5de88	0x6c5df18	F	11	13	0x720a890
N11FrameEngine5Logic22SkillMultiHitLimitDataE	0x6c5df20	0x6c5dfc0	E	8	13	0x720a800
N11FrameEngine5Logic18EvacuateSearchDataE	0x6c5e058	0x6c5e0e8	F	11	13	0x720a890
N11FrameEngine13DataShellListIPNS_5Logic18EvacuateSearchDataENS_15DataShellConfig9IsDemDataENS4_10IsSyncDataENS4_12NotSharedPtrEEE	0x6c5e0f0	0x6c5e190	E	7	13	0x720a800
N11FrameEngine5Logic10AttrBEUnitE	0x6c5e228	0x6c5e2b8	F	11	13	0x720a890
N11FrameEngine5Logic15AttrTypeBEUnitsE	0x6c5e368	0x6c5e3f8	F	11	13	0x720a890
N11FrameEngine13DataShellListIPNS_5Logic10AttrBEUnitENS_15DataShellConfig9IsDemDataENS4_10IsSyncDataENS4_12NotSharedPtrEEE	0x6c5e400	0x6c5e4a0	E	7	13	0x720a800
N11FrameEngine5Logic12BulletRenderE	0x6c5e490	0x6c5e530	E	8	13	0x720a800
N11FrameEngine5Logic13TrackPosParamE	0x6c5e5c8	0x6c5e658	F	11	13	0x720a890
N11FrameEngine5Logic21ActorCollisionBoxInfoE	0x6c5e708	0x6c5e798	F	11	13	0x720a890
N11FrameEngine13DataShellListIPNS_5Logic25CollisionTriggerConditionENS_15DataShellConfig9IsDemDataENS4_10IsSyncDataENS4_12NotSharedPtrEEE	0x6c5e7a0	0x6c5e840	E	7	13	0x720a800
N11FrameEngine5Logic20ActorCollisionBoxMgrE	0x6c5e8d8	0x6c5e968	F	11	13	0x720a890
N11FrameEngine13DataShellListIPNS_5Logic21ActorCollisionBoxInfoENS_15DataShellConfig9IsDemDataENS4_10IsSyncDataENS4_12NotSharedPtrEEE	0x6c5e970	0x6c5ea10	E	7	13	0x720a800
N11FrameEngine5Logic10HurtRecordE	0x6c5ea00	0x6c5eaa0	E	8	13	0x720a800
N11FrameEngine9Interface13SamplePoint16E	0x6c5ea90	0x6c5eb30	E	7	13	0x720a800
N11FrameEngine9Interface16SamplePointsDataE	0x6c5eb20	0x6c5ebc0	E	7	13	0x720a800
N11FrameEngine5Logic11RiftSdfDataE	0x6c5ebb0	0x6c5ec50	E	7	13	0x720a800
N11FrameEngine5Logic14SDistanceFieldE	0x6c5ec70	0x6c5ecf0	B	6	11	0x720a800
N11FrameEngine5Logic12WalkableAreaE	0x6c5ed50	0x6c5edf0	E	7	13	0x720a800
N11FrameEngine9Interface15FixGrassRawDataE	0x6c5ede0	0x6c5ee80	E	7	13	0x720a800
N11FrameEngine6Common11FixObstacleE	0x6c5eea0	0x6c5ef20	B	7	11	0x720a800
N11FrameEngine6Common11FD_BitArrayE	0x6c5ef80	0x6c5f020	E	8	13	0x720a800
N11FrameEngine6Common16GlobalStandTableE	0x6c5f040	0x6c5f0c0	B	7	11	0x720a800
N11FrameEngine6Common16MapPolygonVertexE	0x6c5f120	0x6c5f1c0	E	8	13	0x720a800
N11FrameEngine6Common10MapPolygonE	0x6c5f1b0	0x6c5f250	E	8	13	0x720a800
N11FrameEngine6Common7FixGridIPNS0_10FixNavNodeENS0_5Fix64EEE	0x6c5f4f0	0x6c5f590	E	8	13	0x720a800
N11FrameEngine6Common7FixTileIPNS0_10FixNavNodeENS0_5Fix64EEE	0x6c5f640	0x6c5f6e0	E	8	13	0x720a800
N11FrameEngine5Logic14SamplePointObjE	0x6c5f758	0x6c5f7e8	F	12	13	0x720a890
N11FrameEngine6Common12FixTileAstarE	0x6c5f820	0x6c5f8a0	B	7	11	0x720a800
N11FrameEngine6Common13PriorityQueueIPNS0_11FixTileNodeEPNS0_12FixTileAstarEEE	0x6c5f900	0x6c5f9a0	E	7	13	0x720a800
N11FrameEngine6Common10FixNavNodeE	0x6c5f990	0x6c5fa30	E	8	13	0x720a800
N11FrameEngine6Common13FixNavigationE	0x6c5fb80	0x6c5fc10	C	15	16	0x720a800
	0x6c60000	0x6c60090	C	14	16	
N11FrameEngine5Logic11AnchorStateE	0x6c60230	0x6c602d0	E	10	13	0x720a800
N11FrameEngine6Common12MapTileGroupE	0x6c602f0	0x6c60370	B	7	11	0x720a800
N11FrameEngine5Logic11MapTileInfoE	0x6c603d0	0x6c60470	E	8	13	0x720a800
N11FrameEngine5Logic18BulletCommonConfigE	0x6c60460	0x6c60500	E	8	13	0x720a800
N11FrameEngine5Logic14FixDelayObjectE	0x6c60610	0x6c606b0	E	7	13	0x720a800
N11FrameEngine5Logic15TestingSyncNodeE	0x6c606b0	0x6c60750	E	9	13	0x720a800
N11FrameEngine5Logic21SurrenderMgr_VoteDataE	0x6c60740	0x6c607e0	E	8	13	0x720a800
N11FrameEngine5Logic13SurrenderDataE	0x6c60878	0x6c60908	F	11	13	0x720a890
N11FrameEngine5Logic21ComponentFlowEventMgrE	0x6c60910	0x6c609b0	E	8	13	0x720a800
N11FrameEngine5Logic15TeamMatchRecordE	0x6c609b0	0x6c60a50	E	9	13	0x720a800
N11FrameEngine5Logic21EvacuateDepotItemDataE	0x6c60ae8	0x6c60b78	F	11	13	0x720a890
N11FrameEngine9Interface15TargetSelectionE	0x6c60b80	0x6c60c20	E	7	13	0x720a800
N11FrameEngine5Logic19BattleConditionBaseE	0x6c60c20	0x6c60cc0	E	9	13	0x720a800
N11FrameEngine5Logic14LuaStructShellE	0x6c60cb0	0x6c60d50	E	8	13	0x720a800
N11FrameEngine5Logic14LuaStructMakerE	0x6c60d40	0x6c60de0	E	8	13	0x720a800
N11FrameEngine5Logic14LuaScriptParamE	0x6c60dd0	0x6c60e70	E	8	13	0x720a800
N11FrameEngine5Logic26BattlePlayerCommercialItemE	0x6c60f08	0x6c60f98	F	11	13	0x720a890
N11FrameEngine5Logic29CommercialInfoDisguseItemInfoE	0x6c60fa0	0x6c61040	E	8	13	0x720a800
	0x6c61440	0x6c614d0	C	14	16	
N11FrameEngine5Logic12RuneStatDataE	0x6c619b8	0x6c61a48	F	11	13	0x720a890
N11FrameEngine5Logic15SkillEvolveNodeE	0x6c61af8	0x6c61b88	F	11	13	0x720a890
N11FrameEngine5Logic14SkillEvolveMgrE	0x6c61c38	0x6c61cc8	F	11	13	0x720a890
N11FrameEngine13DataShellListIPNS_5Logic15SkillEvolveNodeENS_15DataShellConfig9IsDemDataENS4_10IsSyncDataENS4_12NotSharedPtrEEE	0x6c61cd0	0x6c61d70	E	7	13	0x720a800
N11FrameEngine5Logic15SwitchSkillDataE	0x6c61e08	0x6c61e98	F	11	13	0x720a890
N11FrameEngine5Logic10ImmuneInfoE	0x6c61ea0	0x6c61f40	E	8	13	0x720a800
N11FrameEngine5Logic13WayPointParamE	0x6c621b8	0x6c62248	F	11	13	0x720a890
N11FrameEngine13DataShellListIPNS_5Logic13WayPointParamENS_15DataShellConfig10NotDemDataENS4_10IsSyncDataENS4_12NotSharedPtrEEE	0x6c62250	0x6c622f0	E	7	13	0x720a800
N11FrameEngine5Logic9BulletMsgE	0x6c622e0	0x6c62380	E	7	13	0x720a800
N11FrameEngine8FEMsg_FDE	0x6c62370	0x6c62410	E	8	13	0x720a800
N11FrameEngine9Interface20FEEffectSetVfxMsg_FDE	0x6c625a0	0x6c62630	C	10	16	0x720a800
N11FrameEngine9Interface38FEEventMsgActorLgcRenderer_SetColor_FDE	0x6c63250	0x6c632e0	C	10	16	0x720a800
N11FrameEngine9Interface46FEEventMsgActorLgcRenderer_SetReflectShader_FDE	0x6c63840	0x6c638d0	C	10	16	0x720a800
N11FrameEngine9Interface37FEEventMsgActorLgcAnim_AddSyncAnim_FDE	0x6c63c80	0x6c63d10	C	10	16	0x720a800
N11FrameEngine9Interface41FEEventMsgBattleActor_RealmTowerChange_FDE	0x6c65230	0x6c652c0	C	10	16	0x720a800
N11FrameEngine16BehaviorDesigner14BehaviorStr128E	0x6c654d0	0x6c65570	E	7	13	0x720a800
N11FrameEngine16BehaviorDesigner14BehaviorStr256E	0x6c65560	0x6c65600	E	7	13	0x720a800
N11FrameEngine16BehaviorDesigner11BevNodeDataE	0x6c655f0	0x6c65690	E	7	13	0x720a800
N6MobaAI16DamageRecordInfoE	0x6c65680	0x6c65720	E	7	13	0x720a800
N6MobaAI14MoveRecordInfoE	0x6c65710	0x6c657b0	E	7	13	0x720a800
N6MobaAI6IValueE	0x6c657b0	0x6c65850	E	8	13	0x720a800
N6MobaAI21ConditionalExpressionE	0x6c65840	0x6c658e0	E	7	13	0x720a800
N6MobaAI13TeamBuildRuleE	0x6c658d0	0x6c65970	E	7	13	0x720a800
N6MobaAI17HeroMoveCurveInfoE	0x6c65960	0x6c65a00	E	7	13	0x720a800
N6MobaAI15VisionPointDataE	0x6c659f0	0x6c65a90	E	7	13	0x720a800
N6MobaAI23AiMoveNearbyMonsterInfoE	0x6c65a80	0x6c65b20	E	7	13	0x720a800
N6MobaAI15AIHighLightInfoE	0x6c65b10	0x6c65bb0	E	7	13	0x720a800
N6MobaAI19ActorSkillDebugInfoE	0x6c65ba0	0x6c65c40	E	7	13	0x720a800
N6MobaAI21RemoteArriveSkillInfoE	0x6c65c30	0x6c65cd0	E	7	13	0x720a800
N6MobaAI17TeamCastSkillInfoE	0x6c65cc0	0x6c65d60	E	7	13	0x720a800
N6MobaAI22MoveToSpecifiedPosInfoE	0x6c65d50	0x6c65df0	E	7	13	0x720a800
N6MobaAI19AiMoveMgrOffsetInfoE	0x6c65de0	0x6c65e80	E	7	13	0x720a800
N6MobaAI39PushTowerSignalAnalyzeData_DestroyEventE	0x6c65e70	0x6c65f10	E	7	13	0x720a800
N6MobaAI33PushTowerSignalAnalyzeData_ScriptE	0x6c65f00	0x6c65fa0	E	7	13	0x720a800
N6MobaAI26PushTowerSignalAnalyzeDataE	0x6c65fc0	0x6c66040	B	6	11	0x720a800
N6MobaAI23PushTowerSignalAnalyzerE	0x6c660d0	0x6c66150	B	6	11	0x720a800
N6MobaAI14MoveToCostInfoE	0x6c661b0	0x6c66250	E	7	13	0x720a800
N6MobaAI20OccupySignalAnalyzerE	0x6c66240	0x6c662e0	E	7	13	0x720a800
N6MobaAI34CommonTeamFightPointSignalAnalyzerE	0x6c662d0	0x6c66370	E	7	13	0x720a800
N6MobaAI21OpeningSignalAnalyzerE	0x6c66360	0x6c66400	E	7	13	0x720a800
N6MobaAI28AICooperativeSignalGeneratorE	0x6c663f0	0x6c66490	E	7	13	0x720a800
N6MobaAI34PushTowerStrategyTargetExploreDataE	0x6c66480	0x6c66520	E	7	13	0x720a800
N6MobaAI18PerformerDramaInfoE	0x6c66540	0x6c665c0	B	6	11	0x720a800
N6MobaAI18LastTeamActionInfoE	0x6c66620	0x6c666c0	E	7	13	0x720a800
N6MobaAI25PreparationDifficultyInfoE	0x6c666b0	0x6c66750	E	7	13	0x720a800
N6MobaAI10SupplyInfoE	0x6c66740	0x6c667e0	E	7	13	0x720a800
N6MobaAI21ChangeMonsterAreaInfoE	0x6c667d0	0x6c66870	E	7	13	0x720a800
N6MobaAI23PreparationDispatchInfoE	0x6c66860	0x6c66900	E	7	13	0x720a800
N6MobaAI22DcAIWinRatePredictItemE	0x6c668f0	0x6c66990	E	7	13	0x720a800
N6MobaAI26PlayerAbilityDetectionInfoE	0x6c66980	0x6c66a20	E	7	13	0x720a800
N6MobaAI21DcAIManageProcessItemE	0x6c66a10	0x6c66ab0	E	7	13	0x720a800
N6MobaAI26AiVisiDrawActorPositionMsgE	0x6c66aa0	0x6c66b40	E	7	13	0x720a800
N6MobaAI28AiVisiDrawActorRadiusInfoMsgE	0x6c66b30	0x6c66bd0	E	7	13	0x720a800
N6MobaAI24AiVisiDrawActorTargetMsgE	0x6c66bc0	0x6c66c60	E	7	13	0x720a800
N6MobaAI27AiVisiDrawActorWarRadiusMsgE	0x6c66c50	0x6c66cf0	E	7	13	0x720a800
N6MobaAI20AiVisiDrawNavPathMsgE	0x6c66ce0	0x6c66d80	E	7	13	0x720a800
N6MobaAI25AiVisiEditorDrawCircleMsgE	0x6c66d70	0x6c66e10	E	7	13	0x720a800
N6MobaAI23AiVisiEditorDrawLineMsgE	0x6c66e00	0x6c66ea0	E	7	13	0x720a800
N6MobaAI30AiVisiEditorDrawLineWithDirMsgE	0x6c66e90	0x6c66f30	E	7	13	0x720a800
N6MobaAI22AiVisiEditorDrawRayMsgE	0x6c66f20	0x6c66fc0	E	7	13	0x720a800
N6MobaAI23AiVisiEditorDrawRectMsgE	0x6c66fb0	0x6c67050	E	7	13	0x720a800
N6MobaAI30AiVisiEditorDrawRectWithPosMsgE	0x6c67040	0x6c670e0	E	7	13	0x720a800
N6MobaAI25AiVisiEditorDrawSphereMsgE	0x6c670d0	0x6c67170	E	7	13	0x720a800
N6MobaAI29AiVisiEditorDrawWireSphereMsgE	0x6c67160	0x6c67200	E	7	13	0x720a800
N6MobaAI26AiVisiHeroMoveCurveDrawMsgE	0x6c67350	0x6c673e0	C	10	16	0x720a800
N6MobaAI14GankTargetConfE	0x6c67610	0x6c676b0	E	7	13	0x720a800
N6MobaAI16AttackDragonConfE	0x6c676a0	0x6c67740	E	7	13	0x720a800
N6MobaAI22AiTeamActiveVerifyDataE	0x6c67760	0x6c677f0	C	10	16	0x720a800
N6MobaAI23AiTeamTacticsVerifyDataE	0x6c67880	0x6c67910	C	10	16	0x720a800
N6MobaAI35GameSafeMonitor_StrategicTargetInfoE	0x6c67970	0x6c67a10	E	7	13	0x720a800
N6MobaAI34GameSafeMonitor_ActorHurtInfoProtoE	0x6c67a00	0x6c67aa0	E	7	13	0x720a800
N6MobaAI34GameSafeMonitor_ActorKillInfoProtoE	0x6c67a90	0x6c67b30	E	7	13	0x720a800
N6MobaAI33GameSafeMonitor_ActorDieInfoProtoE	0x6c67b20	0x6c67bc0	E	7	13	0x720a800
N6MobaAI38GameSafeMonitor_ActorUseSkillInfoProtoE	0x6c67bb0	0x6c67c50	E	7	13	0x720a800
N6MobaAI35GameSafeMonitor_SendSignalInfoProtoE	0x6c67c40	0x6c67ce0	E	7	13	0x720a800
N6MobaAI40GameSafeMonitor_ActorUseHexGateInfoProtoE	0x6c67cd0	0x6c67d70	E	7	13	0x720a800
N6MobaAI17ControledBuffInfoE	0x6c67d60	0x6c67e00	E	7	13	0x720a800
N6MobaAI25ArtistDeathAccumulateInfoE	0x6c67df0	0x6c67e90	E	7	13	0x720a800
N6MobaAI32TDRAICoachDeadInfoHeroDebuffDataE	0x6c67e80	0x6c67f20	E	7	13	0x720a800
N6MobaAI31TDRAICoachDeadInfoHeroSkillDataE	0x6c67f40	0x6c67fc0	B	6	11	0x720a800
N6MobaAI26TDRAICoachDeadInfoHeroDataE	0x6c68020	0x6c680c0	E	7	13	0x720a800
N6MobaAI29TDRAICoachDeadInfoMonsterDataE	0x6c680b0	0x6c68150	E	7	13	0x720a800
N6MobaAI32TDRAICoachDeadInfoMergeActorDataE	0x6c68140	0x6c681e0	E	7	13	0x720a800
N6MobaAI18TDRAICoachDeadInfoE	0x6c68200	0x6c68280	B	6	11	0x720a800
N6MobaAI26TDRAICoachTowerPlatingInfoE	0x6c682e0	0x6c68380	E	7	13	0x720a800
N6MobaAI24TDRAICoachCreateWardInfoE	0x6c68370	0x6c68410	E	7	13	0x720a800
N6MobaAI25TDRAICoachDestroyWardInfoE	0x6c68400	0x6c684a0	E	7	13	0x720a800
N6MobaAI23TDRAICoachHighLightInfoE	0x6c68490	0x6c68530	E	7	13	0x720a800
N6MobaAI25TDRAICoachKillMonsterInfoE	0x6c68520	0x6c685c0	E	7	13	0x720a800
N6MobaAI21TDRAICoachAddBuffDataE	0x6c685b0	0x6c68650	E	7	13	0x720a800
N6MobaAI24TDRAICoachRemoveBuffDataE	0x6c68640	0x6c686e0	E	7	13	0x720a800
N6MobaAI18TDRAICoachHeroDataE	0x6c68700	0x6c68780	B	6	11	0x720a800
N6MobaAI15EGABaseEventMgrE	0x6c688b0	0x6c68950	E	8	13	0x720a800
N11FrameEngine5Logic19ESportDataCollectorE	0x6c68950	0x6c689f0	E	8	13	0x720a800
N14DataCollectSpc15DcKillAwardItemE	0x6c68a80	0x6c68b20	E	7	13	0x720a800
N14DataCollectSpc24DcPlayerDamageDetailItemE	0x6c68b40	0x6c68bc0	B	6	11	0x720a800
N14DataCollectSpc20DcActiveEquipUseItemE	0x6c68c20	0x6c68cc0	E	7	13	0x720a800
N14DataCollectSpc19LethalTempoDcRecordE	0x6c68cb0	0x6c68d50	E	7	13	0x720a800
N14DataCollectSpc11DcWardActorE	0x6c68e20	0x6c68ec0	E	7	13	0x720a800
N14DataCollectSpc21DcWardExposeActorDataE	0x6c68eb0	0x6c68f50	E	7	13	0x720a800
N14DataCollectSpc17DcWardDetailActorE	0x6c68f70	0x6c68ff0	B	6	11	0x720a800
N14DataCollectSpc21DcPlayerAIManagerStatE	0x6c69050	0x6c690f0	E	7	13	0x720a800
N14DataCollectSpc22DcHighlightControlItemE	0x6c690e0	0x6c69180	E	7	13	0x720a800
N14DataCollectSpc27DcHighlightKeyProtectorItemE	0x6c69170	0x6c69210	E	7	13	0x720a800
N14DataCollectSpc16DcKillAssistItemE	0x6c69200	0x6c692a0	E	7	13	0x720a800
N14DataCollectSpc14PerfectFitInfoE	0x6c692c0	0x6c69340	B	6	11	0x720a800
N14DataCollectSpc23DcBattleInteractiveItemE	0x6c693a0	0x6c69440	E	7	13	0x720a800
N14DataCollectSpc25PlayerCherryRoundDataItemE	0x6c69460	0x6c694e0	B	6	11	0x720a800
N14DataCollectSpc27DistributedLocationBuffInfoE	0x6c69540	0x6c695e0	E	7	13	0x720a800
N14DataCollectSpc20TeamFightPlayerGroupE	0x6c695d0	0x6c69670	E	7	13	0x720a800
N14DataCollectSpc19PlayerTeamFightStatE	0x6c69660	0x6c69700	E	7	13	0x720a800
N14DataCollectSpc16PlayerHurtRecordE	0x6c696f0	0x6c69790	E	7	13	0x720a800
N14DataCollectSpc22HexAramBuffResTypeInfoE	0x6c69780	0x6c69820	E	7	13	0x720a800
N14DataCollectSpc30SpellBookSkillSelectedDataItemE	0x6c69810	0x6c698b0	E	7	13	0x720a800
N14DataCollectSpc22PlayerEquipForgeRecordE	0x6c698d0	0x6c69950	B	6	11	0x720a800
N14DataCollectSpc17EpicMonsterSignalE	0x6c699b0	0x6c69a50	E	7	13	0x720a800
N14DataCollectSpc19DcSPTargetStateItemE	0x6c69a40	0x6c69ae0	E	7	13	0x720a800
N14DataCollectSpc21DcGlobalTopHareldInfoE	0x6c69bb0	0x6c69c50	E	7	13	0x720a800
N14DataCollectSpc14LiveShowDcBaseE	0x6c69d30	0x6c69dd0	E	8	13	0x720a800
N11FrameEngine6Common12EventAdapterE	0x6c69dd0	0x6c69e70	E	9	13	0x720a800
N11FrameEngine6Common22LgcEventManagerAdapterE	0x6c69f00	0x6c69f90	C	9	16	0x720a800
N11FrameEngine6Common24ActorEventManagerAdapterE	0x6c6a090	0x6c6a120	C	9	16	0x720a800
N11FrameEngine6Common5SkillE	0x6c6a180	0x6c6a220	E	8	13	0x720a800
N11FrameEngine6Common4BuffE	0x6c6a210	0x6c6a2b0	E	8	13	0x720a800
N11FrameEngine6Common7FlowMgrE	0x6c6a2a0	0x6c6a340	E	8	13	0x720a800
N11FrameEngine6Common14DataCollectMgrE	0x6c6a330	0x6c6a3d0	E	8	13	0x720a800
N11FrameEngine6Common9ConfigMgrE	0x6c6a3c0	0x6c6a460	E	8	13	0x720a800
N11FrameEngine6Common18BattleEquipManagerE	0x6c6a450	0x6c6a4f0	E	8	13	0x720a800
N11FrameEngine15BattleRewindMgrE	0x6c6a4e0	0x6c6a580	E	7	13	0x720a800
N11FrameEngine6Common12FixNavFunnelE	0x6c6a5a0	0x6c6a620	B	7	11	0x720a800
N11FrameEngine5Logic14TileRaycastCfgE	0x6c6a680	0x6c6a720	E	8	13	0x720a800
	0x6c6a990	0x6c6aa20	C	13	16	
	0x6c6ae10	0x6c6aea0	C	13	16	
N11FrameEngine5Logic10TargetDataE	0x6c6b138	0x6c6b1c8	F	11	13	0x720a890
N11FrameEngine5Logic16SimpleFlowConfigE	0x6c6b240	0x6c6b2e0	E	8	13	0x720a800
N11FrameEngine6Common11RPNOperatorE	0x6c6b2d0	0x6c6b370	E	7	13	0x720a800
N11FrameEngine9Interface9GMSyncMgrE	0x6c6b360	0x6c6b400	E	8	13	0x720a800
N11FrameEngine5Logic8TimeBackE	0x6c6b3f0	0x6c6b490	E	8	13	0x720a800
N11FrameEngine5Logic11TargetUtilsE	0x6c6b480	0x6c6b520	E	8	13	0x720a800
N11FrameEngine6Common27IdCommonAssetConfigInfoItemE	0x6c6b510	0x6c6b5b0	E	7	13	0x720a800
N11FrameEngine14FullDumpWriterE	0x6c6b5a0	0x6c6b640	E	7	13	0x720a800
N11FrameEngine28FrameChecker_PlayerHashStackE	0x6c6b630	0x6c6b6d0	E	7	13	0x720a800
N11FrameEngine27FrameChecker_FrameHashStackE	0x6c6b6c0	0x6c6b760	E	7	13	0x720a800
N11FrameEngine5Extra18ActorMapAnchorInfoE	0x6c6b750	0x6c6b7f0	E	7	13	0x720a800
N11FrameEngine6Common18RPNActorAttrStringE	0x6c6b7e0	0x6c6b880	E	7	13	0x720a800
N11FrameEngine6Common28RPNActorAttrString_AttrValueE	0x6c6b870	0x6c6b910	E	7	13	0x720a800
N11FrameEngine5Logic19BattleConditionArgsE	0x6c6b9a0	0x6c6ba40	E	8	13	0x720a800
N11FrameEngine21FeInterfaceCallStatisE	0x6c6bac0	0x6c6bb60	E	7	13	0x720a800
N11FrameEngine5Logic14CherryMathRuleE	0x6c6bb80	0x6c6bc00	B	7	11	0x720a800
N11FrameEngine5Logic21CherryTeamMatchWeightE	0x6c6bd08	0x6c6bd98	F	11	13	0x720a890
N11FrameEngine5Logic22BattlePlayerCherryDataE	0x6c6bda0	0x6c6be40	E	8	13	0x720a800
N11FrameEngine6Common12AudioManagerE	0x6c6be30	0x6c6bed0	E	8	13	0x720a800
N11FrameEngine6Common13VariableShellE	0x6c6bec0	0x6c6bf60	E	8	13	0x720a800
N11FrameEngine6Common18VariableActorShellE	0x6c6bf50	0x6c6bff0	E	8	13	0x720a800
N11FrameEngine6Common18VariableFix64ShellE	0x6c6bfe0	0x6c6c080	E	8	13	0x720a800
N11FrameEngine5Logic15EscortEventArgsE	0x6c6c070	0x6c6c110	E	7	13	0x720a800
N6MobaAI13LinkPointInfoE	0x6c6c100	0x6c6c1a0	E	7	13	0x720a800
N6MobaAI19SearchLinkPointInfoE	0x6c6c190	0x6c6c230	E	7	13	0x720a800
N6MobaAI16PreparationModelE	0x6c6c220	0x6c6c2c0	E	7	13	0x720a800
N6MobaAI11GankPredictE	0x6c6c2b0	0x6c6c350	E	7	13	0x720a800
N6MobaAI16GankMemberFilterE	0x6c6c340	0x6c6c3e0	E	7	13	0x720a800
N6MobaAI19GankSelectAmbuscadeE	0x6c6c3d0	0x6c6c470	E	7	13	0x720a800
N6MobaAI19GankModelSimulationE	0x6c6c460	0x6c6c500	E	7	13	0x720a800
N6MobaAI17PredictTargetInfoE	0x6c6c4f0	0x6c6c590	E	7	13	0x720a800
N6MobaAI24TeamTaticsFightEvaluatorE	0x6c6c580	0x6c6c620	E	7	13	0x720a800
N6MobaAI21DefanceBaseTargetInfoE	0x6c6c640	0x6c6c6c0	B	6	11	0x720a800
N6MobaAI12GankStrategyE	0x6c6c800	0x6c6c890	C	11	16	0x720a800
N6MobaAI15SupportInitInfoE	0x6c6c8f0	0x6c6c990	E	7	13	0x720a800
N6MobaAI15SupportStrategyE	0x6c6ca60	0x6c6caf0	C	11	16	0x720a800
N6MobaAI20TeamTaticsFightGroupE	0x6c6cb50	0x6c6cbf0	E	7	13	0x720a800
N6MobaAI22PushLineSelectPosModelE	0x6c6cbe0	0x6c6cc80	E	7	13	0x720a800
N6MobaAI17AiHeroProfileInfoE	0x6c6cc70	0x6c6cd10	E	7	13	0x720a800
N6MobaAI14FightActorInfoE	0x6c6cd00	0x6c6cda0	E	7	13	0x720a800
N6MobaAI19SupportFightingInfoE	0x6c6cd90	0x6c6ce30	E	7	13	0x720a800
N6MobaAI19SupportMemberFilterE	0x6c6ce20	0x6c6cec0	E	7	13	0x720a800
N6MobaAI9PushModelE	0x6c6ceb0	0x6c6cf50	E	7	13	0x720a800
N6MobaAI17PushTowerInitInfoE	0x6c6cf40	0x6c6cfe0	E	7	13	0x720a800
N14DataCollectSpc30LiveShowDcTimeSeriesPlayerDataE	0x6c6cfd0	0x6c6d070	E	7	13	0x720a800
N11FrameEngine16BehaviorDesigner13NamedVariableE	0x6c6d100	0x6c6d190	C	8	16	0x720a800
N6MobaAI14BattleActorRefE	0x6c6d1f0	0x6c6d290	E	7	13	0x720a800
N11FrameEngine6Common49FlowActionGetRandomPointsInDivideCircle_BlockNodeE	0x6c6d280	0x6c6d320	E	8	13	0x720a800
	0x6c6d610	0x6c6d6a0	C	15	16	
N11FrameEngine9Interface29FEBlockShapeDataIsogonSyncMsgE	0x6c70340	0x6c703d0	C	10	16	0x720a800
N11FrameEngine9Interface17FEEffectNewVfxMsgE	0x6c71530	0x6c715c0	C	10	16	0x720a800
N11FrameEngine9Interface17FEEffectSetVfxMsgE	0x6c71b40	0x6c71bd0	C	10	16	0x720a800
N11FrameEngine9Interface41FEEventMsgActorLgcRenderer_SetShaderGroupE	0x6c74390	0x6c74420	C	10	16	0x720a800
N11FrameEngine9Interface38FEEventMsgBattleActor_RealmTowerChangeE	0x6c74cc0	0x6c74d50	C	10	16	0x720a800
N11FrameEngine5Logic15FowNodeRealTimeE	0x6c78500	0x6c78590	C	12	16	0x720a800
N11FrameEngine9Interface20FowNodeListInPolygonE	0x6c78620	0x6c786a0	B	7	11	0x720a800
N11FrameEngine9Interface15FowMapInfoCacheE	0x6c78730	0x6c787b0	B	7	11	0x720a800
N11FrameEngine9Interface12FowRadiusFixE	0x6c78810	0x6c788b0	E	8	13	0x720a800
	0x6c79070	0x6c79100	C	14	16	
N11FrameEngine5Logic30ActorComponentAuxiliaryMonsterE	0x6c79480	0x6c79510	C	15	16	
N11FrameEngine5Logic19GemSkillMonsterDataE	0x6c79568	0x6c795f8	F	7	13	0x720a890
N11FrameEngine13DataShellListIPNS_5Logic49FlowActionCreateGemSkillActor_ReplacementSkillVarENS_15DataShellConfig9IsDemDataENS4_11NotSyncDataENS4_12NotSharedPtrEEE	0x6c79600	0x6c796a0	E	7	13	0x720a800
	0x6c7a020	0x6c7a0b0	C	13	16	
	0x6c7a650	0x6c7a6e0	C	13	16	
N11FrameEngine5Logic24EffectModSkillCD_ModInfoE	0x6c7a8f0	0x6c7a990	E	8	13	0x720a800
	0x6c7adb0	0x6c7ae40	C	13	16	
	0x6c7b480	0x6c7b510	C	13	16	
N11FrameEngine5Logic7DeltaHPE	0x6c7b860	0x6c7b900	E	8	13	0x720a800
	0x6c7bb60	0x6c7bbf0	C	14	16	
N11FrameEngine5Logic21ModifySkillRangeByBufE	0x6c7bd70	0x6c7be10	E	9	13	0x720a800
N11FrameEngine13DataShellListIPNS_5Logic21ModifySkillRangeByBufENS_15DataShellConfig9IsDemDataENS4_11NotSyncDataENS4_12NotSharedPtrEEE	0x6c7be00	0x6c7bea0	E	7	13	0x720a800
N11FrameEngine5Logic37LgcMsg_EVENT_APPEND_SHELVES_EQUIPMENTE	0x6c7ccf0	0x6c7cd80	C	10	16	0x720a800
N11FrameEngine5Logic40LgcMsg_EVENT_APPEND_SHELVES_EQUIPMENT_FDE	0x6c7cf70	0x6c7d000	C	10	16	0x720a800
N11FrameEngine5Logic40LgcMsg_EVENT_NOTIFY_INTERACTION_FISTBUMPE	0x6c806a0	0x6c80730	C	10	16	0x720a800
N11FrameEngine5Logic22LgcMsg_EVENT_SEND_CHATE	0x6c81f80	0x6c82010	C	10	16	0x720a800
N11FrameEngine5Logic31LgcMsg_EVENT_SPECIALEVENT_REACHE	0x6c83250	0x6c832e0	C	10	16	0x720a800
N11FrameEngine13DataShellListIP22InputBufferActionLogicNS_15DataShellConfig9IsDemDataENS3_10IsSyncDataENS3_12NotSharedPtrEEE	0x6c86350	0x6c863f0	E	7	13	0x720a800
N11FrameEngine5Logic28SkillGemVarParamAddBuff_ItemE	0x6c863e0	0x6c86480	E	8	13	0x720a800
N11FrameEngine5Logic27SkillGemVarParamAddGem_ItemE	0x6c86470	0x6c86510	E	8	13	0x720a800
N11FrameEngine5Logic31SkillGemVarParamAddGem_SlotItemE	0x6c86500	0x6c865a0	E	8	13	0x720a800
N11FrameEngine5Logic26SkillGemVarParamSingleAttrE	0x6c86638	0x6c866c8	F	11	13	0x720a890
N11FrameEngine5Logic44SkillGemVarParamConditionalBuff_ApplyBuffSetE	0x6c866d0	0x6c86770	E	8	13	0x720a800
N11FrameEngine5Logic48SkillGemVarParamConditionalBuff_ListeningBuffSetE	0x6c86760	0x6c86800	E	8	13	0x720a800
N11FrameEngine5Logic37SkillGemVarParamReplaceGem_GemReplaceE	0x6c867f0	0x6c86890	E	8	13	0x720a800
N11FrameEngine5Logic38SkillGemVarParamReplaceGem_SlotReplaceE	0x6c86880	0x6c86920	E	8	13	0x720a800
N11FrameEngine5Logic16SkillVarListBaseE	0x6c869d8	0x6c86a68	F	11	13	0x720a890
N11FrameEngine5Logic28SkillGemVarParamSkillVarDataE	0x6c86b18	0x6c86ba8	F	11	13	0x720a890
N11FrameEngine13DataShellListIPNS_5Logic37SkillGemVarParamSkillVarExtraAttrDataENS_15DataShellConfig9IsDemDataENS4_10IsSyncDataENS4_12NotSharedPtrEEE	0x6c86bb0	0x6c86c50	E	7	13	0x720a800
	0x6c86e90	0x6c86f20	C	14	16	
N11FrameEngine5Logic18SkillVarMultiSkillE	0x6c87138	0x6c871c8	F	11	13	0x720a890
	0x6c87420	0x6c874b0	C	14	16	
N11FrameEngine13DataShellListIPNS_5Logic18SkillVarMultiSkillENS_15DataShellConfig9IsDemDataENS4_10IsSyncDataENS4_12NotSharedPtrEEE	0x6c87620	0x6c876c0	E	7	13	0x720a800
N11FrameEngine5Logic21SkillVarSplitSkillDirE	0x6c87758	0x6c877e8	F	11	13	0x720a890
	0x6c87a40	0x6c87ad0	C	14	16	
N11FrameEngine13DataShellListIPNS_5Logic21SkillVarSplitSkillDirENS_15DataShellConfig9IsDemDataENS4_10IsSyncDataENS4_12NotSharedPtrEEE	0x6c87c40	0x6c87ce0	E	7	13	0x720a800
N11FrameEngine5Logic21SkillVarSplitSkillRegE	0x6c87d78	0x6c87e08	F	11	13	0x720a890
	0x6c88060	0x6c880f0	C	14	16	
N11FrameEngine13DataShellListIPNS_5Logic21SkillVarSplitSkillRegENS_15DataShellConfig9IsDemDataENS4_10IsSyncDataENS4_12NotSharedPtrEEE	0x6c88260	0x6c88300	E	7	13	0x720a800
N11FrameEngine13DataShellListIPNS_5Logic21SkillVarSummonedActorENS_15DataShellConfig9IsDemDataENS4_10IsSyncDataENS4_12NotSharedPtrEEE	0x6c882f0	0x6c88390	E	7	13	0x720a800
	0x6c885d0	0x6c88660	C	14	16	
N6MobaAI13AISkillInfoXXE	0x6c887d0	0x6c88870	E	7	13	0x720a800
N6MobaAI14PlayerTypeInfoE	0x6c88860	0x6c88900	E	7	13	0x720a800
N6MobaAI16ValueCompareInfoE	0x6c888f0	0x6c88990	E	7	13	0x720a800
N6MobaAI19DistanceCompareInfoE	0x6c88980	0x6c88a20	E	7	13	0x720a800
N6MobaAI21ActorSelectOutPutInfoE	0x6c88a10	0x6c88ab0	E	7	13	0x720a800
N6MobaAI15InteractiveInfoE	0x6c88aa0	0x6c88b40	E	7	13	0x720a800
N6MobaAI18InteractiveNewInfoE	0x6c88b30	0x6c88bd0	E	7	13	0x720a800
N6MobaAI19AttributeOutPutInfoE	0x6c88d00	0x6c88da0	E	7	13	0x720a800
N6MobaAI18CampDataOutPutInfoE	0x6c88d90	0x6c88e30	E	7	13	0x720a800
N6MobaAI15MoveToGrassInfoE	0x6c88e20	0x6c88ec0	E	7	13	0x720a800
N6MobaAI17ConditionParamterE	0x6c88ee0	0x6c88f60	B	6	11	0x720a800
N6MobaAI14ActionParamterE	0x6c88fc0	0x6c89060	E	7	13	0x720a800
N6MobaAI20SimulationMENGSummonE	0x6c89050	0x6c890f0	E	7	13	0x720a800
N11FrameEngine5Logic14HeroHurtedInfoE	0x6c89188	0x6c89218	F	11	13	0x720a890
N11FrameEngine13DataShellListIPNS_5Logic20SkillGemVarParamBaseENS_15DataShellConfig9IsDemDataENS4_10IsSyncDataENS4_12NotSharedPtrEEE	0x6c89220	0x6c892c0	E	7	13	0x720a800
N11FrameEngine13DataShellListIhNS_15DataShellConfig9IsDemDataENS1_10IsSyncDataENS1_12NotSharedPtrEEE	0x6c892b0	0x6c89350	E	7	13	0x720a800
N11FrameEngine19DataShellDictionaryIiPNS_5Logic15AttrTypeBEUnitsENS_15DataShellConfig9IsDemDataENS4_10IsSyncDataENS4_12NotSharedPtrEEE	0x6c89360	0x6c893f0	C	10	16	0x720a800
N11FrameEngine13DataShellListIPNS_5Logic13TrackPosParamENS_15DataShellConfig9IsDemDataENS4_10IsSyncDataENS4_12NotSharedPtrEEE	0x6c89450	0x6c894f0	E	7	13	0x720a800
N11FrameEngine6Common14RPNAnalyzeDataE	0x6c89588	0x6c89618	F	11	13	0x720a890
N11FrameEngine19DataShellDictionaryImPNS_5Logic13SurrenderDataENS_15DataShellConfig9IsDemDataENS4_10IsSyncDataENS4_12NotSharedPtrEEE	0x6c89640	0x6c896d0	C	10	16	0x720a800
N11FrameEngine13DataShellListImNS_15DataShellConfig9IsDemDataENS1_10IsSyncDataENS1_12NotSharedPtrEEE	0x6c89730	0x6c897d0	E	7	13	0x720a800
N11FrameEngine13DataShellListIPNS_5Logic9VoteLogicENS_15DataShellConfig9IsDemDataENS4_10IsSyncDataENS4_12NotSharedPtrEEE	0x6c897c0	0x6c89860	E	7	13	0x720a800
N11FrameEngine19DataShellDictionaryIjPNS_5Logic9ActorBuffENS_15DataShellConfig9IsDemDataENS4_10IsSyncDataENS4_12NotSharedPtrEEE	0x6c89870	0x6c89900	C	10	16	0x720a800
N11FrameEngine19DataShellDictionaryIjPNS_5Logic10ActorSkillENS_15DataShellConfig9IsDemDataENS4_10IsSyncDataENS4_12NotSharedPtrEEE	0x6c89980	0x6c89a10	C	10	16	0x720a800
N11FrameEngine13DataShellListIPNS_5Logic10ActorSkillENS_15DataShellConfig9IsDemDataENS4_11NotSyncDataENS4_12NotSharedPtrEEE	0x6c89a70	0x6c89b10	E	7	13	0x720a800
N11FrameEngine13DataShellListIPNS_5Logic10ActorSkillENS_15DataShellConfig9IsDemDataENS4_11NotSyncDataENS4_12NotSharedPtrEEE	0x6c89bc0	0x6c89c50	C	15	16	
N11FrameEngine5Logic36BattlePlayerStatistic_MoneyStatisticE	0x6c89ca8	0x6c89d38	F	7	13	0x720a890
N11FrameEngine19DataShellDictionaryIiPNS_5Logic26BattlePlayerCommercialItemENS_15DataShellConfig9IsDemDataENS4_10IsSyncDataENS4_12NotSharedPtrEEE	0x6c89d60	0x6c89df0	C	10	16	0x720a800
N11FrameEngine13DataShellListIPNS_5Logic12RuneStatDataENS_15DataShellConfig9IsDemDataENS4_10IsSyncDataENS4_12NotSharedPtrEEE	0x6c89e50	0x6c89ef0	E	7	13	0x720a800
N11FrameEngine13DataShellListIPNS_5Logic18DynamicActiveSkillENS_15DataShellConfig9IsDemDataENS4_10IsSyncDataENS4_12NotSharedPtrEEE	0x6c89ee0	0x6c89f80	E	7	13	0x720a800
N11FrameEngine13DataShellListIPNS_5Logic19DynamicPassiveSkillENS_15DataShellConfig9IsDemDataENS4_10IsSyncDataENS4_12NotSharedPtrEEE	0x6c89f70	0x6c8a010	E	7	13	0x720a800
N11FrameEngine5Logic15SkillDamageInfoE	0x6c8a000	0x6c8a0a0	E	8	13	0x720a800
N11FrameEngine5Logic37FlowActionElectrocute_ElectrocuteFlagE	0x6c8a090	0x6c8a130	E	8	13	0x720a800
N11FrameEngine13DataShellListIPNS_5Logic26SkillGemVarParamSingleAttrENS_15DataShellConfig9IsDemDataENS4_10IsSyncDataENS4_12NotSharedPtrEEE	0x6c8a120	0x6c8a1c0	E	7	13	0x720a800
N11FrameEngine13DataShellListIPNS_5Logic33SkillGemVarParamFormulaSingleDataENS_15DataShellConfig9IsDemDataENS4_10IsSyncDataENS4_12NotSharedPtrEEE	0x6c8a1b0	0x6c8a250	E	7	13	0x720a800
N11FrameEngine13DataShellListIPNS_5Logic28SkillGemVarParamSkillVarDataENS_15DataShellConfig9IsDemDataENS4_10IsSyncDataENS4_12NotSharedPtrEEE	0x6c8a240	0x6c8a2e0	E	7	13	0x720a800
N11FrameEngine6Common11FixQuadTreeIPNS_5Logic14SamplePointObjENS0_5Fix64EEE	0x6c8a300	0x6c8a380	B	6	11	0x720a800
N11FrameEngine6Common12FixIndexListIPNS0_5SkillEEE	0x6c8a3e0	0x6c8a480	E	7	13	0x720a800
N11FrameEngine6Common12FixIndexListIPNS0_4BuffEEE	0x6c8a470	0x6c8a510	E	7	13	0x720a800
N11FrameEngine6Common12FixIndexListIPNS0_5ActorEEE	0x6c8a500	0x6c8a5a0	E	7	13	0x720a800
N11FrameEngine6Common12FixIndexListIPNS0_10ProjectileEEE	0x6c8a590	0x6c8a630	E	7	13	0x720a800
N11FrameEngine6Common12FixIndexListIPNS0_6PlayerEEE	0x6c8a620	0x6c8a6c0	E	7	13	0x720a800
N11FrameEngine6Common13DictListProxyIPNS0_23SpellBookSkillResObjectEEE	0x6c8a6e0	0x6c8a760	B	6	11	0x720a800
N11FrameEngine6Common13DictListProxyIPNS0_17SkillTipResObjectEEE	0x6c8a7f0	0x6c8a870	B	6	11	0x720a800
N11FrameEngine6Common14LoopSafeCursorIPNS_5Logic18ParallelFlowActionEEE	0x6c8a8d0	0x6c8a970	E	7	13	0x720a800
N11FrameEngine6Common12LoopSafeListIPNS_5Logic18ParallelFlowActionEEE	0x6c8a990	0x6c8aa10	B	6	11	0x720a800
N11FrameEngine6Common14LoopSafeCursorIiEE	0x6c8aa70	0x6c8ab10	E	7	13	0x720a800
N11FrameEngine6Common12LoopSafeListIiEE	0x6c8ab30	0x6c8abb0	B	6	11	0x720a800
	0x6ce3df0	0x6ce3e80	C	16	16	
N11FrameEngine6Common18MonsterAssetObjectE	0x6ce3ec8	0x6ce3f58	F	6	13	0x720a890
	0x6ce4440	0x6ce44d0	C	14	16	
N11FrameEngine6Common24BuffTypeGroupAssetObjectE	0x6ce4710	0x6ce47a0	C	11	16	0x720a800
N11FrameEngine6Common24SkillGemParamValueConfigE	0x6ce48c0	0x6ce4950	C	8	16	0x720a800
	0x6ce5090	0x6ce5120	C	14	16	
	0x6ce5ac0	0x6ce5b50	C	14	16	
	0x6ce64f0	0x6ce6580	C	14	16	
	0x6ce6f20	0x6ce6fb0	C	14	16	
	0x6ce7950	0x6ce79e0	C	14	16	
	0x6ce8380	0x6ce8410	C	14	16	
	0x6ce8b90	0x6ce8c20	C	14	16	
	0x6ce9510	0x6ce95a0	C	14	16	
	0x6ce9b40	0x6ce9bd0	C	14	16	
	0x6cea420	0x6cea4b0	C	14	16	
	0x6ceac30	0x6ceacc0	C	14	16	
	0x6ceb390	0x6ceb420	C	14	16	
	0x6ceb910	0x6ceb9a0	C	14	16	
	0x6cebfd0	0x6cec060	C	14	16	
	0x6cec950	0x6cec9e0	C	14	16	
	0x6ced160	0x6ced1f0	C	14	16	
	0x6ced520	0x6ced5b0	C	15	16	
N11FrameEngine6Common10FlowObjectE	0x6ced608	0x6ced698	F	7	13	0x720a890
	0x6ced9a0	0x6ceda30	C	14	16	
	0x6cee060	0x6cee0f0	C	14	16	
	0x6cee5e0	0x6cee670	C	14	16	
	0x6ceec60	0x6ceecf0	C	16	16	
	0x6cef3f0	0x6cef480	C	16	16	
	0x6cef900	0x6cef990	C	16	16	
N11FrameEngine6Common14SharedVariableE	0x6cefa98	0x6cefb28	F	6	13	0x720a890
	0x6cf0010	0x6cf00a0	C	16	16	
	0x6cf0940	0x6cf09d0	C	16	16	
	0x6cf1220	0x6cf12b0	C	16	16	
	0x6cf1c40	0x6cf1cd0	C	16	16	
	0x6cf2780	0x6cf2810	C	14	16	
	0x6cf2fd0	0x6cf3060	C	14	16	
	0x6cf3750	0x6cf37e0	C	14	16	
	0x6cf3ed0	0x6cf3f60	C	14	16	
	0x6cf4650	0x6cf46e0	C	14	16	
	0x6cf4dd0	0x6cf4e60	C	14	16	
	0x6cf5550	0x6cf55e0	C	14	16	
	0x6cf5cd0	0x6cf5d60	C	14	16	
	0x6cf6450	0x6cf64e0	C	14	16	
	0x6cf6bd0	0x6cf6c60	C	14	16	
	0x6cf7160	0x6cf71f0	C	14	16	
	0x6cf7840	0x6cf78d0	C	14	16	
	0x6cf7fc0	0x6cf8050	C	14	16	
	0x6cf8740	0x6cf87d0	C	14	16	
	0x6cf8ec0	0x6cf8f50	C	14	16	
	0x6cf9640	0x6cf96d0	C	14	16	
	0x6cf9dc0	0x6cf9e50	C	14	16	
	0x6cfa540	0x6cfa5d0	C	14	16	
	0x6cfacc0	0x6cfad50	C	14	16	
	0x6cfb440	0x6cfb4d0	C	14	16	
	0x6cfbbc0	0x6cfbc50	C	14	16	
N11FrameEngine6Common22SkillGemParamRPNConfigE	0x6cfbf80	0x6cfc010	C	8	16	0x720a800
N11FrameEngine6Common15UnitAssetObjectE	0x6cfc0a0	0x6cfc130	C	11	16	0x720a800
N11FrameEngine6Common7RPNBaseE	0x6cfc1c8	0x6cfc240	A	6	11	0x720a800
N11FrameEngine6Common7OperandE	0x6cfc2d8	0x6cfc350	A	6	11	0x720a800
N11FrameEngine6Common12AiSkillLableE	0x6cfc3e8	0x6cfc460	A	6	11	0x720a800
N11FrameEngine6Common12AiSkillLableE	0x6cfc560	0x6cfc5f0	C	16	16	
N11FrameEngine6Common17BulletAssetObjectE	0x6cfc638	0x6cfc6c8	F	6	13	0x720a890
N11FrameEngine6Common17BulletAssetObjectE	0x6cfc770	0x6cfc800	C	16	16	
N11FrameEngine6Common20FreeSkillAssetObjectE	0x6cfc848	0x6cfc8d8	F	6	13	0x720a890
N11FrameEngine6Common10FixNavTileE	0x6cfcc00	0x6cfcc90	C	16	16	0x720a800
N11FrameEngine6Common11FixNavAstarE	0x6cfcd20	0x6cfcdb0	C	11	16	0x720a800
N11FrameEngine6Common13PriorityQueueIPNS0_10FixNavNodeEPNS0_11FixNavAstarEEE	0x6cfce10	0x6cfceb0	E	7	13	0x720a800
N11FrameEngine6Common10FixNavMeshE	0x6cfd1c0	0x6cfd250	C	16	16	0x720a800
	0x6cfd440	0x6cfd4d0	C	15	16	
N11FrameEngine5Logic13FixGameObjectE	0x6cfd598	0x6cfd628	F	7	13	0x720a890
	0x6cfd760	0x6cfd7f0	C	15	16	
N11FrameEngine5Logic12FixObjectMgrE	0x6cfd848	0x6cfd8d8	F	7	13	0x720a890
N11FrameEngine5Logic13FixObjectPoolE	0x6cfd918	0x6cfd990	A	7	11	0x720a800
N11FrameEngine5Logic13FixObjectPoolE	0x6cfdae0	0x6cfdb70	C	15	16	
N11FrameEngine5Logic12FixComponentE	0x6cfdbc8	0x6cfdc58	F	7	13	0x720a890
N11FrameEngine5Logic12FixComponentE	0x6cfdd00	0x6cfdd90	C	16	16	
N11FrameEngine6Common23VirtualSkillAssetObjectE	0x6cfddd8	0x6cfde68	F	6	13	0x720a890
N11FrameEngine6Common15RuneAssetObjectE	0x6cfdea0	0x6cfdf30	C	11	16	0x720a800
N11FrameEngine6Common15RuneAssetObjectE	0x6cfe030	0x6cfe0c0	C	16	16	
N11FrameEngine6Common15BuffAssetObjectE	0x6cfe108	0x6cfe198	F	6	13	0x720a890
N11FrameEngine6Common15BuffAssetObjectE	0x6cfe240	0x6cfe2d0	C	16	16	
N11FrameEngine6Common16SkillAssetObjectE	0x6cfe318	0x6cfe3a8	F	6	13	0x720a890
N11FrameEngine6Common21SkillFieldAssetObjectE	0x6cfe3e0	0x6cfe470	C	11	16	0x720a800
N11FrameEngine6Common21SkillFieldAssetObjectE	0x6cfe570	0x6cfe600	C	16	16	
N11FrameEngine6Common29EvacuateDropSchemeAssetObjectE	0x6cfe648	0x6cfe6d8	F	6	13	0x720a890
N11FrameEngine6Common14SkillAIConfigsE	0x6cfe718	0x6cfe790	A	6	11	0x720a800
N11FrameEngine6Common16EquipAssetObjectE	0x6cfe820	0x6cfe8b0	C	11	16	0x720a800
N11FrameEngine6Common16EquipAssetObjectE	0x6cfe9b0	0x6cfea40	C	16	16	
N11FrameEngine6Common24PreloadCommonAssetObjectE	0x6cfea88	0x6cfeb18	F	6	13	0x720a890
N11FrameEngine6Common20MapConfigAssetObjectE	0x6cfeb50	0x6cfebe0	C	11	16	0x720a800
N11FrameEngine6Common15MarkAssetObjectE	0x6cfec70	0x6cfed00	C	11	16	0x720a800
N11FrameEngine6Common22BattleEventAssetObjectE	0x6cfed90	0x6cfee20	C	11	16	0x720a800
N11FrameEngine6Common17FilterAssetObjectE	0x6cfeeb0	0x6cfef40	C	11	16	0x720a800
N11FrameEngine6Common15BulletResObjectE	0x6cff040	0x6cff0d0	C	8	16	0x720a800
N11FrameEngine5Logic15LuaFrameDataMgrE	0x6cff160	0x6cff1f0	C	11	16	0x720a800
N11FrameEngine5Logic17FEEventRestoreMgrE	0x6cff498	0x6cff510	A	7	11	0x720a800
N11FrameEngine5Extra24LogicBattleAssetExpanderE	0x6cff5a8	0x6cff620	A	6	11	0x720a800
N11FrameEngine5Extra23LogicSkillDataConfigMgrE	0x6cff6b8	0x6cff730	A	6	11	0x720a800
N11FrameEngine5Extra14LogicFlowUtilsE	0x6cff7c8	0x6cff840	A	6	11	0x720a800
N11FrameEngine6Common23IdCommonAssetConfigInfoE	0x6cffa50	0x6cffae0	C	10	16	0x720a800
N11FrameEngine6Common11ResItemBaseE	0x6cffb40	0x6cffbe0	E	2	13	0x720a800
N11FrameEngine6Common7ResItemE	0x6cffb70	0x6cffc00	C	6	16	0x720a800
N11FrameEngine6Common7ResNodeE	0x6cffc00	0x6cffc90	C	4	16	0x720a800
N11FrameEngine6Common7ResNodeE	0x6cffc90	0x6cffd20	C	4	16	0x720a800
N11FrameEngine5Extra28LogicBattleAssetPreloaderMgrE	0x6cffd98	0x6cffe10	A	6	11	0x720a800
N11FrameEngine5Extra17LogicVfsProcessorE	0x6cffea8	0x6cfff20	A	6	11	0x720a800
N11FrameEngine5Extra18LogicResPathParserE	0x6cfffb8	0x6d00030	A	6	11	0x720a800
N11FrameEngine5Extra32LogicBattleAssetDataProcessUtilsE	0x6d000c8	0x6d00140	A	6	11	0x720a800
N11FrameEngine5Extra13LogicVfsUtilsE	0x6d001d8	0x6d00250	A	6	11	0x720a800
N11FrameEngine6Common21IdAssetConfigInfoItemE	0x6d002e8	0x6d00360	A	6	11	0x720a800
N11FrameEngine6Common11ResUsedInfoE	0x6d003f8	0x6d00470	A	6	11	0x720a800
N11FrameEngine6Common20SkillLogicDataConfigE	0x6d00508	0x6d00580	A	6	11	0x720a800
N11FrameEngine6Common17IdAssetConfigInfoE	0x6d00618	0x6d00690	A	6	11	0x720a800
N11FrameEngine6Common16SkillCollectDataE	0x6d00728	0x6d007a0	A	6	11	0x720a800
N11FrameEngine6Common20ActorAssetConfigInfoE	0x6d00838	0x6d008b0	A	6	11	0x720a800
N11FrameEngine6Common16ParsedRecordItemE	0x6d00948	0x6d009c0	A	6	11	0x720a800
N11FrameEngine5Extra11RpnCacheMgrE	0x6d00a58	0x6d00ad0	A	6	11	0x720a800
N11FrameEngine5Extra30LogicBattleAssetPreloaderUtilsE	0x6d00b68	0x6d00be0	A	6	11	0x720a800
N11FrameEngine5Extra13LogicFlowPoolE	0x6d00c78	0x6d00cf0	A	6	11	0x720a800
N11FrameEngine5Extra25LogicBattleAssetPreloaderE	0x6d00d88	0x6d00e00	A	6	11	0x720a800
N11FrameEngine5Extra20LogicResHitStatisticE	0x6d00e98	0x6d00f10	A	6	11	0x720a800
N11FrameEngine16FEDriveEntryBaseE	0x6d01000	0x6d01090	C	16	16	0x720a800
N11FrameEngine22TransformValueAndBytesE	0x6d01128	0x6d011a0	A	6	11	0x720a800
N11FrameEngine13NoDiscardNodeE	0x6d013a8	0x6d01420	A	6	11	0x720a800
N11FrameEngine19DemDataBuffFreeListE	0x6d014b8	0x6d01530	A	7	11	0x720a800
N11FrameEngine15TraceRingBufferE	0x6d015c8	0x6d01640	A	6	11	0x720a800
N11FrameEngine18JitterSmoothPolicyE	0x6d01780	0x6d01810	C	13	16	0x720a890
N11FrameEngine18JitterSmoothPolicyE	0x6d01808	0x6d01898	F	2	13	0x720a890
N11FrameEngine18JitterBufferPolicyE	0x6d019a0	0x6d01a30	C	13	16	0x720a890
N11FrameEngine18JitterBufferPolicyE	0x6d01a28	0x6d01ab8	F	2	13	0x720a890
N11FrameEngine22LinearRegressionPolicyE	0x6d01b90	0x6d01c20	C	13	16	0x720a890
N11FrameEngine22LinearRegressionPolicyE	0x6d01c18	0x6d01ca8	F	2	13	0x720a890
N11FrameEngine14StrInBattleMgrE	0x6d01d08	0x6d01d80	A	7	11	0x720a800
N11FrameEngine6Common11BattlefieldE	0x6d01e18	0x6d01e90	A	7	11	0x720a800
N11FrameEngine6Common12SkillManagerE	0x6d01f28	0x6d01fa0	A	7	11	0x720a800
N11FrameEngine6Common11GameUnitMgrE	0x6d02038	0x6d020b0	A	7	11	0x720a800
N11FrameEngine6Common11GameUnitMgrE	0x6d021c0	0x6d02250	C	16	16	
N11FrameEngine6Common8GameUnitE	0x6d022a8	0x6d02338	F	7	13	0x720a890
	0x6d024f0	0x6d02580	C	16	16	
N11FrameEngine6Common17ProjectileManagerE	0x6d02688	0x6d02700	A	7	11	0x720a800
N11FrameEngine6Common7GameAPIE	0x6d02798	0x6d02810	A	7	11	0x720a800
N11FrameEngine6Common11BuffManagerE	0x6d028a8	0x6d02920	A	7	11	0x720a800
	0x6d02b30	0x6d02bc0	C	16	16	
N11FrameEngine6Common12ActorManagerE	0x6d02cc8	0x6d02d40	A	7	11	0x720a800
N11FrameEngine6Common9AnimationE	0x6d02dd8	0x6d02e50	A	7	11	0x720a800
N11FrameEngine6Common19EventManagerAdapterE	0x6d02ee8	0x6d02f60	A	7	11	0x720a800
N11FrameEngine6Common15LgcEventAdapterE	0x6d030a0	0x6d03130	C	11	16	0x720a800
N11FrameEngine6Common17ActorEventAdapterE	0x6d03270	0x6d03300	C	11	16	0x720a800
	0x6d03510	0x6d035a0	C	16	16	
N11FrameEngine6Common13PlayerManagerE	0x6d036a8	0x6d03720	A	7	11	0x720a800
N11FrameEngine16BehaviorDesigner16SimpleBevTreeMgrE	0x6d037b8	0x6d03830	A	6	11	0x720a800
N11FrameEngine16BehaviorDesigner21ConditionalReevaluateE	0x6d038c8	0x6d03940	A	6	11	0x720a800
N11FrameEngine16BehaviorDesigner11ConditionalE	0x6d03b60	0x6d03bf0	C	16	16	0x720a800
N11FrameEngine16BehaviorDesigner14SuccessForOnceE	0x6d03f10	0x6d03fa0	C	16	16	0x720a800
N11FrameEngine16BehaviorDesigner8RepeaterE	0x6d04520	0x6d045b0	C	16	16	0x720a800
N11FrameEngine16BehaviorDesigner9DecoratorE	0x6d049b0	0x6d04a40	C	16	16	0x720a800
N11FrameEngine16BehaviorDesigner13ReturnFailureE	0x6d04fc0	0x6d05050	C	16	16	0x720a800
N11FrameEngine16BehaviorDesigner13ReturnSuccessE	0x6d055d0	0x6d05660	C	16	16	0x720a800
N11FrameEngine16BehaviorDesigner9InterruptE	0x6d05be0	0x6d05c70	C	16	16	0x720a800
N11FrameEngine16BehaviorDesigner8InverterE	0x6d061f0	0x6d06280	C	16	16	0x720a800
N11FrameEngine16BehaviorDesigner12UntilFailureE	0x6d06800	0x6d06890	C	16	16	0x720a800
N11FrameEngine16BehaviorDesigner12UntilSuccessE	0x6d06e10	0x6d06ea0	C	16	16	0x720a800
	0x6d07040	0x6d070d0	C	15	16	
N11FrameEngine16BehaviorDesigner14BehaviorSourceE	0x6d07178	0x6d07208	F	11	13	0x720a890
N11FrameEngine16BehaviorDesigner4TaskE	0x6d072f0	0x6d07380	C	16	16	0x720a800
N11FrameEngine16BehaviorDesigner10ParentTaskE	0x6d07610	0x6d076a0	C	16	16	0x720a800
N11FrameEngine16BehaviorDesigner15GenericVariableE	0x6d07738	0x6d077b0	A	6	11	0x720a800
N11FrameEngine16BehaviorDesigner9EntryTaskE	0x6d07bb0	0x6d07c40	C	16	16	0x720a800
N11FrameEngine16BehaviorDesigner8SelectorE	0x6d081c0	0x6d08250	C	16	16	0x720a800
N11FrameEngine16BehaviorDesigner14IfElseSelectorE	0x6d087d0	0x6d08860	C	16	16	0x720a800
N11FrameEngine16BehaviorDesigner8SequenceE	0x6d08de0	0x6d08e70	C	16	16	0x720a800
N11FrameEngine16BehaviorDesigner9CompositeE	0x6d09270	0x6d09300	C	16	16	0x720a800
N11FrameEngine16BehaviorDesigner6ActionE	0x6d09520	0x6d095b0	C	16	16	0x720a800
N11FrameEngine16BehaviorDesigner21BehaviorTreeReferenceE	0x6d099e0	0x6d09a70	C	16	16	0x720a800
N11FrameEngine16BehaviorDesigner17BehaviorReferenceE	0x6d09d90	0x6d09e20	C	16	16	0x720a800
N11FrameEngine16BehaviorDesigner6ReturnE	0x6d0a140	0x6d0a1d0	C	16	16	0x720a800
N11FrameEngine16BehaviorDesigner18SharedFixedVector2E	0x6d0a330	0x6d0a3c0	C	10	16	0x720a800
N11FrameEngine16BehaviorDesigner13SharedFixed64E	0x6d0a520	0x6d0a5b0	C	10	16	0x720a800
N11FrameEngine16BehaviorDesigner14SharedVariableE	0x6d0a660	0x6d0a6f0	C	10	16	0x720a800
N11FrameEngine16BehaviorDesigner9SharedIntE	0x6d0a850	0x6d0a8e0	C	10	16	0x720a800
N11FrameEngine16BehaviorDesigner18SharedFixedVector3E	0x6d0aa40	0x6d0aad0	C	10	16	0x720a800
N11FrameEngine16BehaviorDesigner19SharedNamedVariableE	0x6d0ac30	0x6d0acc0	C	10	16	0x720a800
N11FrameEngine16BehaviorDesigner12SharedStringE	0x6d0ae20	0x6d0aeb0	C	10	16	0x720a800
N11FrameEngine16BehaviorDesigner13SharedIntListE	0x6d0b010	0x6d0b0a0	C	10	16	0x720a800
N11FrameEngine16BehaviorDesigner17SharedFixed64ListE	0x6d0b200	0x6d0b290	C	10	16	0x720a800
N11FrameEngine16BehaviorDesigner21SharedGenericVariableE	0x6d0b3f0	0x6d0b480	C	10	16	0x720a800
N11FrameEngine16BehaviorDesigner10SharedBoolE	0x6d0b5e0	0x6d0b670	C	10	16	0x720a800
N11FrameEngine16BehaviorDesigner13SimpleBevPoolE	0x6d0b708	0x6d0b780	A	6	11	0x720a800
N11FrameEngine16BehaviorDesigner27BehaviorDeserializationDataE	0x6d0b818	0x6d0b890	A	6	11	0x720a800
N11FrameEngine16BehaviorDesigner20BevNodeInputDataInfoE	0x6d0b928	0x6d0b9a0	A	6	11	0x720a800
N11FrameEngine16BehaviorDesigner19RevertStackNodeInfoE	0x6d0ba38	0x6d0bab0	A	6	11	0x720a800
N11FrameEngine16BehaviorDesigner20RevertActorStackInfoE	0x6d0bb48	0x6d0bbc0	A	6	11	0x720a800
N11FrameEngine16BehaviorDesigner11RevertStackE	0x6d0bc58	0x6d0bcd0	A	6	11	0x720a800
N11FrameEngine16BehaviorDesigner15RevertStackInfoE	0x6d0bd68	0x6d0bde0	A	6	11	0x720a800
N11FrameEngine16BehaviorDesigner13SimpleBevTreeE	0x6d0be78	0x6d0bef0	A	6	11	0x720a800
N6MobaAI18SingleAiActionBaseE	0x6d0c320	0x6d0c3b0	C	16	16	0x720a800
N6MobaAI24BehaviorReferenceByActorE	0x6d0c7e0	0x6d0c870	C	16	16	0x720a800
N6MobaAI17ActorAISendSignalE	0x6d0cda0	0x6d0ce30	C	16	16	0x720a800
N6MobaAI18BevTeamAiNodeInputE	0x6d0cec8	0x6d0cf40	A	6	11	0x720a800
N6MobaAI22BevTaskBaseConditionalE	0x6d0d260	0x6d0d2f0	C	16	16	0x720a800
N6MobaAI21TeamAiConditionalBaseE	0x6d0d720	0x6d0d7b0	C	16	16	0x720a800
N6MobaAI17BevTaskBaseActionE	0x6d0dad0	0x6d0db60	C	16	16	0x720a800
N6MobaAI7SLProxyE	0x6d0e090	0x6d0e120	C	16	16	0x720a800
N6MobaAI12BevNodeInputE	0x6d0e1b8	0x6d0e230	A	6	11	0x720a800
N6MobaAI25RotateSkillTowardsTargetAE	0x6d0e760	0x6d0e7f0	C	16	16	0x720a800
N11FrameEngine16BehaviorDesigner14SharedBevInputE	0x6d0e950	0x6d0e9e0	C	10	16	0x720a800
N6MobaAI12CancelSkillAE	0x6d0ef10	0x6d0efa0	C	16	16	0x720a800
N11FrameEngine16BehaviorDesigner14SharedBevActorE	0x6d0f100	0x6d0f190	C	10	16	0x720a800
N11FrameEngine16BehaviorDesigner19ShareTeamAiBevInputE	0x6d0f2f0	0x6d0f380	C	10	16	0x720a800
N11FrameEngine16BehaviorDesigner18SharedBevActorListE	0x6d0f4e0	0x6d0f570	C	10	16	0x720a800
N6MobaAI16TeamAiActionBaseE	0x6d0f9a0	0x6d0fa30	C	16	16	0x720a800
N6MobaAI21PileAttackingInitMarkE	0x6d0ff60	0x6d0fff0	C	16	16	0x720a800
N6MobaAI23SetWebTestGlobalStatusAE	0x6d10420	0x6d104b0	C	16	16	0x720a800
N6MobaAI8PilePokeE	0x6d10b50	0x6d10be0	C	16	16	0x720a800
N6MobaAI33PileAttackingHeroCheckAndBuyEquipE	0x6d11110	0x6d111a0	C	16	16	0x720a800
N6MobaAI29PileAttackingRefreshGameStateE	0x6d116d0	0x6d11760	C	16	16	0x720a800
N6MobaAI23ResetHeroStateToPerfectE	0x6d11c90	0x6d11d20	C	16	16	0x720a800
N6MobaAI8LockPileE	0x6d12250	0x6d122e0	C	16	16	0x720a800
N6MobaAI22ClearFrontLineAndEnemyE	0x6d12810	0x6d128a0	C	16	16	0x720a800
N6MobaAI20PileAttackingConfMgrE	0x6d12dd0	0x6d12e60	C	16	16	0x720a800
N6MobaAI13MovToNearPileE	0x6d135f0	0x6d13680	C	16	16	0x720a800
N6MobaAI21CheckNeedToStayAtHomeE	0x6d13bb0	0x6d13c40	C	16	16	0x720a800
N6MobaAI24GMAllHeroSkillUpLevelToAE	0x6d14070	0x6d14100	C	16	16	0x720a800
N6MobaAI21CheckAroundInBaseCampE	0x6d14630	0x6d146c0	C	16	16	0x720a800
N6MobaAI13RerefreshPileE	0x6d14bf0	0x6d14c80	C	16	16	0x720a800
N6MobaAI11MoneyFullUpE	0x6d151b0	0x6d15240	C	16	16	0x720a800
N6MobaAI21CheckHpPercentInTimeCE	0x6d15670	0x6d15700	C	16	16	0x720a800
N6MobaAI16PileArrivedCheckE	0x6d15c30	0x6d15cc0	C	16	16	0x720a800
N6MobaAI26ActorCheckKilledEnemyHeroCE	0x6d160f0	0x6d16180	C	16	16	0x720a800
N6MobaAI13HeroSizdCheckE	0x6d166b0	0x6d16740	C	16	16	0x720a800
N6MobaAI23CheckAlternateUseSkillCE	0x6d16c70	0x6d16d00	C	16	16	0x720a800
N6MobaAI22PileAttackingInitCheckE	0x6d17230	0x6d172c0	C	16	16	0x720a800
N6MobaAI23PerformerDramaDispatchAE	0x6d177f0	0x6d17880	C	16	16	0x720a800
N6MobaAI13DispatchMoveAE	0x6d17db0	0x6d17e40	C	16	16	0x720a800
N6MobaAI14CountOperatorAE	0x6d18370	0x6d18400	C	16	16	0x720a800
N6MobaAI22TeamAiBehaviorControlAE	0x6d18930	0x6d189c0	C	16	16	0x720a800
N6MobaAI11LockTargetAE	0x6d18ef0	0x6d18f80	C	16	16	0x720a800
N6MobaAI17SimulateKillTimeCE	0x6d194b0	0x6d19540	C	16	16	0x720a800
N6MobaAI12ActorSelectCE	0x6d19a70	0x6d19b00	C	16	16	0x720a800
N6MobaAI21PerformerDramaSingleCE	0x6d1a030	0x6d1a0c0	C	16	16	0x720a800
N6MobaAI13AttributeGetCE	0x6d1a5f0	0x6d1a680	C	16	16	0x720a800
N6MobaAI9OperatorCE	0x6d1abb0	0x6d1ac40	C	16	16	0x720a800
N6MobaAI15PerformerDramaCE	0x6d1b170	0x6d1b200	C	16	16	0x720a800
N6MobaAI16RandomStartTimeCE	0x6d1b730	0x6d1b7c0	C	16	16	0x720a800
N6MobaAI12CampDataGetCE	0x6d1bcf0	0x6d1bd80	C	16	16	0x720a800
N6MobaAI12TeamTacticsCE	0x6d1c2b0	0x6d1c340	C	16	16	0x720a800
N6MobaAI14PerformerDramaE	0x6d1c3d8	0x6d1c450	A	6	11	0x720a800
N6MobaAI23SingleAiConditionalBaseE	0x6d1c880	0x6d1c910	C	16	16	0x720a800
N6MobaAI28WriteSharedFix64ToAIBevtreesE	0x6d1cc30	0x6d1ccc0	C	16	16	0x720a800
N6MobaAI23ChangeDifficultyByTableE	0x6d1cfe0	0x6d1d070	C	16	16	0x720a800
N6MobaAI22ChangeDifficultyOnLaneE	0x6d1d390	0x6d1d420	C	16	16	0x720a800
N6MobaAI24ChangeAllyCampDifficultyE	0x6d1d740	0x6d1d7d0	C	16	16	0x720a800
N6MobaAI24ChangeAIFillMatchAILevelE	0x6d1daf0	0x6d1db80	C	16	16	0x720a800
N6MobaAI34SetSharedFix64ToAIBevtreesByRoleIDE	0x6d1dea0	0x6d1df30	C	16	16	0x720a800
N6MobaAI22AbyssChangeDifficultyAE	0x6d1e250	0x6d1e2e0	C	16	16	0x720a800
N6MobaAI23ChangeDifficultyByCurveE	0x6d1e600	0x6d1e690	C	16	16	0x720a800
N6MobaAI27WriteSharedBoolToAIBevtreesE	0x6d1e9b0	0x6d1ea40	C	16	16	0x720a800
N6MobaAI26ChangeInsulateMatchAILevelE	0x6d1ed60	0x6d1edf0	C	16	16	0x720a800
N6MobaAI26ChangeDifficultyByCurveRowE	0x6d1f110	0x6d1f1a0	C	16	16	0x720a800
N6MobaAI16ChangeDifficultyE	0x6d1f4c0	0x6d1f550	C	16	16	0x720a800
N6MobaAI28MultiPlayerChangeDifficultyAE	0x6d1f870	0x6d1f900	C	16	16	0x720a800
N6MobaAI16SetFuncLockStateE	0x6d1fc20	0x6d1fcb0	C	16	16	0x720a800
N6MobaAI33ChangeHostingAILevelEntertainmentE	0x6d1ffe0	0x6d20070	C	16	16	0x720a800
N6MobaAI23CherryChangeDifficultyAE	0x6d20390	0x6d20420	C	16	16	0x720a800
N6MobaAI23ChangeInitialDifficultyE	0x6d20740	0x6d207d0	C	16	16	0x720a800
N6MobaAI21ChangeDifficultyByDdaE	0x6d20af0	0x6d20b80	C	16	16	0x720a800
N6MobaAI28ReadSharedBoolFromAIBevtreesE	0x6d20ea0	0x6d20f30	C	16	16	0x720a800
N6MobaAI20ChangeHostingAILevelE	0x6d21250	0x6d212e0	C	16	16	0x720a800
N6MobaAI29ReadSharedFix64FromAIBevtreesE	0x6d21600	0x6d21690	C	16	16	0x720a800
N6MobaAI25CheckStartTimeAndLastTimeE	0x6d219b0	0x6d21a40	C	16	16	0x720a800
N6MobaAI32FindAIByMVPScoreCompareWithHumanE	0x6d21d60	0x6d21df0	C	16	16	0x720a800
N6MobaAI25CheckTeamGoldOverEnemyAvgE	0x6d22110	0x6d221a0	C	16	16	0x720a800
N6MobaAI14CheckCountDownE	0x6d224c0	0x6d22550	C	16	16	0x720a800
N6MobaAI12CheckWinRateE	0x6d22870	0x6d22900	C	16	16	0x720a800
N6MobaAI7CheckKDE	0x6d22c20	0x6d22cb0	C	16	16	0x720a800
N6MobaAI22CheckPlayerGoldOverAvgE	0x6d22fd0	0x6d23060	C	16	16	0x720a800
N6MobaAI13CheckGameTimeE	0x6d23380	0x6d23410	C	16	16	0x720a800
N6MobaAI30FindAIByDistanceSqrOffsetHumanE	0x6d23730	0x6d237c0	C	16	16	0x720a800
N6MobaAI32CheckBuildingScoreRatioWithEnemyE	0x6d23ae0	0x6d23b70	C	16	16	0x720a800
N6MobaAI14CheckPlayerKDAE	0x6d23e90	0x6d23f20	C	16	16	0x720a800
N6MobaAI14GmEnemyPatrolAE	0x6d24450	0x6d244e0	C	16	16	0x720a800
N6MobaAI14GmEnemyRotateAE	0x6d24a10	0x6d24aa0	C	16	16	0x720a800
N6MobaAI16GMAIHeroRecoverAE	0x6d24fd0	0x6d25060	C	16	16	0x720a800
N6MobaAI15GMFinishBattleAE	0x6d25590	0x6d25620	C	16	16	0x720a800
N6MobaAI13GMAITakeOverAE	0x6d25b50	0x6d25be0	C	16	16	0x720a800
N6MobaAI21WaitingFromGameStartAE	0x6d26110	0x6d261a0	C	16	16	0x720a800
N6MobaAI20BuffStrategyPlanPosAE	0x6d266d0	0x6d26760	C	16	16	0x720a800
N6MobaAI17StrategyGeneratorE	0x6d26ca0	0x6d26d30	C	16	16	0x720a800
N6MobaAI17AttackDragonQuitAE	0x6d27260	0x6d272f0	C	16	16	0x720a800
N6MobaAI15PushAffterGankAE	0x6d27820	0x6d278b0	C	16	16	0x720a800
N6MobaAI18GankMoveAttackPosAE	0x6d27de0	0x6d27e70	C	16	16	0x720a800
N6MobaAI19GankStrategyExcutorE	0x6d284f0	0x6d28580	C	16	16	0x720a800
N6MobaAI17LoseGameDispatchAE	0x6d28ab0	0x6d28b40	C	16	16	0x720a800
N6MobaAI13SetGankStateAE	0x6d29070	0x6d29100	C	16	16	0x720a800
N6MobaAI21SupportMoveAttackPosAE	0x6d29630	0x6d296c0	C	16	16	0x720a800
N6MobaAI25PlanDecisionAttackDragonAE	0x6d29bf0	0x6d29c80	C	16	16	0x720a800
N6MobaAI19AiManagedFlowHumanAE	0x6d2a1b0	0x6d2a240	C	16	16	0x720a800
N6MobaAI22SetCommonTaticalParamAE	0x6d2a770	0x6d2a800	C	16	16	0x720a800
N6MobaAI23BuffStrategyWaitAttackAE	0x6d2ad30	0x6d2adc0	C	16	16	0x720a800
N6MobaAI20BuffStrategyMovePosAE	0x6d2b2f0	0x6d2b380	C	16	16	0x720a800
N6MobaAI28LaneBalanceStrategyGeneratorE	0x6d2b9e0	0x6d2ba70	C	16	16	0x720a800
N6MobaAI17AiInteractiveNewAE	0x6d2bfa0	0x6d2c030	C	16	16	0x720a800
N6MobaAI17ReAssignLocationAE	0x6d2c560	0x6d2c5f0	C	16	16	0x720a800
N6MobaAI24SupportStrategyGeneratorE	0x6d2cc50	0x6d2cce0	C	16	16	0x720a800
N6MobaAI12SupportQuitAE	0x6d2d210	0x6d2d2a0	C	16	16	0x720a800
N6MobaAI21DecisionAttackDragonAE	0x6d2d7d0	0x6d2d860	C	16	16	0x720a800
N6MobaAI22GankHeroPlanAmbuscadeAE	0x6d2dd90	0x6d2de20	C	16	16	0x720a800
N6MobaAI21FindOutSupportTargetAE	0x6d2e350	0x6d2e3e0	C	16	16	0x720a800
N6MobaAI17BuffStrategyQuitAE	0x6d2e910	0x6d2e9a0	C	16	16	0x720a800
N6MobaAI11ChangeLineAE	0x6d2eed0	0x6d2ef60	C	16	16	0x720a800
N6MobaAI18FindOutGankTargetAE	0x6d2f490	0x6d2f520	C	16	16	0x720a800
N6MobaAI21PlanAttackDragonPathAE	0x6d2fa50	0x6d2fae0	C	16	16	0x720a800
N6MobaAI24DefaultStrategyGeneratorE	0x6d30140	0x6d301d0	C	16	16	0x720a800
N6MobaAI15StrategyExcutorE	0x6d30720	0x6d307b0	C	16	16	0x720a800
N6MobaAI18GankMoveAmbuscadeAE	0x6d30ce0	0x6d30d70	C	16	16	0x720a800
N6MobaAI27BuffStrategyWaitMonsterBornE	0x6d312a0	0x6d31330	C	16	16	0x720a800
N6MobaAI25DecisionAttackDragonQuitAE	0x6d31860	0x6d318f0	C	16	16	0x720a800
N6MobaAI9GankQuitAE	0x6d31e20	0x6d31eb0	C	16	16	0x720a800
N6MobaAI18PushMoveAttackPosAE	0x6d323e0	0x6d32470	C	16	16	0x720a800
N6MobaAI16StrategySelectorE	0x6d329a0	0x6d32a30	C	16	16	0x720a800
N6MobaAI12AiSurrenderAE	0x6d32f60	0x6d32ff0	C	16	16	0x720a800
N6MobaAI25DecisionAttackDragonMoveAE	0x6d33520	0x6d335b0	C	16	16	0x720a800
N6MobaAI28PreventGankStrategyGeneratorE	0x6d33c10	0x6d33ca0	C	16	16	0x720a800
N6MobaAI25PrepareAttackEpicMonsterAE	0x6d341d0	0x6d34260	C	16	16	0x720a800
N6MobaAI12MoveToGrassAE	0x6d34790	0x6d34820	C	16	16	0x720a800
N6MobaAI8PushQuitE	0x6d34d50	0x6d34de0	C	16	16	0x720a800
N6MobaAI22SupportStrategyExcutorE	0x6d35460	0x6d354f0	C	16	16	0x720a800
N6MobaAI19BuffStrategyAttackAE	0x6d35a20	0x6d35ab0	C	16	16	0x720a800
N6MobaAI15AssignLocationAE	0x6d35fe0	0x6d36070	C	16	16	0x720a800
N6MobaAI16AiSurrenderVoteAE	0x6d365a0	0x6d36630	C	16	16	0x720a800
N6MobaAI14AiInteractiveAE	0x6d36b60	0x6d36bf0	C	16	16	0x720a800
N6MobaAI21OccupyStrategyExcutorE	0x6d37270	0x6d37300	C	16	16	0x720a800
N6MobaAI19BuffStrategyExcutorE	0x6d37980	0x6d37a10	C	16	16	0x720a800
N6MobaAI24PushTowerStrategyExcutorE	0x6d38090	0x6d38120	C	16	16	0x720a800
N6MobaAI24SequentialItemProcessorAE	0x6d38650	0x6d386e0	C	16	16	0x720a800
N6MobaAI20HoldOnAttackMonsterAE	0x6d38c10	0x6d38ca0	C	16	16	0x720a800
N6MobaAI24DefenseStrategyGeneratorE	0x6d39300	0x6d39390	C	16	16	0x720a800
N6MobaAI23OccupyStrategyGeneratorE	0x6d399f0	0x6d39a80	C	16	16	0x720a800
N6MobaAI26PushTowerStrategyGeneratorE	0x6d3a0e0	0x6d3a170	C	16	16	0x720a800
N6MobaAI21BuffStrategyGeneratorE	0x6d3a7d0	0x6d3a860	C	16	16	0x720a800
N6MobaAI21SetBuffStrategyStateAE	0x6d3ad90	0x6d3ae20	C	16	16	0x720a800
N6MobaAI21GankStrategyGeneratorE	0x6d3b480	0x6d3b510	C	16	16	0x720a800
N6MobaAI29PrepareAttackEpicMonsterQuitAE	0x6d3ba40	0x6d3bad0	C	16	16	0x720a800
N6MobaAI21CheckShieldToRadicalAE	0x6d3c000	0x6d3c090	C	16	16	0x720a800
N6MobaAI11GankPlayerAE	0x6d3c5c0	0x6d3c650	C	16	16	0x720a800
N6MobaAI14XIUCastSkillEAE	0x6d3ce20	0x6d3ceb0	C	16	16	0x720a800
N6MobaAI23ZHUANGCastSecondRSkillAE	0x6d3d550	0x6d3d5e0	C	16	16	0x720a800
N6MobaAI26CHAOMoveToMoreThreatenPosAE	0x6d3dec0	0x6d3df50	C	16	16	0x720a800
N6MobaAI18CastManetronSkillAE	0x6d3e5f0	0x6d3e680	C	16	16	0x720a800
N6MobaAI18CHAOGetDropWeaponAE	0x6d3ef60	0x6d3eff0	C	16	16	0x720a800
N6MobaAI29FENMoveToOtherTargetInRSkillAE	0x6d3f8d0	0x6d3f960	C	16	16	0x720a800
N6MobaAI29CHAOGetDropWeaponInAdvantageAE	0x6d40240	0x6d402d0	C	16	16	0x720a800
N6MobaAI13ERCastWSkillAE	0x6d40970	0x6d40a00	C	16	16	0x720a800
N6MobaAI16ABSACastPassiveAE	0x6d40f30	0x6d40fc0	C	16	16	0x720a800
N6MobaAI16POPPYCastSkillRAE	0x6d41660	0x6d416f0	C	16	16	0x720a800
N6MobaAI17QIANChangeWeaponAE	0x6d41c20	0x6d41cb0	C	16	16	0x720a800
N6MobaAI16ZHUReleaseRSkillE	0x6d421e0	0x6d42270	C	16	16	0x720a800
N6MobaAI24CHAOMoveToBestProfitPosAE	0x6d42dc0	0x6d42e50	C	16	16	0x720a800
N6MobaAI20ERMoveToCollectSoulAE	0x6d437a0	0x6d43830	C	16	16	0x720a800
N6MobaAI17ActorEnterHatredAE	0x6d43d60	0x6d43df0	C	16	16	0x720a800
N6MobaAI19ActorMoveToLanternAE	0x6d44580	0x6d44610	C	16	16	0x720a800
N6MobaAI14ActorMoveBaseAE	0x6d44b60	0x6d44bf0	C	16	16	0x720a800
N6MobaAI21MoveToSectorOfTargetAE	0x6d45270	0x6d45300	C	16	16	0x720a800
N6MobaAI29ActorSelectNormalAttackSkillAE	0x6d45830	0x6d458c0	C	16	16	0x720a800
N6MobaAI16ActorExitHatredAE	0x6d45df0	0x6d45e80	C	16	16	0x720a800
N6MobaAI14ActorAiAttackAE	0x6d463b0	0x6d46440	C	16	16	0x720a800
N6MobaAI24ActorSelectSpecialSkillAE	0x6d46970	0x6d46a00	C	16	16	0x720a800
N6MobaAI36ActorSelectCastRemoteArriveSkillPosAE	0x6d46f30	0x6d46fc0	C	16	16	0x720a800
N6MobaAI12ActorMoveToAE	0x6d474f0	0x6d47580	C	16	16	0x720a800
N6MobaAI22ActorCastLanternSkillAE	0x6d47c20	0x6d47cb0	C	16	16	0x720a800
N6MobaAI19ActorCastSkillByIdAE	0x6d481e0	0x6d48270	C	16	16	0x720a800
N6MobaAI18ActorAttackFollowAE	0x6d488f0	0x6d48980	C	16	16	0x720a800
N6MobaAI27ActorMoveToBlockKONGSkillRAE	0x6d49110	0x6d491a0	C	16	16	0x720a800
N6MobaAI16ExecuteIntervalCE	0x6d496d0	0x6d49760	C	16	16	0x720a800
N6MobaAI14GmEnemyRotateCE	0x6d49c90	0x6d49d20	C	16	16	0x720a800
N6MobaAI14GmEnemyPatrolCE	0x6d4a250	0x6d4a2e0	C	16	16	0x720a800
N6MobaAI19NewbieSelectTargetCE	0x6d4a810	0x6d4a8a0	C	16	16	0x720a800
N6MobaAI19NewbieLockedTargetCE	0x6d4add0	0x6d4ae60	C	16	16	0x720a800
N6MobaAI29NewbieArriveVisionControlPosCE	0x6d4b390	0x6d4b420	C	16	16	0x720a800
N6MobaAI24NewbieCanUseVisionSkillCE	0x6d4b950	0x6d4b9e0	C	16	16	0x720a800
N6MobaAI24FilterBuffStrategyStateCE	0x6d4bf10	0x6d4bfa0	C	16	16	0x720a800
N6MobaAI20SupportStrategyCheckE	0x6d4c4d0	0x6d4c560	C	16	16	0x720a800
N6MobaAI15ReCheckSupportCE	0x6d4ca90	0x6d4cb20	C	16	16	0x720a800
N6MobaAI18BuffStrategyCheckCE	0x6d4d050	0x6d4d0e0	C	16	16	0x720a800
N6MobaAI20TutorialBLineBalanceE	0x6d4d740	0x6d4d7d0	C	16	16	0x720a800
N6MobaAI21MechanizedLineBalanceE	0x6d4de30	0x6d4dec0	C	16	16	0x720a800
N6MobaAI20LineBalance_DispatchE	0x6d4df58	0x6d4dfd0	A	6	11	0x720a800
N6MobaAI17ReAssignLocationCE	0x6d4e500	0x6d4e590	C	16	16	0x720a800
N6MobaAI22BuffStrategyTypeCheckCE	0x6d4eac0	0x6d4eb50	C	16	16	0x720a800
N6MobaAI16FilterGankStateCE	0x6d4f080	0x6d4f110	C	16	16	0x720a800
N6MobaAI24StrategyExcutorInterruptE	0x6d4f640	0x6d4f6d0	C	16	16	0x720a800
N6MobaAI22ReCheckPushAffterGankCE	0x6d4fc00	0x6d4fc90	C	16	16	0x720a800
N6MobaAI22TutorialBLineBalanceCNE	0x6d502f0	0x6d50380	C	16	16	0x720a800
N6MobaAI11DefanceBaseE	0x6d508b0	0x6d50940	C	16	16	0x720a800
N6MobaAI21AiDifficultParamProcCE	0x6d50e70	0x6d50f00	C	16	16	0x720a800
N6MobaAI20ReCheckAttackDragonCE	0x6d51430	0x6d514c0	C	16	16	0x720a800
N6MobaAI12AiSurrenderCE	0x6d519f0	0x6d51a80	C	16	16	0x720a800
N6MobaAI16GlobalAISwitcherE	0x6d51fb0	0x6d52040	C	16	16	0x720a800
N6MobaAI17GankStrategyCheckE	0x6d52570	0x6d52600	C	16	16	0x720a800
N6MobaAI12ReCheckBuffCE	0x6d52b30	0x6d52bc0	C	16	16	0x720a800
N6MobaAI28ReCheckDecisionAttackDragonCE	0x6d530f0	0x6d53180	C	16	16	0x720a800
N6MobaAI22LineSimulationEarningsE	0x6d53218	0x6d53290	A	6	11	0x720a800
N6MobaAI25PrepareAttackEpicMonsterCE	0x6d537c0	0x6d53850	C	16	16	0x720a800
N6MobaAI17FilterBattleTypeCE	0x6d53d80	0x6d53e10	C	16	16	0x720a800
N6MobaAI18CheckAttackDragonCE	0x6d54340	0x6d543d0	C	16	16	0x720a800
N6MobaAI11LineBalanceE	0x6d54910	0x6d549a0	C	16	16	0x720a800
N6MobaAI14LineAllocationE	0x6d54a38	0x6d54ab0	A	6	11	0x720a800
N6MobaAI12ReCheckGankCE	0x6d54fe0	0x6d55070	C	16	16	0x720a800
N6MobaAI15AssignLocationCE	0x6d555a0	0x6d55630	C	16	16	0x720a800
N6MobaAI16SupportBuildingCE	0x6d55b60	0x6d55bf0	C	16	16	0x720a800
N6MobaAI22FilterHeroWithAiStateCE	0x6d56120	0x6d561b0	C	16	16	0x720a800
N6MobaAI17BattleTimeElapseCE	0x6d566e0	0x6d56770	C	16	16	0x720a800
N6MobaAI23SmelterModeSelectEquipCE	0x6d56ca0	0x6d56d30	C	16	16	0x720a800
N6MobaAI16LockPlayerTargetE	0x6d57370	0x6d57400	C	16	16	0x720a800
N6MobaAI16LockEnemyMonsterE	0x6d57a40	0x6d57ad0	C	16	16	0x720a800
N6MobaAI10CheckBoolCE	0x6d57df0	0x6d57e80	C	16	16	0x720a800
N6MobaAI20CheckGNARCastRSkillCE	0x6d584c0	0x6d58550	C	16	16	0x720a800
N6MobaAI14IsEnemyNearbyCE	0x6d58a80	0x6d58b10	C	16	16	0x720a800
N6MobaAI23CheckHeroIsOutOfBattleCE	0x6d59040	0x6d590d0	C	16	16	0x720a800
N6MobaAI29CheckGENGShouldCatchUpTargetCE	0x6d59600	0x6d59690	C	16	16	0x720a800
N6MobaAI20CheckXIUShouldCastRAE	0x6d59e60	0x6d59ef0	C	16	16	0x720a800
N6MobaAI26CheckQUCollectPassiveBuffCE	0x6d5a530	0x6d5a5c0	C	16	16	0x720a800
N6MobaAI20CheckNIANCastESkillCE	0x6d5ac00	0x6d5ac90	C	16	16	0x720a800
N6MobaAI18CheckPICastWSkillCE	0x6d5b2d0	0x6d5b360	C	16	16	0x720a800
N6MobaAI30CheckZileanPassiveSkillUsableCE	0x6d5b890	0x6d5b920	C	16	16	0x720a800
N6MobaAI20IsCHAOHasDropWeaponCE	0x6d5be50	0x6d5bee0	C	16	16	0x720a800
N6MobaAI28ForceCollisionOnBattleStartCE	0x6d5c410	0x6d5c4a0	C	16	16	0x720a800
N6MobaAI18CherryEventProcessE	0x6d5c9d0	0x6d5ca60	C	16	16	0x720a800
N6MobaAI13ActorNeedAfkCE	0x6d5cf90	0x6d5d020	C	16	16	0x720a800
N6MobaAI22ActorCanUseVisionSkillE	0x6d5d550	0x6d5d5e0	C	16	16	0x720a800
N6MobaAI23ActorSetToBirthForwardCE	0x6d5db10	0x6d5dba0	C	16	16	0x720a800
N6MobaAI25ActorCheckAiManagedStateCE	0x6d5e0d0	0x6d5e160	C	16	16	0x720a800
N6MobaAI22ActorIsAiManagedVotedCE	0x6d5e690	0x6d5e720	C	16	16	0x720a800
N6MobaAI15ActorAiHasBuffCE	0x6d5ec50	0x6d5ece0	C	16	16	0x720a800
N6MobaAI24ActorCheckDriveHexCannonE	0x6d5f210	0x6d5f2a0	C	16	16	0x720a800
N6MobaAI22ActorCheckVisionFruitCE	0x6d5f7d0	0x6d5f860	C	16	16	0x720a800
N6MobaAI13ActorHasBuffCE	0x6d5fd90	0x6d5fe20	C	16	16	0x720a800
N6MobaAI24ActorCheckAreaLableTypeCE	0x6d60350	0x6d603e0	C	16	16	0x720a800
N6MobaAI14ActorRandMoveCE	0x6d60910	0x6d609a0	C	16	16	0x720a800
N6MobaAI24ActorCheckTargetHasBuffCE	0x6d60ed0	0x6d60f60	C	16	16	0x720a800
N6MobaAI24ActorCheckAiManagedTimeCE	0x6d61490	0x6d61520	C	16	16	0x720a800
N6MobaAI15ActorHasTargetCE	0x6d61a50	0x6d61ae0	C	16	16	0x720a800
N6MobaAI20ActorCheckUrfCannonCE	0x6d62010	0x6d620a0	C	16	16	0x720a800
N6MobaAI21ActorCheckGemMonsterCE	0x6d625d0	0x6d62660	C	16	16	0x720a800
N6MobaAI23ActorCheckBulletInRangeE	0x6d62b90	0x6d62c20	C	16	16	0x720a800
N6MobaAI23ActorCheckExplodeFruitCE	0x6d63150	0x6d631e0	C	16	16	0x720a800
N6MobaAI14ActorAiAttackCE	0x6d63710	0x6d637a0	C	16	16	0x720a800
N6MobaAI22ActorCheckMonsterMarkCE	0x6d63cd0	0x6d63d60	C	16	16	0x720a800
N6MobaAI18ActorAiCheckSkillCE	0x6d64290	0x6d64320	C	16	16	0x720a800
N6MobaAI26ActorCheckTargetHasBuffIdCE	0x6d64850	0x6d648e0	C	16	16	0x720a800
N6MobaAI26ActorCheckPickUpHexToolBoxE	0x6d64e10	0x6d64ea0	C	16	16	0x720a800
N6MobaAI23ActorCheckSummonHexPoroE	0x6d653d0	0x6d65460	C	16	16	0x720a800
N6MobaAI19IsInSectorOfTargetCE	0x6d65990	0x6d65a20	C	16	16	0x720a800
N6MobaAI21ActorCheckPickUpItemCE	0x6d65f50	0x6d65fe0	C	16	16	0x720a800
N6MobaAI15ActorCheckStatCE	0x6d66510	0x6d665a0	C	16	16	0x720a800
N6MobaAI22ActorCheckTurretAliveCE	0x6d66ad0	0x6d66b60	C	16	16	0x720a800
N6MobaAI12ActorAiMoveCE	0x6d67090	0x6d67120	C	16	16	0x720a800
N6MobaAI17ActorIsAiManagedCE	0x6d67650	0x6d676e0	C	16	16	0x720a800
N6MobaAI19ActorCheckIceFruitCE	0x6d67c10	0x6d67ca0	C	16	16	0x720a800
N6MobaAI26ActorCanUseHexToolBoxSkillE	0x6d681d0	0x6d68260	C	16	16	0x720a800
N6MobaAI21ActorCheckLastTargetCE	0x6d68790	0x6d68820	C	16	16	0x720a800
N6MobaAI25ActorCheckSummonTopHeraldE	0x6d68d50	0x6d68de0	C	16	16	0x720a800
N6MobaAI18ActorAttackFollowCE	0x6d69310	0x6d693a0	C	16	16	0x720a800
N6MobaAI14BreakIntervalCE	0x6d698d0	0x6d69960	C	16	16	0x720a800
N6MobaAI27MechanizedActorMoveToSpringE	0x6d69e90	0x6d69f20	C	16	16	0x720a800
N6MobaAI30MechanizedActorGetBackLinePosAE	0x6d6a450	0x6d6a4e0	C	16	16	0x720a800
N6MobaAI30MechanizedActorMoveToFrontLineE	0x6d6aa10	0x6d6aaa0	C	16	16	0x720a800
N6MobaAI16MechanizedEscapeE	0x6d6afd0	0x6d6b060	C	16	16	0x720a800
N6MobaAI36MechanizedActorMoveStraightToTargetAE	0x6d6b590	0x6d6b620	C	16	16	0x720a800
N6MobaAI31MechanizedActorGetFrontLinePosAE	0x6d6bb50	0x6d6bbe0	C	16	16	0x720a800
N6MobaAI19JICastSkillESimpleAE	0x6d6c3b0	0x6d6c440	C	16	16	0x720a800
N6MobaAI31MechanizedPokeSkillWithCommonCDE	0x6d6cc10	0x6d6cca0	C	16	16	0x720a800
N6MobaAI31MechanizedPokeLowestDamageSkillE	0x6d6d470	0x6d6d500	C	16	16	0x720a800
N6MobaAI28MechanizedCaculateAttackTimeE	0x6d6da30	0x6d6dac0	C	16	16	0x720a800
N6MobaAI35MechanizedCheckNeedToMoveToCurLaneCE	0x6d6dff0	0x6d6e080	C	16	16	0x720a800
N6MobaAI30MechanizedCheckFeedRealPlayerCE	0x6d6e5b0	0x6d6e640	C	16	16	0x720a800
N6MobaAI19HadBeAttackedByHeroE	0x6d6eb70	0x6d6ec00	C	16	16	0x720a800
N6MobaAI24CheckRealPlayerHPPercentE	0x6d6f130	0x6d6f1c0	C	16	16	0x720a800
N6MobaAI22LockHighPriorityTargetE	0x6d6f6f0	0x6d6f780	C	16	16	0x720a800
N6MobaAI39LockProperSoilderOrTowerByHPAndDistanceE	0x6d6fcb0	0x6d6fd40	C	16	16	0x720a800
N6MobaAI26LockProperTargetByDistanceE	0x6d70270	0x6d70300	C	16	16	0x720a800
N6MobaAI34LockProperSoilderOrTowerByDistanceE	0x6d70830	0x6d708c0	C	16	16	0x720a800
N6MobaAI22MechanizedReCheckGankCE	0x6d70df0	0x6d70e80	C	16	16	0x720a800
N6MobaAI24CheckRealPlayerDistanceCE	0x6d713b0	0x6d71440	C	16	16	0x720a800
N6MobaAI15RepeaterExecuteE	0x6d719c0	0x6d71a50	C	16	16	0x720a800
N6MobaAI15GMCancelSkillCDE	0x6d71f80	0x6d72010	C	16	16	0x720a800
N6MobaAI25GMRespawnSpecificMonstersE	0x6d72540	0x6d725d0	C	16	16	0x720a800
N6MobaAI17GMRespawnMonstersE	0x6d72b00	0x6d72b90	C	16	16	0x720a800
N6MobaAI17GMDisableSoldiersE	0x6d730c0	0x6d73150	C	16	16	0x720a800
N6MobaAI15SRandomSelectorE	0x6d736d0	0x6d73760	C	16	16	0x720a800
N6MobaAI15LRandomSelectorE	0x6d73ce0	0x6d73d70	C	16	16	0x720a800
N6MobaAI32ActorMoveToRandomChosenPositionAE	0x6d74500	0x6d74590	C	16	16	0x720a800
N6MobaAI24ActorMoveAwayFromTargetAE	0x6d74d20	0x6d74db0	C	16	16	0x720a800
N6MobaAI23ActorMoveNearbyMonsterAE	0x6d75540	0x6d755d0	C	16	16	0x720a800
N6MobaAI19ActorPlanPathToPosAE	0x6d75b00	0x6d75b90	C	16	16	0x720a800
N6MobaAI16KAOMoveToJarPosAE	0x6d766e0	0x6d76770	C	16	16	0x720a800
N6MobaAI24ActorMoveToRingPositionAE	0x6d76ca0	0x6d76d30	C	16	16	0x720a800
N6MobaAI35ActorMoveToPositionBeforeCastSkillAE	0x6d77610	0x6d776a0	C	16	16	0x720a800
N6MobaAI18SkarnerSkillRMoveAE	0x6d77e30	0x6d77ec0	C	16	16	0x720a800
N6MobaAI26ActorMoveToAssignPositionAE	0x6d783f0	0x6d78480	C	16	16	0x720a800
N6MobaAI27ActorMoveStraightToSoldierAE	0x6d78d60	0x6d78df0	C	16	16	0x720a800
N6MobaAI16ActorMoveToAllyAE	0x6d796d0	0x6d79760	C	16	16	0x720a800
N6MobaAI25ActorGetSaveDisFromTowerAE	0x6d79c90	0x6d79d20	C	16	16	0x720a800
N6MobaAI14ActorMovePathAE	0x6d7a380	0x6d7a410	C	16	16	0x720a800
N6MobaAI26ActorMoveNearbyTargetHeroAE	0x6d7ae20	0x6d7aeb0	C	16	16	0x720a800
N6MobaAI10ActorMoveAE	0x6d7b520	0x6d7b5b0	C	16	16	0x720a800
N6MobaAI19ActorMoveAroundPosAE	0x6d7bd40	0x6d7bdd0	C	16	16	0x720a800
N6MobaAI20ActorMoveToEatFruitAE	0x6d7c6b0	0x6d7c740	C	16	16	0x720a800
N6MobaAI18ActorGetJunglePosAE	0x6d7cc70	0x6d7cd00	C	16	16	0x720a800
N6MobaAI26ActorMoveStraightToTargetAE	0x6d7d5e0	0x6d7d670	C	16	16	0x720a800
N6MobaAI7EscapeAE	0x6d7dba0	0x6d7dc30	C	16	16	0x720a800
N6MobaAI20ActorMoveOutOfTrapsAE	0x6d7e3d0	0x6d7e460	C	16	16	0x720a800
N6MobaAI25HUANGMoveToBestProfitPosAE	0x6d7efb0	0x6d7f040	C	16	16	0x720a800
N6MobaAI23KlmMoveToPosLinkTargetAE	0x6d7f920	0x6d7f9b0	C	16	16	0x720a800
N6MobaAI23CIMoveToAdvIncreasePosAE	0x6d80290	0x6d80320	C	16	16	0x720a800
N6MobaAI22ActorMoveBehindTargetAE	0x6d80ab0	0x6d80b40	C	16	16	0x720a800
N6MobaAI22ActorMoveOutOffSpringAE	0x6d811a0	0x6d81230	C	16	16	0x720a800
N6MobaAI30XALMoveToPosWhenCastingSkillRAE	0x6d81b10	0x6d81ba0	C	16	16	0x720a800
N6MobaAI31ActorMoveAwayFromKogmawPassiveAE	0x6d82330	0x6d823c0	C	16	16	0x720a800
N6MobaAI28ActorMoveToAttackMonsterPosAE	0x6d82b50	0x6d82be0	C	16	16	0x720a800
N6MobaAI26ActorMoveToAdvIncreasePosAE	0x6d834c0	0x6d83550	C	16	16	0x720a800
N6MobaAI27ActorSetProperCastSkillPosAE	0x6d83a80	0x6d83b10	C	16	16	0x720a800
N6MobaAI21ActorMoveInStuckAreaAE	0x6d843f0	0x6d84480	C	16	16	0x720a800
N6MobaAI21ActorGetFrontLinePosAE	0x6d849b0	0x6d84a40	C	16	16	0x720a800
N6MobaAI30ActorParkinsonMoveAroundEnemyAE	0x6d85320	0x6d853b0	C	16	16	0x720a800
N6MobaAI22CherryActorMoveToFrontE	0x6d858e0	0x6d85970	C	16	16	0x720a800
N6MobaAI18ActorMoveToSpringAE	0x6d86250	0x6d862e0	C	16	16	0x720a800
N6MobaAI23CherryActorGetFrontPosAE	0x6d86810	0x6d868a0	C	16	16	0x720a800
N6MobaAI23ActorMoveIgnoreTerrainAE	0x6d86de0	0x6d86e70	C	16	16	0x720a800
N6MobaAI19ActorParkinsonMoveAE	0x6d87750	0x6d877e0	C	16	16	0x720a800
N6MobaAI26FloraMoveToAdvIncreasePosAE	0x6d880c0	0x6d88150	C	16	16	0x720a800
N6MobaAI24PikMoveToPosDizzyTargetAE	0x6d88a30	0x6d88ac0	C	16	16	0x720a800
N6MobaAI23MGSMoveToPosLinkTargetAE	0x6d893a0	0x6d89430	C	16	16	0x720a800
N6MobaAI29ActorMoveToSkillDamageAdvPosAE	0x6d89e40	0x6d89ed0	C	16	16	0x720a800
N6MobaAI18ActorGetEscapePosAE	0x6d8a400	0x6d8a490	C	16	16	0x720a800
N6MobaAI22ActorMoveAroundDragonAE	0x6d8ac20	0x6d8acb0	C	16	16	0x720a800
N6MobaAI30ActorMoveToBestProfitPositionAE	0x6d8b6c0	0x6d8b750	C	16	16	0x720a800
N6MobaAI29ActorMoveToSpecifiedPositionAE	0x6d8bdb0	0x6d8be40	C	16	16	0x720a800
N6MobaAI27ActorGetEscapePosForRecallAE	0x6d8c370	0x6d8c400	C	16	16	0x720a800
N6MobaAI27ActorMoveToMoreThreatenPosAE	0x6d8cce0	0x6d8cd70	C	16	16	0x720a800
N6MobaAI20ActorMoveToFrontLineE	0x6d8d3d0	0x6d8d460	C	16	16	0x720a800
N6MobaAI20CHENGMoveToBladePosAE	0x6d8dfb0	0x6d8e040	C	16	16	0x720a800
N6MobaAI33WaitingUntilBornAnimationFinishedE	0x6d8e570	0x6d8e600	C	16	16	0x720a800
N6MobaAI6SetAdvE	0x6d8eb30	0x6d8ebc0	C	16	16	0x720a800
N6MobaAI20ActorAddMoneyToFullAE	0x6d8f0f0	0x6d8f180	C	16	16	0x720a800
N6MobaAI24CaculateBeKillTimeInEnvAE	0x6d8f6b0	0x6d8f740	C	16	16	0x720a800
N6MobaAI24ActorMoveToExplodeFruitAE	0x6d8fed0	0x6d8ff60	C	16	16	0x720a800
N6MobaAI16FinishKyiSkillEAE	0x6d905c0	0x6d90650	C	16	16	0x720a800
N6MobaAI21CatCancelAttachActorAE	0x6d90b80	0x6d90c10	C	16	16	0x720a800
N6MobaAI18StayInRyzeRCircleAE	0x6d91140	0x6d911d0	C	16	16	0x720a800
N6MobaAI16FinishKUISkillRAE	0x6d91700	0x6d91790	C	16	16	0x720a800
N6MobaAI23ActorCastAdvSkillByTagAE	0x6d91f80	0x6d92010	C	16	16	0x720a800
N6MobaAI18NidaleeCastSkillWAE	0x6d927e0	0x6d92870	C	16	16	0x720a800
N6MobaAI13LAIPokeSkillAE	0x6d93040	0x6d930d0	C	16	16	0x720a800
N6MobaAI17KLSCastMarkSkillAE	0x6d93600	0x6d93690	C	16	16	0x720a800
N6MobaAI19HeroAiSkillLevelUpAE	0x6d93bc0	0x6d93c50	C	16	16	0x720a800
N6MobaAI24KONGCastSkillEForMovingAE	0x6d94440	0x6d944d0	C	16	16	0x720a800
N6MobaAI13RICastSkillRAE	0x6d94ca0	0x6d94d30	C	16	16	0x720a800
N6MobaAI16FinishZHISkillRAE	0x6d95260	0x6d952f0	C	16	16	0x720a800
N6MobaAI16FinishKAOSkillWAE	0x6d95820	0x6d958b0	C	16	16	0x720a800
N6MobaAI14KUICastSkillEAE	0x6d96080	0x6d96110	C	16	16	0x720a800
N6MobaAI18ChogathCastSkillRAE	0x6d967b0	0x6d96840	C	16	16	0x720a800
N6MobaAI17ActorEvadeBulletAE	0x6d97120	0x6d971b0	C	16	16	0x720a800
N6MobaAI17FinishMANGSkillWAE	0x6d976e0	0x6d97770	C	16	16	0x720a800
N6MobaAI14KUICastSkillQAE	0x6d97f40	0x6d97fd0	C	16	16	0x720a800
N6MobaAI29ActorCastRecoverHpSkillByTagAE	0x6d987c0	0x6d98850	C	16	16	0x720a800
N6MobaAI28NengCastSkillRBTToRemotePosAE	0x6d98ef0	0x6d98f80	C	16	16	0x720a800
N6MobaAI29ActorUseSkillToEvadeFlySkillAE	0x6d99620	0x6d996b0	C	16	16	0x720a800
N6MobaAI21ActorCastSkillByTeamAE	0x6d99d50	0x6d99de0	C	16	16	0x720a800
N6MobaAI27ActorCastRemoteArriveSkillAE	0x6d9a480	0x6d9a510	C	16	16	0x720a800
N6MobaAI13DUCastSkillRAE	0x6d9ace0	0x6d9ad70	C	16	16	0x720a800
N6MobaAI15MANGCastSkillQAE	0x6d9b410	0x6d9b4a0	C	16	16	0x720a800
N6MobaAI23JIANGCastSkillEToEvadeAE	0x6d9bb40	0x6d9bbd0	C	16	16	0x720a800
N6MobaAI21FinishReplacedSkillsAE	0x6d9c100	0x6d9c190	C	16	16	0x720a800
N6MobaAI14DeactiveSkillAE	0x6d9c6c0	0x6d9c750	C	16	16	0x720a800
N6MobaAI14AyiCastSkillQAE	0x6d9cf20	0x6d9cfb0	C	16	16	0x720a800
N6MobaAI27CHENGCastSkillEToPickBladeAE	0x6d9d650	0x6d9d6e0	C	16	16	0x720a800
N6MobaAI15ActorCastSkillAE	0x6d9dc40	0x6d9dcd0	C	16	16	0x720a800
N6MobaAI23FloraCastSkillWToEvadeAE	0x6d9e370	0x6d9e400	C	16	16	0x720a800
N6MobaAI13CICastSkillWAE	0x6d9eaa0	0x6d9eb30	C	16	16	0x720a800
N6MobaAI17ActorEvolveSkillAE	0x6d9f060	0x6d9f0f0	C	16	16	0x720a800
N6MobaAI16FinishCHUSkillRAE	0x6d9f620	0x6d9f6b0	C	16	16	0x720a800
N6MobaAI15FinishCRSkillWAE	0x6d9fbe0	0x6d9fc70	C	16	16	0x720a800
N6MobaAI28ActorCastNoTargetSkillByDirAE	0x6da0440	0x6da04d0	C	16	16	0x720a800
N6MobaAI24ActorPunishSkillLevelUpAE	0x6da0a00	0x6da0a90	C	16	16	0x720a800
N6MobaAI20UseTalentFruitSkillAE	0x6da1130	0x6da11c0	C	16	16	0x720a800
N6MobaAI15FinishGUSkillWAE	0x6da16f0	0x6da1780	C	16	16	0x720a800
N6MobaAI20ActorCastSkillByTagAE	0x6da1e30	0x6da1ec0	C	16	16	0x720a800
N6MobaAI27ActorCastRetreatSkillByTagAE	0x6da26b0	0x6da2740	C	16	16	0x720a800
N6MobaAI16ActorTpToSpringAE	0x6da2c70	0x6da2d00	C	16	16	0x720a800
N6MobaAI14CatCastSkillQAE	0x6da3230	0x6da32c0	C	16	16	0x720a800
N6MobaAI17FinishMANGSkillEAE	0x6da37f0	0x6da3880	C	16	16	0x720a800
N6MobaAI23ActorCastTeleportSkillAE	0x6da3f20	0x6da3fb0	C	16	16	0x720a800
N6MobaAI14TTSCastSkillWAE	0x6da4650	0x6da46e0	C	16	16	0x720a800
N6MobaAI14NieCastSkillRAE	0x6da4d80	0x6da4e10	C	16	16	0x720a800
N6MobaAI15FinishBOSkillWAE	0x6da5340	0x6da53d0	C	16	16	0x720a800
N6MobaAI16ActorEvadeSkillAE	0x6da5b60	0x6da5bf0	C	16	16	0x720a800
N6MobaAI32ActorCastAllyDisplaceSkillByTagAE	0x6da63e0	0x6da6470	C	16	16	0x720a800
N6MobaAI23ZileanCastPassiveSkillAE	0x6da6b10	0x6da6ba0	C	16	16	0x720a800
N6MobaAI18TaliyahCastWSkillAE	0x6da7370	0x6da7400	C	16	16	0x720a800
N6MobaAI19NocturneCastSkillRAE	0x6da7aa0	0x6da7b30	C	16	16	0x720a800
N6MobaAI15FinishBUSkillWAE	0x6da8060	0x6da80f0	C	16	16	0x720a800
N6MobaAI15ZHAOCastSkillEAE	0x6da8790	0x6da8820	C	16	16	0x720a800
N6MobaAI20HUANGDeactiveSkillQAE	0x6da8d50	0x6da8de0	C	16	16	0x720a800
N6MobaAI21SmrCastSkillWToEvadeAE	0x6da9480	0x6da9510	C	16	16	0x720a800
N6MobaAI26NENGCastSkillRToFrontLineAE	0x6da9bb0	0x6da9c40	C	16	16	0x720a800
N6MobaAI26ActorCastAramUltimateSkillE	0x6daa2e0	0x6daa370	C	16	16	0x720a800
N6MobaAI23ActorCastSkillStopMoveAE	0x6daa8a0	0x6daa930	C	16	16	0x720a800
N6MobaAI13DUCastSkillEAE	0x6dab100	0x6dab190	C	16	16	0x720a800
N6MobaAI21CastViegoSwitchSkillAE	0x6dab960	0x6dab9f0	C	16	16	0x720a800
N6MobaAI21ActorCastChargeSkillAE	0x6dac090	0x6dac120	C	16	16	0x720a800
N6MobaAI16FinishKyiSkillRAE	0x6dac650	0x6dac6e0	C	16	16	0x720a800
N6MobaAI20ActorCastRacerSkillAE	0x6dacd80	0x6dace10	C	16	16	0x720a800
N6MobaAI19VelkozRotateSkillRAE	0x6dad340	0x6dad3d0	C	16	16	0x720a800
N6MobaAI16FinishAksSkillEAE	0x6dad900	0x6dad990	C	16	16	0x720a800
N6MobaAI15TICancelSkillQAE	0x6dadec0	0x6dadf50	C	16	16	0x720a800
N6MobaAI25CastSelectSkillToSoldierAE	0x6dae5f0	0x6dae680	C	16	16	0x720a800
N6MobaAI27NewbieUseWardingTotemSkillAE	0x6daed20	0x6daedb0	C	16	16	0x720a800
N6MobaAI15BardCastSkillEAE	0x6daf450	0x6daf4e0	C	16	16	0x720a800
N6MobaAI17KEHCastMarkSkillAE	0x6dafa10	0x6dafaa0	C	16	16	0x720a800
N6MobaAI16FinishPeiSkillQAE	0x6daffd0	0x6db0060	C	16	16	0x720a800
N6MobaAI10PokeSkillAE	0x6db0700	0x6db0790	C	16	16	0x720a800
N6MobaAI21UseConsumeEnemySkillAE	0x6db0cc0	0x6db0d50	C	16	16	0x720a800
N6MobaAI16CastSelectSkillAE	0x6db13f0	0x6db1480	C	16	16	0x720a800
N6MobaAI21CastKLSVariantRSkillAE	0x6db19b0	0x6db1a40	C	16	16	0x720a800
N6MobaAI16FinishJUNSkillWAE	0x6db1f70	0x6db2000	C	16	16	0x720a800
N6MobaAI11ComboSkillAE	0x6db26a0	0x6db2730	C	16	16	0x720a800
N6MobaAI16HUANGCastSkillQAE	0x6db2dd0	0x6db2e60	C	16	16	0x720a800
N6MobaAI15FinishDISkillEAE	0x6db3390	0x6db3420	C	16	16	0x720a800
N6MobaAI17RyzeCastMaxSkillAE	0x6db3ac0	0x6db3b50	C	16	16	0x720a800
N6MobaAI26ActorCastOrPendSkillByTagAE	0x6db4340	0x6db43d0	C	16	16	0x720a800
N6MobaAI28KONGCastSkillEForRetreatingAE	0x6db4d10	0x6db4da0	C	16	16	0x720a800
N6MobaAI26ActorCastSkillToLinkPointAE	0x6db5590	0x6db5620	C	16	16	0x720a800
N6MobaAI23ActorCastNoTargetSkillAE	0x6db5cc0	0x6db5d50	C	16	16	0x720a800
N6MobaAI14LsdCastSkillRAE	0x6db63f0	0x6db6480	C	16	16	0x720a800
N6MobaAI17FinishMANGSkillRAE	0x6db69b0	0x6db6a40	C	16	16	0x720a800
N6MobaAI24ActorCastUrfCannonSkillAE	0x6db70e0	0x6db7170	C	16	16	0x720a800
N6MobaAI18FinishCHENGSkillRAE	0x6db76a0	0x6db7730	C	16	16	0x720a800
N6MobaAI18NidaleeCastSkillRAE	0x6db7f00	0x6db7f90	C	16	16	0x720a800
N6MobaAI17MoveToBardPortalAE	0x6db8630	0x6db86c0	C	16	16	0x720a800
N6MobaAI15BardCastSkillWAE	0x6db8d60	0x6db8df0	C	16	16	0x720a800
N6MobaAI14KlmCastSkillRAE	0x6db95c0	0x6db9650	C	16	16	0x720a800
N6MobaAI13TICastSkillEAE	0x6db9b80	0x6db9c10	C	16	16	0x720a800
N6MobaAI16ActorCloseSkillAE	0x6dba140	0x6dba1d0	C	16	16	0x720a800
N6MobaAI15UsePunishSkillAE	0x6dba870	0x6dba900	C	16	16	0x720a800
N6MobaAI16GUWSkillRunningAE	0x6dbae30	0x6dbaec0	C	16	16	0x720a800
N6MobaAI19NorraReleaseRSkillAE	0x6dbb3f0	0x6dbb480	C	16	16	0x720a800
N6MobaAI13JICastSkillEAE	0x6dbbc50	0x6dbbce0	C	16	16	0x720a800
N6MobaAI16FinishSenSkillQAE	0x6dbc210	0x6dbc2a0	C	16	16	0x720a800
N6MobaAI25ActorCastHexToolBoxSkillAE	0x6dbc940	0x6dbc9d0	C	16	16	0x720a800
N6MobaAI14WEICastSkillEAE	0x6dbd070	0x6dbd100	C	16	16	0x720a800
N6MobaAI21ActorEndBattleTimeUpAE	0x6dbd630	0x6dbd6c0	C	16	16	0x720a800
N6MobaAI28ActorResetMoneyBasedOnLevelAE	0x6dbdbf0	0x6dbdc80	C	16	16	0x720a800
N6MobaAI8WaitingAE	0x6dbe1b0	0x6dbe240	C	16	16	0x720a800
N6MobaAI12StableActionE	0x6dbe780	0x6dbe810	C	16	16	0x720a800
N6MobaAI19ActorSellAllEquipsAE	0x6dbed40	0x6dbedd0	C	16	16	0x720a800
N6MobaAI13SetSupplyModeE	0x6dbf300	0x6dbf390	C	16	16	0x720a800
N6MobaAI14VisionControlAE	0x6dbf8c0	0x6dbf950	C	16	16	0x720a800
N6MobaAI8SetStateE	0x6dbfe80	0x6dbff10	C	16	16	0x720a800
N6MobaAI16SummonRiftheraldE	0x6dc05b0	0x6dc0640	C	16	16	0x720a800
N6MobaAI21ActorRandomBuyEquipsAE	0x6dc0b70	0x6dc0c00	C	16	16	0x720a800
N6MobaAI21CaculateBeCaughtTimeAE	0x6dc1130	0x6dc11c0	C	16	16	0x720a800
	0x6dc1860	0x6dc18f0	C	16	16	
N6MobaAI23ResetInputRequireFieldAE	0x6dc1f80	0x6dc2010	C	16	16	0x720a800
N6MobaAI24ActorCancelSkillConsumeAE	0x6dc2540	0x6dc25d0	C	16	16	0x720a800
N6MobaAI22HeroMarkTargetByEquipAE	0x6dc2b00	0x6dc2b90	C	16	16	0x720a800
N6MobaAI11ActorStandAE	0x6dc30c0	0x6dc3150	C	16	16	0x720a800
N6MobaAI20SetAramRelevantVarsAE	0x6dc3680	0x6dc3710	C	16	16	0x720a800
N6MobaAI16ResetSoldierVarsE	0x6dc3c40	0x6dc3cd0	C	16	16	0x720a800
N6MobaAI14RestSharedVarsE	0x6dc4200	0x6dc4290	C	16	16	0x720a800
N6MobaAI17RecordHitSoliderAE	0x6dc47c0	0x6dc4850	C	16	16	0x720a800
N6MobaAI18ActorLevelUpToMaxAE	0x6dc4d80	0x6dc4e10	C	16	16	0x720a800
N6MobaAI20ORNNBuyEquipWaitingAE	0x6dc5340	0x6dc53d0	C	16	16	0x720a800
	0x6dc5a70	0x6dc5b00	C	16	16	
	0x6dc62d0	0x6dc6360	C	16	16	
N6MobaAI23ActorMoveToVisionFruitAE	0x6dc6c20	0x6dc6cb0	C	16	16	0x720a800
N6MobaAI17ActorStandInTimeAE	0x6dc72f0	0x6dc7380	C	16	16	0x720a800
N6MobaAI16SetTargetAnchorAE	0x6dc78b0	0x6dc7940	C	16	16	0x720a800
N6MobaAI15ResetRecallVarsE	0x6dc7e70	0x6dc7f00	C	16	16	0x720a800
N6MobaAI16AnchorSelectionAE	0x6dc8430	0x6dc84c0	C	16	16	0x720a800
	0x6dc8b20	0x6dc8bb0	C	16	16	
N6MobaAI20ActorMoveToIceFruitAE	0x6dc9470	0x6dc9500	C	16	16	0x720a800
N6MobaAI19HeroAiSkillLevelUpCE	0x6dc9a30	0x6dc9ac0	C	16	16	0x720a800
N6MobaAI24CheckRemoteDamageRSkillCE	0x6dc9ff0	0x6dca080	C	16	16	0x720a800
N6MobaAI22SelectSkillHitSoldierCE	0x6dca5b0	0x6dca640	C	16	16	0x720a800
N6MobaAI16SelectPokeSkillCE	0x6dcab70	0x6dcac00	C	16	16	0x720a800
N6MobaAI21CheckEkePassiveCountCE	0x6dcb130	0x6dcb1c0	C	16	16	0x720a800
N6MobaAI20CheckKyiUpgradeSoulCE	0x6dcb6f0	0x6dcb780	C	16	16	0x720a800
N6MobaAI23CalculateAttackSoldierCE	0x6dcbcb0	0x6dcbd40	C	16	16	0x720a800
N6MobaAI21CheckGENGPassiveBuffCE	0x6dcc270	0x6dcc300	C	16	16	0x720a800
N6MobaAI20CheckGainBuffRSkillCE	0x6dcc830	0x6dcc8c0	C	16	16	0x720a800
N6MobaAI19IsAbleToEvadeSkillCE	0x6dccdf0	0x6dcce80	C	16	16	0x720a800
N6MobaAI18CheckGUCastSkillWCE	0x6dcd3b0	0x6dcd440	C	16	16	0x720a800
N6MobaAI22IsSoldierInSkillRangeCE	0x6dcd970	0x6dcda00	C	16	16	0x720a800
N6MobaAI21CheckZHENGCastESkillCE	0x6dcdf30	0x6dcdfc0	C	16	16	0x720a800
N6MobaAI23CheckNidaleeCastSkillWCE	0x6dce4f0	0x6dce580	C	16	16	0x720a800
N6MobaAI20CheckSenZombieStateCE	0x6dceab0	0x6dceb40	C	16	16	0x720a800
N6MobaAI25IsSupportIgnoreHitSoldierE	0x6dcf070	0x6dcf100	C	16	16	0x720a800
N6MobaAI22ActorCheckEvadeBulletCE	0x6dcf630	0x6dcf6c0	C	16	16	0x720a800
N6MobaAI20CheckActorExistBuffCE	0x6dcfbf0	0x6dcfc80	C	16	16	0x720a800
N6MobaAI25CheckSkillCanUseToTargetCE	0x6dd01b0	0x6dd0240	C	16	16	0x720a800
N6MobaAI19CheckGewCastSkillRCE	0x6dd0770	0x6dd0800	C	16	16	0x720a800
N6MobaAI18SelectJungleSkillCE	0x6dd0d30	0x6dd0dc0	C	16	16	0x720a800
N6MobaAI20CheckWolkCastSkillQCE	0x6dd12f0	0x6dd1380	C	16	16	0x720a800
N6MobaAI18UseSkillToSoldierCE	0x6dd18b0	0x6dd1940	C	16	16	0x720a800
N6MobaAI17CheckCHONGRSkillCE	0x6dd1e70	0x6dd1f00	C	16	16	0x720a800
N6MobaAI21ActorCheckEvadeSkillCE	0x6dd2430	0x6dd24c0	C	16	16	0x720a800
N6MobaAI20CheckWolkCastSkillECE	0x6dd29f0	0x6dd2a80	C	16	16	0x720a800
N6MobaAI18CheckHUCastSkillRCE	0x6dd2fb0	0x6dd3040	C	16	16	0x720a800
N6MobaAI18SecondLastHitCheckE	0x6dd3570	0x6dd3600	C	16	16	0x720a800
N6MobaAI19CheckPikCastSkillRCE	0x6dd3b30	0x6dd3bc0	C	16	16	0x720a800
N6MobaAI31ActorCheckUseRemoteArriveSkillCE	0x6dd40f0	0x6dd4180	C	16	16	0x720a800
N6MobaAI19CheckYonCastSkillECE	0x6dd46b0	0x6dd4740	C	16	16	0x720a800
N6MobaAI21CheckJIANGCastWSkillCE	0x6dd4c70	0x6dd4d00	C	16	16	0x720a800
N6MobaAI22CheckRUOSkillQVariantCE	0x6dd5230	0x6dd52c0	C	16	16	0x720a800
N6MobaAI19LAISelectPokeSkillCE	0x6dd5900	0x6dd5990	C	16	16	0x720a800
N6MobaAI12LastHitCheckE	0x6dd5ec0	0x6dd5f50	C	16	16	0x720a800
N6MobaAI19CheckEkeCastSkillRCE	0x6dd65b0	0x6dd6640	C	16	16	0x720a800
N6MobaAI22CheckZHENGDeliveryPosCE	0x6dd6b70	0x6dd6c00	C	16	16	0x720a800
N6MobaAI18CheckRICastSkillRCE	0x6dd7130	0x6dd71c0	C	16	16	0x720a800
N6MobaAI26CheckCamilleSkillEVariantCE	0x6dd76f0	0x6dd7780	C	16	16	0x720a800
N6MobaAI23CheckKogmawZombieStateCE	0x6dd7cb0	0x6dd7d40	C	16	16	0x720a800
N6MobaAI27CheckNENGFateSkillWVariantCE	0x6dd8270	0x6dd8300	C	16	16	0x720a800
	0x6dd8960	0x6dd89f0	C	16	16	
N6MobaAI25JIANGCheckEvadeInfoSkillCE	0x6dd9050	0x6dd90e0	C	16	16	0x720a800
N6MobaAI18CheckDICastESkillCE	0x6dd9610	0x6dd96a0	C	16	16	0x720a800
N6MobaAI19CheckLiyCastSkillRCE	0x6dd9bd0	0x6dd9c60	C	16	16	0x720a800
N6MobaAI31ActorCastSkillByTeamRangeCheckCE	0x6dda190	0x6dda220	C	16	16	0x720a800
N6MobaAI18CheckBuCastSkillRCE	0x6dda750	0x6dda7e0	C	16	16	0x720a800
N6MobaAI17CheckSlotSkillIdCE	0x6ddad10	0x6ddada0	C	16	16	0x720a800
N6MobaAI23CheckRSkillInterruptionE	0x6ddb2d0	0x6ddb360	C	16	16	0x720a800
N6MobaAI18CheckZoCastSkillRCE	0x6ddb890	0x6ddb920	C	16	16	0x720a800
N6MobaAI19CheckSmrCastSkillRCE	0x6ddbe50	0x6ddbee0	C	16	16	0x720a800
N6MobaAI28FloraCheckEvadeInfoSkillTagCE	0x6ddc410	0x6ddc4a0	C	16	16	0x720a800
N6MobaAI17LastSkillHitCheckE	0x6ddc9d0	0x6ddca60	C	16	16	0x720a800
N6MobaAI19CheckYOUCastSkillRCE	0x6ddcf90	0x6ddd020	C	16	16	0x720a800
N6MobaAI19CheckQUPassiveBuffCE	0x6ddd550	0x6ddd5e0	C	16	16	0x720a800
N6MobaAI25CheckCHONGReplacedSkillECE	0x6dddb10	0x6dddba0	C	16	16	0x720a800
N6MobaAI19CheckPeiCastSkillWCE	0x6dde0d0	0x6dde160	C	16	16	0x720a800
N6MobaAI19ActorCheckUseSkillCE	0x6dde690	0x6dde720	C	16	16	0x720a800
N6MobaAI30ActorMoveToProperCastSkillPosCE	0x6ddec50	0x6ddece0	C	16	16	0x720a800
N6MobaAI15IsEvadeFlySkillE	0x6ddf210	0x6ddf2a0	C	16	16	0x720a800
N6MobaAI19CheckKUICastSkillECE	0x6ddf7d0	0x6ddf860	C	16	16	0x720a800
N6MobaAI23CheckTaliyahCastSkillRCE	0x6ddfd90	0x6ddfe20	C	16	16	0x720a800
N6MobaAI20TaliyahFinishSkillRCE	0x6de0350	0x6de03e0	C	16	16	0x720a800
N6MobaAI19CheckKUICastSkillQCE	0x6de0910	0x6de09a0	C	16	16	0x720a800
N6MobaAI19CheckCatCastSkillWCE	0x6de0ed0	0x6de0f60	C	16	16	0x720a800
N6MobaAI21CheckZHENGCastSkillRCE	0x6de15c0	0x6de1650	C	16	16	0x720a800
N6MobaAI17CheckAroundEnemyCE	0x6de1b80	0x6de1c10	C	16	16	0x720a800
N6MobaAI24CheckHpLossPercentByEnvCE	0x6de2140	0x6de21d0	C	16	16	0x720a800
N6MobaAI17CheckRacerCannonCE	0x6de2700	0x6de2790	C	16	16	0x720a800
N6MobaAI23CheckEscapeEnvironmentCE	0x6de2cc0	0x6de2d50	C	16	16	0x720a800
N6MobaAI21HomebaseBeenAttackedCE	0x6de3280	0x6de3310	C	16	16	0x720a800
N6MobaAI9IsMyLineCE	0x6de3840	0x6de38d0	C	16	16	0x720a800
N6MobaAI23CheckWillBeSkillLockedCE	0x6de3e00	0x6de3e90	C	16	16	0x720a800
N6MobaAI23UpLandTownBeenAttackedCE	0x6de43c0	0x6de4450	C	16	16	0x720a800
N6MobaAI22CheckStrategicForCampCE	0x6de4980	0x6de4a10	C	16	16	0x720a800
N6MobaAI35CheckFreeAgentPushLineLimitArrivedCE	0x6de4f40	0x6de4fd0	C	16	16	0x720a800
N6MobaAI19CheckFightStrategyCE	0x6de5500	0x6de5590	C	16	16	0x720a800
N6MobaAI16CheckSupplyModeCE	0x6de5ac0	0x6de5b50	C	16	16	0x720a800
N6MobaAI22ActorCheckRecoverRuneCE	0x6de6080	0x6de6110	C	16	16	0x720a800
N6MobaAI27CheckORNNSecondStageRSkillCE	0x6de6640	0x6de66d0	C	16	16	0x720a800
N6MobaAI17CheckLastAIStateCE	0x6de6c00	0x6de6c90	C	16	16	0x720a800
N6MobaAI28ActorMoveLinkPathStateCheckCE	0x6de71c0	0x6de7250	C	16	16	0x720a800
N6MobaAI29HeroRandomSwitchSummonerSkillE	0x6de7780	0x6de7810	C	16	16	0x720a800
N6MobaAI15ActorCheckLineCE	0x6de7d40	0x6de7dd0	C	16	16	0x720a800
N6MobaAI17CheckCanEatFruitCE	0x6de8300	0x6de8390	C	16	16	0x720a800
N6MobaAI20CheckHitDyingTargetCE	0x6de88c0	0x6de8950	C	16	16	0x720a800
N6MobaAI20SeekForSupplyJungleCE	0x6de8fb0	0x6de9040	C	16	16	0x720a800
N6MobaAI21HeroCheckAndBuyEquipCE	0x6de9570	0x6de9600	C	16	16	0x720a800
N6MobaAI25ActorCheckFeedRealPlayerCE	0x6de9b30	0x6de9bc0	C	16	16	0x720a800
N6MobaAI14SeekForSupplyCE	0x6dea220	0x6dea2b0	C	16	16	0x720a800
N6MobaAI16SpriteCastSkillCE	0x6dea7e0	0x6dea870	C	16	16	0x720a800
N6MobaAI21HeroSelectPixiuRewardE	0x6deada0	0x6deae30	C	16	16	0x720a800
N6MobaAI18HeroCheckPushLineCE	0x6deb360	0x6deb3f0	C	16	16	0x720a800
N6MobaAI28ActorCheckRecoverRuneCherryCE	0x6deb920	0x6deb9b0	C	16	16	0x720a800
N6MobaAI26ActorCheckForceCreepScoreCE	0x6debee0	0x6debf70	C	16	16	0x720a800
N6MobaAI20CheckDurationRandomCE	0x6dec4a0	0x6dec530	C	16	16	0x720a800
N6MobaAI23ActorCheckEscapeCherryCE	0x6deca60	0x6decaf0	C	16	16	0x720a800
N6MobaAI20CheckCherryTeamLossCE	0x6ded020	0x6ded0b0	C	16	16	0x720a800
N6MobaAI15ActorCheckTimeCE	0x6ded5e0	0x6ded670	C	16	16	0x720a800
N6MobaAI23SeekFruitTreeForSupplyCE	0x6dedcd0	0x6dedd60	C	16	16	0x720a800
N6MobaAI19SpriteStateMovePosCE	0x6dee370	0x6dee400	C	16	16	0x720a800
N6MobaAI11AllyIsDeadCE	0x6dee930	0x6dee9c0	C	16	16	0x720a800
N6MobaAI9CheckAdvCE	0x6deeef0	0x6deef80	C	16	16	0x720a800
N6MobaAI26HeroRandomGainEventProcessE	0x6def4b0	0x6def540	C	16	16	0x720a800
N6MobaAI19ActorMovePathCheckCE	0x6defa70	0x6defb00	C	16	16	0x720a800
N6MobaAI15ActorIsInTrapsCE	0x6df0030	0x6df00c0	C	16	16	0x720a800
N6MobaAI19CheckIsSpriteStateCE	0x6df05f0	0x6df0680	C	16	16	0x720a800
N6MobaAI19IgnoreLastHitCheckCE	0x6df0bb0	0x6df0c40	C	16	16	0x720a800
N6MobaAI30ActorCheckBuyEquipProbabilityCE	0x6df1170	0x6df1200	C	16	16	0x720a800
N6MobaAI17ActorCheckGoHomeCE	0x6df1730	0x6df17c0	C	16	16	0x720a800
N6MobaAI33HeroRandomSelectPixiuEventProcessE	0x6df1cf0	0x6df1d80	C	16	16	0x720a800
N6MobaAI19SeekFruitForSupplyCE	0x6df23e0	0x6df2470	C	16	16	0x720a800
N6MobaAI13TargetIsDeadCE	0x6df29a0	0x6df2a30	C	16	16	0x720a800
N6MobaAI22HeroCheckHasRuneSkillCE	0x6df2f60	0x6df2ff0	C	16	16	0x720a800
N6MobaAI17ShouldIHitTargetCE	0x6df3520	0x6df35b0	C	16	16	0x720a800
N6MobaAI21ActorHasBeenAttackedCE	0x6df3ae0	0x6df3b70	C	16	16	0x720a800
N6MobaAI19IsAttackingMonsterCE	0x6df40a0	0x6df4130	C	16	16	0x720a800
N6MobaAI20ActorCheckMpPercentCE	0x6df4660	0x6df46f0	C	16	16	0x720a800
N6MobaAI24ActorCheckCommitSuicideCE	0x6df4c20	0x6df4cb0	C	16	16	0x720a800
N6MobaAI22HeroCheckFastPushLineCE	0x6df51e0	0x6df5270	C	16	16	0x720a800
N6MobaAI16CheckTargetEnumCE	0x6df57a0	0x6df5830	C	16	16	0x720a800
N6MobaAI20CheckZoCollectSkillCE	0x6df5d60	0x6df5df0	C	16	16	0x720a800
N6MobaAI23ActorBeenLockedByEnemyCE	0x6df6320	0x6df63b0	C	16	16	0x720a800
N6MobaAI22ActorCheckEquipChangeCE	0x6df68e0	0x6df6970	C	16	16	0x720a800
N6MobaAI31ActorCheckMonseterAIMarkCherryCE	0x6df6ea0	0x6df6f30	C	16	16	0x720a800
N6MobaAI16LineAdditionInfoE	0x6df6fc8	0x6df7040	A	6	11	0x720a800
N6MobaAI12ActorIsDeadCE	0x6df7570	0x6df7600	C	16	16	0x720a800
N6MobaAI23CheckFirstTowerDestroyCE	0x6df7a30	0x6df7ac0	C	16	16	0x720a800
N6MobaAI20ActorCheckHpPercentCE	0x6df7ff0	0x6df8080	C	16	16	0x720a800
N6MobaAI18SwitchHeroMovePosCE	0x6df85b0	0x6df8640	C	16	16	0x720a800
N6MobaAI21HeroSelectForgingCradE	0x6df8b70	0x6df8c00	C	16	16	0x720a800
N6MobaAI16CheckBattleModeCE	0x6df9130	0x6df91c0	C	16	16	0x720a800
N6MobaAI30ActorCheckEscapeFromEnemyTeamCE	0x6df96f0	0x6df9780	C	16	16	0x720a800
N6MobaAI22CheckKillSoldierCountCE	0x6df9cb0	0x6df9d40	C	16	16	0x720a800
N6MobaAI30ActorCheckHpPercentNearSpringCE	0x6dfa270	0x6dfa300	C	16	16	0x720a800
N6MobaAI24ActorCheckUseYordleDoorCE	0x6dfa830	0x6dfa8c0	C	16	16	0x720a800
N6MobaAI30ShouldGoBackToSpringForSupplyCE	0x6dfaf20	0x6dfafb0	C	16	16	0x720a800
N6MobaAI24HeroCheckSelectUSBSkillCE	0x6dfb4e0	0x6dfb570	C	16	16	0x720a800
N6MobaAI24ActorCheckFeedEnemyTeamCE	0x6dfb9a0	0x6dfba30	C	16	16	0x720a800
N6MobaAI19HeroCheckPushTowerCE	0x6dfbf60	0x6dfbff0	C	16	16	0x720a800
N6MobaAI17CheckIsMagicModeCE	0x6dfc520	0x6dfc5b0	C	16	16	0x720a800
N6MobaAI25FrequencyControlConditionE	0x6dfcaf0	0x6dfcb80	C	16	16	0x720a800
N6MobaAI26CompareKillTimeDeltaValueCE	0x6dfd0b0	0x6dfd140	C	16	16	0x720a800
N6MobaAI22ActorCheckPosCellTypeCE	0x6dfd670	0x6dfd700	C	16	16	0x720a800
N6MobaAI22CheckMoveAroundDragonCE	0x6dfdc30	0x6dfdcc0	C	16	16	0x720a800
N6MobaAI23CheckKillTimeAdvantageCE	0x6dfe1f0	0x6dfe280	C	16	16	0x720a800
N6MobaAI26IsNeedMoveBeforeCastSkillCE	0x6dfe7b0	0x6dfe840	C	16	16	0x720a800
N6MobaAI15CheckTargetDisCE	0x6dfed70	0x6dfee00	C	16	16	0x720a800
N6MobaAI25CheckTimeToCatchUpTargetCE	0x6dff330	0x6dff3c0	C	16	16	0x720a800
N6MobaAI33CheckTimeToBeCaughtWithSpasticityE	0x6dff8f0	0x6dff980	C	16	16	0x720a800
N6MobaAI21CheckShortTimeDmgAdvCE	0x6dffeb0	0x6dfff40	C	16	16	0x720a800
N6MobaAI21WillBeAttackedByTowerE	0x6e00470	0x6e00500	C	16	16	0x720a800
N6MobaAI23WillBeAttackedBySoliderE	0x6e00a30	0x6e00ac0	C	16	16	0x720a800
N6MobaAI23CheckIsInRectangleAreaCE	0x6e00ff0	0x6e01080	C	16	16	0x720a800
N6MobaAI17BattleElapseTimeCE	0x6e015b0	0x6e01640	C	16	16	0x720a800
N6MobaAI16CompareKillTimeCE	0x6e01b70	0x6e01c00	C	16	16	0x720a800
N6MobaAI24MoveToFrontLinePosUseTpCE	0x6e02130	0x6e021c0	C	16	16	0x720a800
N6MobaAI24MoveToSpecifiedPosUseTpCE	0x6e026f0	0x6e02780	C	16	16	0x720a800
N6MobaAI31ActorCheckDistanceWithBirthPosCE	0x6e02cb0	0x6e02d40	C	16	16	0x720a800
N6MobaAI35ActorIsInBeLoackedEnemyAttackRangeCE	0x6e03270	0x6e03300	C	16	16	0x720a800
N6MobaAI21ActorIsInSpringRangeCE	0x6e03830	0x6e038c0	C	16	16	0x720a800
N6MobaAI37ActorIsOutsideAttackRangeOfEnemyHerosE	0x6e03df0	0x6e03e80	C	16	16	0x720a800
N6MobaAI21CheckTimeToBeCatchUpCE	0x6e043b0	0x6e04440	C	16	16	0x720a800
N6MobaAI29CompareBeCaughtAndKilledTimeCE	0x6e04970	0x6e04a00	C	16	16	0x720a800
N6MobaAI13CheckAllyDisCE	0x6e04f30	0x6e04fc0	C	16	16	0x720a800
N6MobaAI22CheckAllyNearByTargetCE	0x6e054f0	0x6e05580	C	16	16	0x720a800
N6MobaAI28CheckTargetUnderAttackRangeCE	0x6e05ab0	0x6e05b40	C	16	16	0x720a800
N6MobaAI31ActorCheckDistanceWithPositionCE	0x6e06070	0x6e06100	C	16	16	0x720a800
N6MobaAI21GoHomeCheckAroundObjCE	0x6e06630	0x6e066c0	C	16	16	0x720a800
N6MobaAI22ActorCheckReinTpSkillCE	0x6e06bf0	0x6e06c80	C	16	16	0x720a800
N6MobaAI31MonitoringOwnerForwardtoTargetCE	0x6e071b0	0x6e07240	C	16	16	0x720a800
N6MobaAI23CheckTargetStateChangeCE	0x6e07770	0x6e07800	C	16	16	0x720a800
N6MobaAI28CheckTeamCmdExecutePriorityCE	0x6e07d30	0x6e07dc0	C	16	16	0x720a800
N6MobaAI24LockProperAllyRENWSkillCE	0x6e08420	0x6e084b0	C	16	16	0x720a800
N6MobaAI17LockNearestTargetE	0x6e089e0	0x6e08a70	C	16	16	0x720a800
N6MobaAI12LockMonsterCE	0x6e08fa0	0x6e09030	C	16	16	0x720a800
N6MobaAI16CheckTargetTypeCE	0x6e09560	0x6e095f0	C	16	16	0x720a800
N6MobaAI32LockProperTargetUnderAttackRangeE	0x6e09b20	0x6e09bb0	C	16	16	0x720a800
N6MobaAI22LockProperAllyByFilterE	0x6e0a0f0	0x6e0a180	C	16	16	0x720a800
N6MobaAI19LockValuableTargetCE	0x6e0a6b0	0x6e0a740	C	16	16	0x720a800
N6MobaAI16LockProperTargetE	0x6e0ac70	0x6e0ad00	C	16	16	0x720a800
N6MobaAI15LockFruitPlantCE	0x6e0b230	0x6e0b2c0	C	16	16	0x720a800
N6MobaAI16LockCloneTargetCE	0x6e0b7f0	0x6e0b880	C	16	16	0x720a800
N6MobaAI17CheckInputTargetCE	0x6e0bdb0	0x6e0be40	C	16	16	0x720a800
N6MobaAI18LockAdPlayerBySupCE	0x6e0c4a0	0x6e0c530	C	16	16	0x720a800
N6MobaAI10LockFruitCE	0x6e0ca60	0x6e0caf0	C	16	16	0x720a800
N6MobaAI19CheckInputTargetIdCE	0x6e0d020	0x6e0d0b0	C	16	16	0x720a800
N6MobaAI16LockRandomTargetE	0x6e0d5e0	0x6e0d670	C	16	16	0x720a800
N6MobaAI14LockLessHpNPCCE	0x6e0dba0	0x6e0dc30	C	16	16	0x720a800
N6MobaAI22CheckTargetIsInMemoryCE	0x6e0e160	0x6e0e1f0	C	16	16	0x720a800
N6MobaAI24LockProperSoilderOrTowerE	0x6e0e720	0x6e0e7b0	C	16	16	0x720a800
N6MobaAI17RLMoveOrCastSkillE	0x6e0ece0	0x6e0ed70	C	16	16	0x720a800
N6MobaAI16NPCMoveToTargetAE	0x6e0f2a0	0x6e0f330	C	16	16	0x720a800
N6MobaAI10NPCEscapeAE	0x6e0f860	0x6e0f8f0	C	16	16	0x720a800
N6MobaAI13NPCCastSkillAE	0x6e0fe20	0x6e0feb0	C	16	16	0x720a800
N6MobaAI22NPCMoveSurroundTargetAE	0x6e103e0	0x6e10470	C	16	16	0x720a800
N6MobaAI12NPCRandMoveAE	0x6e109a0	0x6e10a30	C	16	16	0x720a800
N6MobaAI22NPCMoveAwayFromTargetAE	0x6e10f60	0x6e10ff0	C	16	16	0x720a800
N6MobaAI22NPCCastSkillToForwardAE	0x6e11520	0x6e115b0	C	16	16	0x720a800
N6MobaAI21NPCCircuitFromTargetAE	0x6e11ae0	0x6e11b70	C	16	16	0x720a800
N6MobaAI17NPCCastSkillByIdAE	0x6e120a0	0x6e12130	C	16	16	0x720a800
N6MobaAI9NPCStandAE	0x6e12660	0x6e126f0	C	16	16	0x720a800
N6MobaAI26NPCLockTargetByTypeAndLineE	0x6e12c20	0x6e12cb0	C	16	16	0x720a800
N6MobaAI22NPCSelectSelfAsTargetCE	0x6e131e0	0x6e13270	C	16	16	0x720a800
N6MobaAI20NPCCheckSelfHasBuffCE	0x6e137a0	0x6e13830	C	16	16	0x720a800
N6MobaAI21NPCCheckTargetNearByCE	0x6e13d60	0x6e13df0	C	16	16	0x720a800
N6MobaAI19NPCLockTargetByBuffE	0x6e14320	0x6e143b0	C	16	16	0x720a800
N6MobaAI17NPCLockTargetByHPE	0x6e148e0	0x6e14970	C	16	16	0x720a800
N6MobaAI10SubTreeCDCE	0x6e14ea0	0x6e14f30	C	16	16	0x720a800
N6MobaAI7RLProxyE	0x6e15460	0x6e154f0	C	16	16	0x720a800
N6MobaAI20SimulationSkillMENGWE	0x6e156d0	0x6e15760	C	15	16	0x720a800
N6MobaAI23SimulationAttributeInfoE	0x6e157f8	0x6e15870	A	6	11	0x720a800
	0x6e15c80	0x6e15d10	C	15	16	
	0x6e16230	0x6e162c0	C	15	16	
	0x6e167e0	0x6e16870	C	15	16	
N6MobaAI22SimulationSkillZHUANGEE	0x6e16b60	0x6e16bf0	C	15	16	0x720a800
N6MobaAI19SimulationSkillLUOQE	0x6e16dd0	0x6e16e60	C	15	16	0x720a800
N6MobaAI21SimulationSkillFloraQE	0x6e17040	0x6e170d0	C	15	16	0x720a800
	0x6e174e0	0x6e17570	C	15	16	
N6MobaAI19SimulationSkillJIARE	0x6e17860	0x6e178f0	C	15	16	0x720a800
N6MobaAI18SimulationSkillCIRE	0x6e17ad0	0x6e17b60	C	15	16	0x720a800
	0x6e17f70	0x6e18000	C	15	16	
	0x6e18520	0x6e185b0	C	15	16	
N6MobaAI20SimulationFighterAksE	0x6e188c0	0x6e18950	C	15	16	0x720a800
N6MobaAI19SimulationSkillRUOWE	0x6e18b30	0x6e18bc0	C	15	16	0x720a800
N6MobaAI21SimulationFighterKONGE	0x6e18dc0	0x6e18e50	C	15	16	0x720a800
N6MobaAI23SimulationSkillMANGQXinE	0x6e19030	0x6e190c0	C	15	16	0x720a800
N6MobaAI19SimulationSkillSmrQE	0x6e192a0	0x6e19330	C	15	16	0x720a800
	0x6e19740	0x6e197d0	C	15	16	
N6MobaAI19SimulationSkillKSTRE	0x6e19ac0	0x6e19b50	C	15	16	0x720a800
N6MobaAI19SimulationSkillLUOWE	0x6e19d30	0x6e19dc0	C	15	16	0x720a800
	0x6e1a1d0	0x6e1a260	C	15	16	
N6MobaAI21SimulationSkillXIANGRE	0x6e1a550	0x6e1a5e0	C	15	16	0x720a800
N6MobaAI20SimulationSkillMENGQE	0x6e1a7c0	0x6e1a850	C	15	16	0x720a800
N6MobaAI20SimulationFighterLiyE	0x6e1aa50	0x6e1aae0	C	15	16	0x720a800
N6MobaAI19SimulationSkillTTSWE	0x6e1acc0	0x6e1ad50	C	15	16	0x720a800
	0x6e1b160	0x6e1b1f0	C	15	16	
	0x6e1b710	0x6e1b7a0	C	15	16	
	0x6e1bcc0	0x6e1bd50	C	15	16	
N6MobaAI14SimulationSlotE	0x6e1bef0	0x6e1bf80	C	10	16	0x720a800
	0x6e1c390	0x6e1c420	C	15	16	
N6MobaAI21SimulationFighterGENGE	0x6e1c730	0x6e1c7c0	C	15	16	0x720a800
N6MobaAI19SimulationFighterPIE	0x6e1c9c0	0x6e1ca50	C	15	16	0x720a800
	0x6e1cc60	0x6e1ccf0	C	15	16	
N6MobaAI16SimulationEffectE	0x6e1cde8	0x6e1ce78	F	13	13	0x720a890
N6MobaAI20SimulationFighterNieE	0x6e1d020	0x6e1d0b0	C	15	16	0x720a800
	0x6e1d4c0	0x6e1d550	C	15	16	
	0x6e1da70	0x6e1db00	C	15	16	
	0x6e1e020	0x6e1e0b0	C	15	16	
N6MobaAI17SimulationFighterE	0x6e1e2c0	0x6e1e350	C	15	16	0x720a800
N6MobaAI21SimulationFighterMENGE	0x6e1e550	0x6e1e5e0	C	15	16	0x720a800
	0x6e1e9f0	0x6e1ea80	C	15	16	
N6MobaAI20SimulationSkillDIQbtE	0x6e1ee50	0x6e1eee0	C	15	16	0x720a800
N6MobaAI18SimulationSkillMOEE	0x6e1f0c0	0x6e1f150	C	15	16	0x720a800
N6MobaAI19SimulationSkillRuoQE	0x6e1f330	0x6e1f3c0	C	15	16	0x720a800
N6MobaAI20SimulationFighterKYLE	0x6e1f5c0	0x6e1f650	C	15	16	0x720a800
	0x6e1fa60	0x6e1faf0	C	15	16	
	0x6e20010	0x6e200a0	C	15	16	
N6MobaAI19SimulationFighterXIE	0x6e203b0	0x6e20440	C	15	16	0x720a800
	0x6e20850	0x6e208e0	C	15	16	
N6MobaAI15SimulationActorE	0x6e20a88	0x6e20b00	A	6	11	0x720a800
N6MobaAI19SimulationSkillNieEE	0x6e20ce0	0x6e20d70	C	15	16	0x720a800
N6MobaAI18SimulationSkillBiWE	0x6e20f50	0x6e20fe0	C	15	16	0x720a800
N6MobaAI19SimulationFighterHUE	0x6e211e0	0x6e21270	C	15	16	0x720a800
N6MobaAI18SimulationSkillYIEE	0x6e21450	0x6e214e0	C	15	16	0x720a800
N6MobaAI20SimulationFighterKyiE	0x6e216e0	0x6e21770	C	15	16	0x720a800
N6MobaAI20SimulationFighterAtxE	0x6e21970	0x6e21a00	C	15	16	0x720a800
N6MobaAI19SimulationFighterZoE	0x6e21c00	0x6e21c90	C	15	16	0x720a800
N6MobaAI20SimulationFighterKUIE	0x6e21e90	0x6e21f20	C	15	16	0x720a800
N6MobaAI19SimulationFighterDUE	0x6e22120	0x6e221b0	C	15	16	0x720a800
	0x6e225c0	0x6e22650	C	15	16	
	0x6e22b70	0x6e22c00	C	15	16	
	0x6e23120	0x6e231b0	C	15	16	
N6MobaAI21SimulationFighterNIANE	0x6e234c0	0x6e23550	C	15	16	0x720a800
N6MobaAI20SimulationSkillNIANEE	0x6e23730	0x6e237c0	C	15	16	0x720a800
N6MobaAI20SimulationFighterZHIE	0x6e239c0	0x6e23a50	C	15	16	0x720a800
	0x6e23e60	0x6e23ef0	C	15	16	
	0x6e24410	0x6e244a0	C	15	16	
N6MobaAI23SimulationFighterZHUANGE	0x6e247b0	0x6e24840	C	15	16	0x720a800
N6MobaAI15SimulationSkillE	0x6e24930	0x6e249c0	C	15	16	0x720a800
	0x6e24dd0	0x6e24e60	C	15	16	
	0x6e25380	0x6e25410	C	15	16	
	0x6e25930	0x6e259c0	C	15	16	
N6MobaAI20SimulationSkillMENGRE	0x6e25cb0	0x6e25d40	C	15	16	0x720a800
	0x6e26150	0x6e261e0	C	15	16	
	0x6e26700	0x6e26790	C	15	16	
N6MobaAI20SimulationFighterVgsE	0x6e26aa0	0x6e26b30	C	15	16	0x720a800
N6MobaAI21SimulationFighterZHOUE	0x6e26d30	0x6e26dc0	C	15	16	0x720a800
N6MobaAI21SimulationSkillCHENGEE	0x6e26fa0	0x6e27030	C	15	16	0x720a800
N6MobaAI19SimulationSkillKAOWE	0x6e27210	0x6e272a0	C	15	16	0x720a800
N6MobaAI19SimulationFighterViE	0x6e274a0	0x6e27530	C	15	16	0x720a800
N6MobaAI20SimulationFighterEKEE	0x6e27730	0x6e277c0	C	15	16	0x720a800
N6MobaAI19SimulationSkillSFXRE	0x6e279a0	0x6e27a30	C	15	16	0x720a800
N6MobaAI20SimulationFighterKAOE	0x6e27c30	0x6e27cc0	C	15	16	0x720a800
	0x6e280d0	0x6e28160	C	15	16	
	0x6e28680	0x6e28710	C	15	16	
N6MobaAI18SimulationSkillCIWE	0x6e28a00	0x6e28a90	C	15	16	0x720a800
N6MobaAI19SimulationFighterBIE	0x6e28c90	0x6e28d20	C	15	16	0x720a800
N6MobaAI18SimulationSkillGUAE	0x6e28f00	0x6e28f90	C	15	16	0x720a800
N6MobaAI20SimulationFighterSmrE	0x6e29190	0x6e29220	C	15	16	0x720a800
N6MobaAI22SimulationVariantSkillE	0x6e29400	0x6e29490	C	15	16	0x720a800
N6MobaAI19SimulationSkillQIUWE	0x6e29670	0x6e29700	C	15	16	0x720a800
N6MobaAI19SimulationSkillMEIWE	0x6e298e0	0x6e29970	C	15	16	0x720a800
	0x6e29d80	0x6e29e10	C	15	16	
	0x6e2a330	0x6e2a3c0	C	15	16	
N6MobaAI19SimulationFighterZEE	0x6e2a6d0	0x6e2a760	C	15	16	0x720a800
N6MobaAI24SimulationFighterCamilleE	0x6e2a960	0x6e2a9f0	C	15	16	0x720a800
N6MobaAI19SimulationSkillKylEE	0x6e2abd0	0x6e2ac60	C	15	16	0x720a800
N6MobaAI21SimulationSkillHUANGEE	0x6e2ae40	0x6e2aed0	C	15	16	0x720a800
N6MobaAI22SimulationSkillZHUANGWE	0x6e2b0b0	0x6e2b140	C	15	16	0x720a800
N6MobaAI22SimulationFighterCHONGE	0x6e2b340	0x6e2b3d0	C	15	16	0x720a800
	0x6e2b7e0	0x6e2b870	C	15	16	
N6MobaAI20SimulationFighterXALE	0x6e2bb80	0x6e2bc10	C	15	16	0x720a800
N6MobaAI21SimulationFighterShuiE	0x6e2be10	0x6e2bea0	C	15	16	0x720a800
	0x6e2c2b0	0x6e2c340	C	15	16	
	0x6e2c860	0x6e2c8f0	C	15	16	
	0x6e2ce10	0x6e2cea0	C	15	16	
	0x6e2d3c0	0x6e2d450	C	15	16	
N6MobaAI18SimulationSkillDuQE	0x6e2d740	0x6e2d7d0	C	15	16	0x720a800
	0x6e2dbe0	0x6e2dc70	C	15	16	
N6MobaAI19SimulationFighterYUE	0x6e2df80	0x6e2e010	C	15	16	0x720a800
	0x6e2e420	0x6e2e4b0	C	15	16	
N6MobaAI20SimulationSkillKONGEE	0x6e2e7a0	0x6e2e830	C	15	16	0x720a800
N6MobaAI18SimulationSkillYIRE	0x6e2ea10	0x6e2eaa0	C	15	16	0x720a800
N6MobaAI20SimulationFighterGewE	0x6e2eca0	0x6e2ed30	C	15	16	0x720a800
N6MobaAI19SimulationSkillNieRE	0x6e2ef10	0x6e2efa0	C	15	16	0x720a800
N6MobaAI20SimulationSkillZHOUQE	0x6e2f180	0x6e2f210	C	15	16	0x720a800
N6MobaAI19SimulationSkillLUOEE	0x6e2f3f0	0x6e2f480	C	15	16	0x720a800
	0x6e2f890	0x6e2f920	C	15	16	
	0x6e2fe40	0x6e2fed0	C	15	16	
N6MobaAI21SimulationFighterMIAOE	0x6e301e0	0x6e30270	C	15	16	0x720a800
	0x6e30680	0x6e30710	C	15	16	
N6MobaAI19SimulationFighterERE	0x6e30a20	0x6e30ab0	C	15	16	0x720a800
	0x6e30ec0	0x6e30f50	C	15	16	
	0x6e31470	0x6e31500	C	15	16	
N6MobaAI20SimulationFighterPEIE	0x6e31810	0x6e318a0	C	15	16	0x720a800
N6MobaAI20SimulationSkillMANGRE	0x6e31a80	0x6e31b10	C	15	16	0x720a800
N6MobaAI24SimulationFighterNonHeroE	0x6e31d10	0x6e31da0	C	15	16	0x720a800
N6MobaAI15FightSimulationE	0x6e31e38	0x6e31eb0	A	6	11	0x720a800
N6MobaAI20SimulationFighterJIAE	0x6e320b0	0x6e32140	C	15	16	0x720a800
N6MobaAI19SimulationSkillFENEE	0x6e32320	0x6e323b0	C	15	16	0x720a800
	0x6e327c0	0x6e32850	C	15	16	
N6MobaAI18SimulationSkillHUAE	0x6e32b40	0x6e32bd0	C	15	16	0x720a800
	0x6e32fe0	0x6e33070	C	15	16	
N6MobaAI19SimulationFighterQUE	0x6e33380	0x6e33410	C	15	16	0x720a800
N6MobaAI22SimulationFighterXIANGE	0x6e33610	0x6e336a0	C	15	16	0x720a800
N6MobaAI26SimulationSkillTryndamereRE	0x6e33880	0x6e33910	C	15	16	0x720a800
	0x6e33d20	0x6e33db0	C	15	16	
N6MobaAI20SimulationSkillMANGWE	0x6e34180	0x6e34210	C	15	16	0x720a800
N6MobaAI20SimulationSkillNIANQE	0x6e343f0	0x6e34480	C	15	16	0x720a800
	0x6e34a90	0x6e34b20	C	15	16	
	0x6e35040	0x6e350d0	C	15	16	
N6MobaAI18SimulationSkillXiQE	0x6e353c0	0x6e35450	C	15	16	0x720a800
	0x6e35860	0x6e358f0	C	15	16	
N6MobaAI20SimulationFighterTTSE	0x6e35c00	0x6e35c90	C	15	16	0x720a800
	0x6e360a0	0x6e36130	C	15	16	
N6MobaAI19SimulationSkillZHIQE	0x6e36420	0x6e364b0	C	15	16	0x720a800
N6MobaAI20SimulationFighterDAIE	0x6e366b0	0x6e36740	C	15	16	0x720a800
N6MobaAI30SimulationSkillSmrNormalAttackE	0x6e36920	0x6e369b0	C	15	16	0x720a800
N6MobaAI19SimulationFighterCIE	0x6e36bb0	0x6e36c40	C	15	16	0x720a800
N6MobaAI19SimulationSkillKAOEE	0x6e36e20	0x6e36eb0	C	15	16	0x720a800
	0x6e372c0	0x6e37350	C	15	16	
N6MobaAI20SimulationFighterXIUE	0x6e37660	0x6e376f0	C	15	16	0x720a800
N6MobaAI20SimulationFighterLUOE	0x6e378f0	0x6e37980	C	15	16	0x720a800
N6MobaAI18SimulationSkillCIEE	0x6e37b60	0x6e37bf0	C	15	16	0x720a800
N6MobaAI21SimulationFighterMANGE	0x6e37df0	0x6e37e80	C	15	16	0x720a800
N6MobaAI21SimulationFighterLANGE	0x6e38080	0x6e38110	C	15	16	0x720a800
	0x6e38520	0x6e385b0	C	15	16	
	0x6e38ad0	0x6e38b60	C	15	16	
N6MobaAI20SimulationFighterKLME	0x6e38e70	0x6e38f00	C	15	16	0x720a800
N6MobaAI20SimulationSkillZHOURE	0x6e390e0	0x6e39170	C	15	16	0x720a800
	0x6e39580	0x6e39610	C	15	16	
N6MobaAI20SimulationFighterQIUE	0x6e39920	0x6e399b0	C	15	16	0x720a800
N6MobaAI19SimulationSkillNieQE	0x6e39b90	0x6e39c20	C	15	16	0x720a800
N6MobaAI19SimulationFighterGUE	0x6e39e20	0x6e39eb0	C	15	16	0x720a800
	0x6e3a2c0	0x6e3a350	C	15	16	
N6MobaAI18SimulationSkillHUEE	0x6e3a640	0x6e3a6d0	C	15	16	0x720a800
N6MobaAI23SimulationEffectManagerE	0x6e3a768	0x6e3a7e0	A	6	11	0x720a800
	0x6e3abf0	0x6e3ac80	C	15	16	
	0x6e3b1a0	0x6e3b230	C	15	16	
N6MobaAI17TeamHeroMoveCurveE	0x6e3b3d8	0x6e3b450	A	6	11	0x720a800
	0x6e3b620	0x6e3b6b0	C	15	16	
N6MobaAI19SkillDamageObserverE	0x6e3b7a8	0x6e3b838	F	13	13	0x720a890
N6MobaAI15SoldierLineHeroE	0x6e3b900	0x6e3b990	C	9	16	0x720a800
N6MobaAI16SoldierLineActorE	0x6e3ba20	0x6e3bab0	C	11	16	0x720a800
N6MobaAI15SoldierLineTeamE	0x6e3bb48	0x6e3bbc0	A	6	11	0x720a800
N6MobaAI16SoldierLineGroupE	0x6e3bc58	0x6e3bcd0	A	6	11	0x720a800
N6MobaAI21SoldierLineSimulationE	0x6e3bd68	0x6e3bde0	A	6	11	0x720a800
N6MobaAI27SoldierLineSummonRiftHeraldE	0x6e3bf00	0x6e3bf90	C	9	16	0x720a800
N6MobaAI21AITargetSelectMonitorE	0x6e3c028	0x6e3c0a0	A	6	11	0x720a800
N6MobaAI13HeroMoveCurveE	0x6e3c138	0x6e3c1b0	A	6	11	0x720a800
N6MobaAI14HeroTargetInfoE	0x6e3c248	0x6e3c2c0	A	6	11	0x720a800
N6MobaAI16EnemyMonitorInfoE	0x6e3c358	0x6e3c3d0	A	6	11	0x720a800
N6MobaAI18TeamAiTacticsParamE	0x6e3c468	0x6e3c4e0	A	6	11	0x720a800
	0x6e3c880	0x6e3c910	C	16	16	
	0x6e3d010	0x6e3d0a0	C	16	16	
	0x6e3d770	0x6e3d800	C	16	16	
	0x6e3dca0	0x6e3dd30	C	16	16	
	0x6e3e410	0x6e3e4a0	C	16	16	
	0x6e3eda0	0x6e3ee30	C	16	16	
	0x6e3f500	0x6e3f590	C	16	16	
	0x6e3fc60	0x6e3fcf0	C	16	16	
N6MobaAI23DefanceBaseTaticalParamE	0x6e3fe58	0x6e3fed0	A	6	11	0x720a800
	0x6e40470	0x6e40500	C	16	16	
	0x6e40b70	0x6e40c00	C	16	16	
	0x6e41270	0x6e41300	C	16	16	
	0x6e41970	0x6e41a00	C	16	16	
	0x6e42070	0x6e42100	C	16	16	
	0x6e42790	0x6e42820	C	16	16	
	0x6e43090	0x6e43120	C	16	16	
	0x6e437f0	0x6e43880	C	16	16	
N6MobaAI17AIMemoryActorPoolE	0x6e439e8	0x6e43a60	A	6	11	0x720a800
N6MobaAI13AiBattleBlockE	0x6e43af8	0x6e43b70	A	6	11	0x720a800
N6MobaAI19PokeTeamBehavCheckCE	0x6e440a0	0x6e44130	C	16	16	0x720a800
N6MobaAI17AIMemoryGrassPoolE	0x6e441c8	0x6e44240	A	6	11	0x720a800
N6MobaAI16TeamAiTacticsMgrE	0x6e442d8	0x6e44350	A	6	11	0x720a800
N6MobaAI12SimulateInfoE	0x6e44400	0x6e44490	C	11	16	0x720a800
N6MobaAI12GankInitInfoE	0x6e44528	0x6e445a0	A	6	11	0x720a800
N6MobaAI13AIMemoryActorE	0x6e44638	0x6e446b0	A	6	11	0x720a800
N6MobaAI9GankModelE	0x6e44748	0x6e447c0	A	6	11	0x720a800
N6MobaAI16PredictionActionE	0x6e44858	0x6e448d0	A	6	11	0x720a800
N6MobaAI20TeamAiDifficultyInfoE	0x6e44968	0x6e449e0	A	6	11	0x720a800
N6MobaAI30TeamAiStrategyTargetExtendBaseE	0x6e44b40	0x6e44bd0	C	11	16	0x720a800
	0x6e44f20	0x6e44fb0	C	11	16	
N6MobaAI8StrategyE	0x6e45140	0x6e451d0	C	11	16	0x720a800
N6MobaAI8DispatchE	0x6e45268	0x6e452e0	A	6	11	0x720a800
N6MobaAI8DispatchE	0x6e453e0	0x6e45470	C	15	16	
N6MobaAI14GankSimulationE	0x6e454b8	0x6e45548	F	6	13	0x720a890
N6MobaAI6TeamAiE	0x6e455b8	0x6e45630	A	6	11	0x720a800
N6MobaAI14TeamAiWarPhaseE	0x6e456c8	0x6e45740	A	6	11	0x720a800
N6MobaAI12AITeamMemoryE	0x6e457d8	0x6e45850	A	6	11	0x720a800
N6MobaAI13PushTowerInfoE	0x6e459b0	0x6e45a40	C	10	16	0x720a800
N6MobaAI8PushInfoE	0x6e45bb0	0x6e45c40	C	10	16	0x720a800
N6MobaAI12FightingInfoE	0x6e45cd8	0x6e45d50	A	6	11	0x720a800
N6MobaAI11SupportInfoE	0x6e45eb0	0x6e45f40	C	10	16	0x720a800
N6MobaAI12SupportModelE	0x6e45fd8	0x6e46050	A	6	11	0x720a800
N6MobaAI19SupportSimulateInfoE	0x6e461b0	0x6e46240	C	11	16	0x720a800
N6MobaAI16BuffStrategyInfoE	0x6e463a0	0x6e46430	C	10	16	0x720a800
N6MobaAI12BuffStrategyE	0x6e46570	0x6e46600	C	11	16	0x720a800
N6MobaAI17BuffStrategyModelE	0x6e46698	0x6e46710	A	6	11	0x720a800
N6MobaAI20BevTreeTeamComponentE	0x6e467a8	0x6e46820	A	6	11	0x720a800
N6MobaAI9AICommandE	0x6e468b8	0x6e46930	A	6	11	0x720a800
N6MobaAI13AIMemoryGrassE	0x6e469c8	0x6e46a40	A	6	11	0x720a800
N6MobaAI15AITeamSceneObjsE	0x6e46ad8	0x6e46b50	A	6	11	0x720a800
N6MobaAI20LineBalance_LineInfoE	0x6e46be8	0x6e46c60	A	6	11	0x720a800
N6MobaAI14AiMemoryDragonE	0x6e46cf8	0x6e46d70	A	6	11	0x720a800
N6MobaAI10AIActivityE	0x6e46e10	0x6e46ea0	C	10	16	0x720a800
N6MobaAI25AISupportBuildingActivityE	0x6e46fe0	0x6e47070	C	10	16	0x720a800
N6MobaAI14AIGankActivityE	0x6e471b0	0x6e47240	C	10	16	0x720a800
N6MobaAI21AIDefanceBaseActivityE	0x6e47380	0x6e47410	C	10	16	0x720a800
N6MobaAI14TeamAiStrategyE	0x6e474a8	0x6e47520	A	6	11	0x720a800
N6MobaAI8GankInfoE	0x6e47680	0x6e47710	C	10	16	0x720a800
N6MobaAI24TeamAiStrategyPredictionE	0x6e477a8	0x6e47820	A	6	11	0x720a800
N6MobaAI17AIActivityManagerE	0x6e478b8	0x6e47930	A	6	11	0x720a800
N6MobaAI13TeamAiTacticsE	0x6e479c8	0x6e47a40	A	6	11	0x720a800
N6MobaAI16GankSimulateInfoE	0x6e47ba0	0x6e47c30	C	11	16	0x720a800
N6MobaAI20DecisionAttackDragonE	0x6e47cc8	0x6e47d40	A	6	11	0x720a800
N6MobaAI15PreparationInfoE	0x6e47dd8	0x6e47e50	A	6	11	0x720a800
N6MobaAI14ActorWorkingOnE	0x6e47ee8	0x6e47f60	A	6	11	0x720a800
N6MobaAI12SimulateUtilE	0x6e47ff8	0x6e48070	A	6	11	0x720a800
N6MobaAI15AICommandCenterE	0x6e48108	0x6e48180	A	6	11	0x720a800
N6MobaAI28StrategicFeatureProcessorMgrE	0x6e48218	0x6e48290	A	6	11	0x720a800
N6MobaAI19TeamBuildRuleConfigE	0x6e48328	0x6e483a0	A	6	11	0x720a800
N6MobaAI25StrategyTargetAttrPackageE	0x6e48438	0x6e484b0	A	6	11	0x720a800
N6MobaAI28StrategicConditionalExprNodeE	0x6e48ba0	0x6e48c30	C	16	16	0x720a800
N6MobaAI23StrategicCommonSelectorE	0x6e49320	0x6e493b0	C	16	16	0x720a800
N6MobaAI19StrategicTargetNodeE	0x6e498e0	0x6e49970	C	16	16	0x720a800
N6MobaAI19OperationReciprocalE	0x6e49a90	0x6e49b20	C	9	16	0x720a800
N6MobaAI17OperationLessThanE	0x6e49c40	0x6e49cd0	C	9	16	0x720a800
N6MobaAI15OperationNegateE	0x6e49df0	0x6e49e80	C	9	16	0x720a800
N6MobaAI14CustomFunctionE	0x6e49fa0	0x6e4a030	C	9	16	0x720a800
N6MobaAI16ExpressionParserE	0x6e4a0c8	0x6e4a140	A	6	11	0x720a800
N6MobaAI12OperationSumE	0x6e4a260	0x6e4a2f0	C	9	16	0x720a800
N6MobaAI14OperationEqualE	0x6e4a410	0x6e4a4a0	C	9	16	0x720a800
N6MobaAI11OperationORE	0x6e4a5c0	0x6e4a650	C	9	16	0x720a800
N6MobaAI6NumberE	0x6e4a770	0x6e4a800	C	9	16	0x720a800
N6MobaAI16OperationProductE	0x6e4a920	0x6e4a9b0	C	9	16	0x720a800
N6MobaAI18MultiParameterListE	0x6e4aad0	0x6e4ab60	C	9	16	0x720a800
N6MobaAI12OperationANDE	0x6e4ac80	0x6e4ad10	C	9	16	0x720a800
N6MobaAI10ExpressionE	0x6e4ae30	0x6e4aec0	C	9	16	0x720a800
N6MobaAI9ParameterE	0x6e4b060	0x6e4b0f0	C	9	16	0x720a800
N6MobaAI29StrategicTargetAreaControllerE	0x6e4b188	0x6e4b200	A	6	11	0x720a800
N6MobaAI22AiFeatureConfigManagerE	0x6e4b298	0x6e4b310	A	6	11	0x720a800
N6MobaAI35AiFeatureConditonalExpressionParserE	0x6e4b410	0x6e4b4a0	C	8	16	0x720a800
N6MobaAI18AiFeatureCollectorE	0x6e4b538	0x6e4b5b0	A	6	11	0x720a800
N6MobaAI25StrategicFeatureProcessorE	0x6e4b6b0	0x6e4b740	C	10	16	0x720a800
N6MobaAI26AiFeatureCollectorAccessorE	0x6e4b848	0x6e4b8c0	A	6	11	0x720a800
N6MobaAI33StrategicFeatureProcessorAccessorE	0x6e4b958	0x6e4b9d0	A	6	11	0x720a800
	0x6e4bf30	0x6e4bfc0	C	11	16	
	0x6e4c7e0	0x6e4c870	C	11	16	
	0x6e4ce90	0x6e4cf20	C	11	16	
	0x6e4d540	0x6e4d5d0	C	11	16	
	0x6e4dbf0	0x6e4dc80	C	11	16	
	0x6e4e2b0	0x6e4e340	C	11	16	
	0x6e4e960	0x6e4e9f0	C	11	16	
N6MobaAI21AiFeatureCollectorMgrE	0x6e4eb58	0x6e4ebd0	A	6	11	0x720a800
N6MobaAI28ActorState_FeatureCollectionE	0x6e4ec68	0x6e4ece0	A	6	11	0x720a800
N6MobaAI28AiLineData_FeatureCollectionE	0x6e4ed78	0x6e4edf0	A	6	11	0x720a800
N6MobaAI35TargetAggregation_FeatureCollectionE	0x6e4ee88	0x6e4ef00	A	6	11	0x720a800
N6MobaAI21StrategyTargetFactoryE	0x6e4ef98	0x6e4f010	A	6	11	0x720a800
N6MobaAI12AiBlackboardE	0x6e4f0a8	0x6e4f120	A	6	11	0x720a800
N6MobaAI20BuildingConsumedInfoE	0x6e4f1b8	0x6e4f230	A	6	11	0x720a800
N6MobaAI13FrontLineInfoE	0x6e4f2c8	0x6e4f340	A	6	11	0x720a800
N6MobaAI21SoldierLineActorsInfoE	0x6e4f3d0	0x6e4f460	C	10	16	0x720a800
N6MobaAI15SoldierLineDataE	0x6e4f4f8	0x6e4f570	A	6	11	0x720a800
N6MobaAI6SupplyE	0x6e4f600	0x6e4f690	C	11	16	0x720a800
N6MobaAI10AiLineDataE	0x6e4f728	0x6e4f7a0	A	6	11	0x720a800
N6MobaAI18EvadeSkillCastInfoE	0x6e4f838	0x6e4f8b0	A	6	11	0x720a800
N6MobaAI11FruitSupplyE	0x6e4f9d0	0x6e4fa60	C	9	16	0x720a800
N6MobaAI17FrontLineDataInfoE	0x6e4faf8	0x6e4fb70	A	6	11	0x720a800
N6MobaAI19DefanceGankValueMapE	0x6e4fcb0	0x6e4fd40	C	10	16	0x720a800
N6MobaAI13CostAStarInfoE	0x6e4fdd8	0x6e4fe50	A	6	11	0x720a800
N6MobaAI21DefanceGankThreatInfoE	0x6e4fee8	0x6e4ff60	A	6	11	0x720a800
N6MobaAI14AiCellPathPlanE	0x6e4fff0	0x6e50080	C	10	16	0x720a800
N6MobaAI14MapDynamicDataE	0x6e50118	0x6e50190	A	6	11	0x720a800
N6MobaAI11DataMapBaseE	0x6e50230	0x6e502c0	C	10	16	0x720a800
N6MobaAI17AstarAdditionInfoE	0x6e50358	0x6e503d0	A	6	11	0x720a800
N6MobaAI9CostAStarE	0x6e50468	0x6e504e0	A	6	11	0x720a800
N6MobaAI21HeroDefanceGankThreatE	0x6e50578	0x6e505f0	A	6	11	0x720a800
N6MobaAI23DataMapDoubleBufferBaseE	0x6e50730	0x6e507c0	C	10	16	0x720a800
N6MobaAI12MapCellModelE	0x6e50858	0x6e508d0	A	6	11	0x720a800
N6MobaAI7MapCellE	0x6e50968	0x6e509e0	A	6	11	0x720a800
N6MobaAI19EnemyHeroThreatInfoE	0x6e50a78	0x6e50af0	A	6	11	0x720a800
N6MobaAI14ThreatValueMapE	0x6e50cc0	0x6e50d50	C	10	16	0x720a800
N6MobaAI14DamgerValueMapE	0x6e50f90	0x6e51020	C	10	16	0x720a800
N6MobaAI16CostAStarDataMapE	0x6e510b0	0x6e51140	C	10	16	0x720a800
N6MobaAI15VisibleValueMapE	0x6e51310	0x6e513a0	C	10	16	0x720a800
N6MobaAI22CellPathPlanResultInfoE	0x6e51438	0x6e514b0	A	6	11	0x720a800
N6MobaAI21FrontLineBuildingInfoE	0x6e51548	0x6e515c0	A	6	11	0x720a800
N6MobaAI19SoldierConsumedInfoE	0x6e51658	0x6e516d0	A	6	11	0x720a800
N6MobaAI12AiDataConfigE	0x6e51768	0x6e517e0	A	6	11	0x720a800
N6MobaAI12SpringSupplyE	0x6e51900	0x6e51990	C	9	16	0x720a800
N6MobaAI19AiTeamSituationInfoE	0x6e51a28	0x6e51aa0	A	6	11	0x720a800
N6MobaAI12AreaCubeRectE	0x6e51b38	0x6e51bb0	A	6	11	0x720a800
N6MobaAI13AiMapAreaInfoE	0x6e51c48	0x6e51cc0	A	6	11	0x720a800
N6MobaAI13AiMapDataInfoE	0x6e51d58	0x6e51dd0	A	6	11	0x720a800
N6MobaAI17AiMapCellBakeInfoE	0x6e51e68	0x6e51ee0	A	6	11	0x720a800
N6MobaAI14AIProfilerInfoE	0x6e51f78	0x6e51ff0	A	6	11	0x720a800
N6MobaAI10AiTeamDataE	0x6e52088	0x6e52100	A	6	11	0x720a800
N6MobaAI13LineActorInfoE	0x6e52198	0x6e52210	A	6	11	0x720a800
N6MobaAI8MeetInfoE	0x6e522a8	0x6e52320	A	6	11	0x720a800
N6MobaAI20LaneSituationMonitorE	0x6e523b8	0x6e52430	A	6	11	0x720a800
N6MobaAI14NorraAiMoveMgrE	0x6e52590	0x6e52620	C	10	16	0x720a800
N6MobaAI11SortByMaxHpE	0x6e526b8	0x6e52730	A	6	11	0x720a800
N6MobaAI13SmoothTurningE	0x6e527c8	0x6e52840	A	6	11	0x720a800
N6MobaAI13AiMoveMonitorE	0x6e528d8	0x6e52950	A	6	11	0x720a800
N6MobaAI16SkarnerAiMoveMgrE	0x6e52ab0	0x6e52b40	C	10	16	0x720a800
N6MobaAI11SelectRulerE	0x6e52bd8	0x6e52c50	A	6	11	0x720a800
N6MobaAI11ViAiMoveMgrE	0x6e52db0	0x6e52e40	C	10	16	0x720a800
N6MobaAI20LeftShoulderFuzzySetE	0x6e52f60	0x6e52ff0	C	8	16	0x720a800
N6MobaAI16TriangleFuzzySetE	0x6e53110	0x6e531a0	C	8	16	0x720a800
N6MobaAI11LiAiMoveMgrE	0x6e53300	0x6e53390	C	10	16	0x720a800
N6MobaAI8InfoBaseE	0x6e53440	0x6e534d0	C	10	16	0x720a800
N6MobaAI17SortByMaxDistanceE	0x6e53568	0x6e535e0	A	6	11	0x720a800
N6MobaAI20TeamAiExecuteCmdInfoE	0x6e53678	0x6e536f0	A	6	11	0x720a800
N6MobaAI16AttackDragonInfoE	0x6e53850	0x6e538e0	C	10	16	0x720a800
N6MobaAI18SortByMinHpPercentE	0x6e53978	0x6e539f0	A	6	11	0x720a800
N6MobaAI24DecisionAttackDragonInfoE	0x6e53b50	0x6e53be0	C	10	16	0x720a800
N6MobaAI14ActorAiMoveMgrE	0x6e53c90	0x6e53d20	C	10	16	0x720a800
N6MobaAI17SortByMinDistanceE	0x6e53db8	0x6e53e30	A	6	11	0x720a800
N6MobaAI12SenAiMoveMgrE	0x6e53f90	0x6e54020	C	10	16	0x720a800
N6MobaAI16AiUtilLineSelectE	0x6e540b8	0x6e54130	A	6	11	0x720a800
N6MobaAI12AiUtilRandomE	0x6e541c0	0x6e54250	C	11	16	0x720a800
N6MobaAI14AiUtilComparerE	0x6e542e8	0x6e54360	A	6	11	0x720a800
N6MobaAI18AiUtilTargetSelectE	0x6e543f8	0x6e54470	A	6	11	0x720a800
N6MobaAI14AiUtilGraphicsE	0x6e54508	0x6e54580	A	6	11	0x720a800
N6MobaAI17AiUtilGoHomeCheckE	0x6e54618	0x6e54690	A	6	11	0x720a800
N6MobaAI13MangAiMoveMgrE	0x6e547f0	0x6e54880	C	10	16	0x720a800
N6MobaAI19SortByHightAPDamageE	0x6e54918	0x6e54990	A	6	11	0x720a800
N6MobaAI15EchelonFuzzySetE	0x6e54ab0	0x6e54b40	C	8	16	0x720a800
N6MobaAI12AksAiMoveMgrE	0x6e54ca0	0x6e54d30	C	10	16	0x720a800
N6MobaAI21RightShoulderFuzzySetE	0x6e54e50	0x6e54ee0	C	8	16	0x720a800
N6MobaAI28SortActorSkillByCostIncreaseE	0x6e54f78	0x6e54ff0	A	6	11	0x720a800
N6MobaAI19SortActorByKillTimeE	0x6e55088	0x6e55100	A	6	11	0x720a800
N6MobaAI19SortActorByKillTimeE	0x6e55220	0x6e552b0	C	15	16	
N6MobaAI20TeamAiTacticsCmdInfoE	0x6e55308	0x6e55398	F	7	13	0x720a890
	0x6e554e0	0x6e55570	C	16	16	
N6MobaAI9KnowledgeE	0x6e55628	0x6e556b8	F	13	13	0x720a890
N6MobaAI15VelkozAiMoveMgrE	0x6e557c0	0x6e55850	C	10	16	0x720a800
N6MobaAI11AiDebugInfoE	0x6e558e8	0x6e55960	A	6	11	0x720a800
N6MobaAI19SortByHightADDamageE	0x6e559f8	0x6e55a70	A	6	11	0x720a800
N6MobaAI23NeedSupportBuildingInfoE	0x6e55b08	0x6e55b80	A	6	11	0x720a800
N6MobaAI22SortBySoilderSpecial_1E	0x6e55c18	0x6e55c90	A	6	11	0x720a800
N6MobaAI11SortByMinHpE	0x6e55d28	0x6e55da0	A	6	11	0x720a800
N6MobaAI8FuzzySetE	0x6e55e30	0x6e55ec0	C	10	16	0x720a800
N6MobaAI18SortByMaxHpPercentE	0x6e55f58	0x6e55fd0	A	6	11	0x720a800
N6MobaAI4TrapE	0x6e56068	0x6e560e0	A	6	11	0x720a800
N6MobaAI12SolAiMoveMgrE	0x6e56240	0x6e562d0	C	10	16	0x720a800
N6MobaAI18ExpansionAlgorithmE	0x6e56368	0x6e563e0	A	6	11	0x720a800
N6MobaAI25DcAIDynamicDifficultyItemE	0x6e56478	0x6e564f0	A	6	11	0x720a800
N6MobaAI31PlayerAbilityScoreCollectSystemE	0x6e56588	0x6e56600	A	6	11	0x720a800
N6MobaAI19GameNoviceStateDataE	0x6e56698	0x6e56710	A	6	11	0x720a800
N6MobaAI20TeamAbilityScoreDataE	0x6e567a8	0x6e56820	A	6	11	0x720a800
N6MobaAI28AIManageProcessDataCollecterE	0x6e568b8	0x6e56930	A	6	11	0x720a800
N6MobaAI27DCAIPlayerAbilityDetectItemE	0x6e569c8	0x6e56a40	A	6	11	0x720a800
N6MobaAI19AiDataCollectSystemE	0x6e56ad8	0x6e56b50	A	6	11	0x720a800
N6MobaAI23DcReportSecNegativeItemE	0x6e56be8	0x6e56c60	A	6	11	0x720a800
N6MobaAI12PokeStepInfoE	0x6e56d28	0x6e56da0	A	6	11	0x720a800
N6MobaAI17GankConfidencDataE	0x6e56e38	0x6e56eb0	A	6	11	0x720a800
N6MobaAI11SpeedEffectE	0x6e56f48	0x6e56fc0	A	6	11	0x720a800
N6MobaAI21ThreatAssessmentModelE	0x6e57058	0x6e570d0	A	6	11	0x720a800
N6MobaAI17AiGlobalDebugInfoE	0x6e57198	0x6e57210	A	6	11	0x720a800
N6MobaAI16AiEditorDrawInfoE	0x6e572a8	0x6e57320	A	6	11	0x720a800
N6MobaAI14AiVisiDataInfoE	0x6e573b8	0x6e57430	A	6	11	0x720a800
N6MobaAI11RLComponentE	0x6e574c0	0x6e57550	C	11	16	0x720a800
N6MobaAI11RLHeroStateE	0x6e57720	0x6e577b0	C	8	16	0x720a800
N6MobaAI12RLSkillStateE	0x6e57848	0x6e578c0	A	6	11	0x720a800
N6MobaAI16RLEnvStateDragonE	0x6e579e0	0x6e57a70	C	8	16	0x720a800
N6MobaAI12RLActorStateE	0x6e57b00	0x6e57b90	C	10	16	0x720a800
N6MobaAI10RLEnvStateE	0x6e57c20	0x6e57cb0	C	10	16	0x720a800
N6MobaAI11NNInferenceE	0x6e57d48	0x6e57dc0	A	6	11	0x720a800
N6MobaAI17RLComponentDragonE	0x6e57ee0	0x6e57f70	C	9	16	0x720a800
N6MobaAI22RLComponentDragonTrainE	0x6e58110	0x6e581a0	C	9	16	0x720a800
N6MobaAI14RLTrainMonsterE	0x6e582c0	0x6e58350	C	8	16	0x720a800
N6MobaAI13RLTrainDragonE	0x6e58470	0x6e58500	C	8	16	0x720a800
N6MobaAI7RLTrainE	0x6e58590	0x6e58620	C	10	16	0x720a800
N6MobaAI14RLComponentMgrE	0x6e586b0	0x6e58740	C	10	16	0x720a800
N6MobaAI23RLComponentMonsterTrainE	0x6e58990	0x6e58a20	C	9	16	0x720a800
N6MobaAI18RLComponentMonsterE	0x6e58b40	0x6e58bd0	C	9	16	0x720a800
	0x6e59080	0x6e59110	C	16	16	
N6MobaAI16AiTeamVerifyDataE	0x6e592e0	0x6e59370	C	11	16	0x720a800
N6MobaAI25WarmRoundGlobalTreeLoaderE	0x6e59408	0x6e59480	A	6	11	0x720a800
	0x6e59880	0x6e59910	C	16	16	
N6MobaAI12AiServiceMgrE	0x6e59a18	0x6e59a90	A	6	11	0x720a800
N6MobaAI8PokeDataE	0x6e59b28	0x6e59ba0	A	6	11	0x720a800
N6MobaAI16AIStatisticsDataE	0x6e59c38	0x6e59cb0	A	6	11	0x720a800
	0x6e59f60	0x6e59ff0	C	16	16	
N6MobaAI35InsulateMatchAIDifficultyControllerE	0x6e5a0f8	0x6e5a170	A	6	11	0x720a800
N6MobaAI17AIVisionSnapshootE	0x6e5a208	0x6e5a280	A	6	11	0x720a800
	0x6e5a680	0x6e5a710	C	16	16	
N6MobaAI9BlackListE	0x6e5a818	0x6e5a890	A	6	11	0x720a800
N6MobaAI31FillMatchAIDifficultyControllerE	0x6e5a928	0x6e5a9a0	A	6	11	0x720a800
N6MobaAI15AITargetMonitorE	0x6e5aa38	0x6e5aab0	A	6	11	0x720a800
	0x6e5ad60	0x6e5adf0	C	16	16	
N6MobaAI23PokeStatisticsComponentE	0x6e5aef8	0x6e5af70	A	6	11	0x720a800
	0x6e5b370	0x6e5b400	C	16	16	
N6MobaAI15AITinyThreatMapE	0x6e5b508	0x6e5b580	A	6	11	0x720a800
N6MobaAI11BlackObjectE	0x6e5b618	0x6e5b690	A	6	11	0x720a800
N6MobaAI19DamageTriggerRecordE	0x6e5b728	0x6e5b7a0	A	6	11	0x720a800
N6MobaAI20OfflineDataCollectorE	0x6e5b838	0x6e5b8b0	A	6	11	0x720a800
N6MobaAI16SLMiniMapMonitorE	0x6e5b948	0x6e5b9c0	A	6	11	0x720a800
N6MobaAI12SLStateUtilsE	0x6e5ba50	0x6e5bae0	C	10	16	0x720a800
N6MobaAI17SLUnitDataMonitorE	0x6e5bb70	0x6e5bc00	C	10	16	0x720a800
N6MobaAI21SLSurroundDataMonitorE	0x6e5bc98	0x6e5bd10	A	6	11	0x720a800
N6MobaAI14SLStateMonitorE	0x6e5bda8	0x6e5be20	A	6	11	0x720a800
N6MobaAI20SLSharedHeroHistInfoE	0x6e5beb8	0x6e5bf30	A	6	11	0x720a800
N6MobaAI13SLActionProxyE	0x6e5bfc0	0x6e5c050	C	10	16	0x720a800
N6MobaAI19SLGlobalDataMonitorE	0x6e5c0e8	0x6e5c160	A	6	11	0x720a800
N6MobaAI19SLGameActionMonitorE	0x6e5c1f8	0x6e5c270	A	6	11	0x720a800
N6MobaAI15SLSignalUseInfoE	0x6e5c308	0x6e5c380	A	6	11	0x720a800
N6MobaAI19SLLastPlayerPosInfoE	0x6e5c418	0x6e5c490	A	6	11	0x720a800
N6MobaAI14SLHeroHurtInfoE	0x6e5c528	0x6e5c5a0	A	6	11	0x720a800
N6MobaAI17SLLastVisibleInfoE	0x6e5c638	0x6e5c6b0	A	6	11	0x720a800
N6MobaAI15LastVisibleInfoE	0x6e5c748	0x6e5c7c0	A	6	11	0x720a800
N6MobaAI17GameFinishMonitorE	0x6e5c858	0x6e5c8d0	A	6	11	0x720a800
N6MobaAI29PlayerAbilityDetectionMonitorE	0x6e5c968	0x6e5c9e0	A	6	11	0x720a800
N6MobaAI27GameArtistDeathStateMonitorE	0x6e5ca78	0x6e5caf0	A	6	11	0x720a800
N6MobaAI15ArtistDeathInfoE	0x6e5cb88	0x6e5cc00	A	6	11	0x720a800
N6MobaAI12EGAGankEventE	0x6e5cc98	0x6e5cd10	A	6	11	0x720a800
N6MobaAI25EGAPushEfficiencyAnalyzerE	0x6e5cda8	0x6e5ce20	A	6	11	0x720a800
N6MobaAI23EGATeamFightClusterInfoE	0x6e5ceb8	0x6e5cf30	A	6	11	0x720a800
N6MobaAI21EGAPushEventMoneyInfoE	0x6e5cfc8	0x6e5d040	A	6	11	0x720a800
N6MobaAI21EGADestroyTurretEventE	0x6e5d0d8	0x6e5d150	A	6	11	0x720a800
N6MobaAI23EGATeamFightFighterInfoE	0x6e5d1e8	0x6e5d260	A	6	11	0x720a800
N6MobaAI20EGATeamFightEventMgrE	0x6e5d3c0	0x6e5d450	C	11	16	0x720a800
N6MobaAI20EGAGankEventHeroInfoE	0x6e5d4e8	0x6e5d560	A	6	11	0x720a800
N6MobaAI20EGATeamFightAnalyzerE	0x6e5d5f8	0x6e5d670	A	6	11	0x720a800
N6MobaAI22EGAPushEventTurretInfoE	0x6e5d708	0x6e5d780	A	6	11	0x720a800
N6MobaAI20EGAPushEventHeroInfoE	0x6e5d818	0x6e5d890	A	6	11	0x720a800
N6MobaAI25EGATeamFightFightingEventE	0x6e5d928	0x6e5d9a0	A	6	11	0x720a800
N6MobaAI18EGAPushEventCSInfoE	0x6e5da38	0x6e5dab0	A	6	11	0x720a800
N6MobaAI17EGATeamFightEventE	0x6e5db48	0x6e5dbc0	A	6	11	0x720a800
N6MobaAI26EGAPushEventHeroStatusInfoE	0x6e5dc58	0x6e5dcd0	A	6	11	0x720a800
N6MobaAI12EGAPushEventE	0x6e5dd68	0x6e5dde0	A	6	11	0x720a800
N6MobaAI15EGAPushEventMgrE	0x6e5df40	0x6e5dfd0	C	11	16	0x720a800
N6MobaAI19EGAGankEventPosInfoE	0x6e5e068	0x6e5e0e0	A	6	11	0x720a800
N6MobaAI19EGAPushEventPosInfoE	0x6e5e178	0x6e5e1f0	A	6	11	0x720a800
N6MobaAI24EGAPushEventSkillUseInfoE	0x6e5e288	0x6e5e300	A	6	11	0x720a800
N6MobaAI15EGAGankAnalyzerE	0x6e5e398	0x6e5e410	A	6	11	0x720a800
N6MobaAI24EGADestroyTurretAnalyzerE	0x6e5e4a8	0x6e5e520	A	6	11	0x720a800
N6MobaAI21EndGameAbilityMonitorE	0x6e5e5b8	0x6e5e630	A	6	11	0x720a800
N6MobaAI15EGAGankEventMgrE	0x6e5e6c8	0x6e5e740	A	6	11	0x720a800
N6MobaAI15ArtistTowerInfoE	0x6e5e7d8	0x6e5e850	A	6	11	0x720a800
N6MobaAI22AIHeroArtistDamageInfoE	0x6e5e8e8	0x6e5e960	A	6	11	0x720a800
N6MobaAI16AIHeroDamageInfoE	0x6e5e9f8	0x6e5ea70	A	6	11	0x720a800
N6MobaAI13RLActionProxyE	0x6e5eb08	0x6e5eb80	A	6	11	0x720a800
N6MobaAI14AICoachMonitorE	0x6e5ec18	0x6e5ec90	A	6	11	0x720a800
N6MobaAI20ArtistDeathShortInfoE	0x6e5ed28	0x6e5eda0	A	6	11	0x720a800
N6MobaAI20AIHeroKillRecordInfoE	0x6e5ee38	0x6e5eeb0	A	6	11	0x720a800
N6MobaAI15GameSafeMonitorE	0x6e5ef48	0x6e5efc0	A	6	11	0x720a800
N6MobaAI21PureRLUnitDataMonitorE	0x6e5f058	0x6e5f0d0	A	6	11	0x720a800
N6MobaAI19PureRLSignalUseInfoE	0x6e5f168	0x6e5f1e0	A	6	11	0x720a800
N6MobaAI18PureRLHeroHurtInfoE	0x6e5f278	0x6e5f2f0	A	6	11	0x720a800
N6MobaAI24PureRLSharedHeroHistInfoE	0x6e5f388	0x6e5f400	A	6	11	0x720a800
N6MobaAI20PureRLMiniMapMonitorE	0x6e5f498	0x6e5f510	A	6	11	0x720a800
N6MobaAI23PureRLGlobalDataMonitorE	0x6e5f5a8	0x6e5f620	A	6	11	0x720a800
N6MobaAI25PureRLSurroundDataMonitorE	0x6e5f6b8	0x6e5f730	A	6	11	0x720a800
N6MobaAI16PureRLStateUtilsE	0x6e5f7c0	0x6e5f850	C	10	16	0x720a800
N6MobaAI21PureRLLastVisibleInfoE	0x6e5f8e8	0x6e5f960	A	6	11	0x720a800
N6MobaAI23PureRLLastPlayerPosInfoE	0x6e5f9f8	0x6e5fa70	A	6	11	0x720a800
N6MobaAI17GlobalDataMonitorE	0x6e5fb08	0x6e5fb80	A	6	11	0x720a800
N6MobaAI16AIHeroFinishInfoE	0x6e5fc18	0x6e5fc90	A	6	11	0x720a800
N6MobaAI16BTASwingEventMgrE	0x6e5fe10	0x6e5fea0	C	10	16	0x720a800
N6MobaAI21BTAJungleAttackerInfoE	0x6e5ff38	0x6e5ffb0	A	6	11	0x720a800
N6MobaAI16BTAExtraHeroInfoE	0x6e60048	0x6e600c0	A	6	11	0x720a800
N6MobaAI18BTASynchroEventMgrE	0x6e60240	0x6e602d0	C	10	16	0x720a800
N6MobaAI17BTAJungleLaneInfoE	0x6e60368	0x6e603e0	A	6	11	0x720a800
N6MobaAI16AIHeroSwerveInfoE	0x6e60478	0x6e604f0	A	6	11	0x720a800
N6MobaAI15BTAOverlapEventE	0x6e60588	0x6e60600	A	6	11	0x720a800
N6MobaAI24BTALoseDefensiveEventMgrE	0x6e60780	0x6e60810	C	10	16	0x720a800
N6MobaAI20BTAFruitAttackerInfoE	0x6e608a8	0x6e60920	A	6	11	0x720a800
N6MobaAI16BTAFruitEventMgrE	0x6e60aa0	0x6e60b30	C	10	16	0x720a800
N6MobaAI14BTAJungleEventE	0x6e60bc8	0x6e60c40	A	6	11	0x720a800
N6MobaAI15BTARetreatEventE	0x6e60cd8	0x6e60d50	A	6	11	0x720a800
N6MobaAI18BTAOverlapEventMgrE	0x6e60ed0	0x6e60f60	C	10	16	0x720a800
N6MobaAI18BTARetreatEventMgrE	0x6e610e0	0x6e61170	C	10	16	0x720a800
N6MobaAI15BTADistanceInfoE	0x6e61208	0x6e61280	A	6	11	0x720a800
N6MobaAI7BTADataE	0x6e61318	0x6e61390	A	6	11	0x720a800
N6MobaAI10BTAPosInfoE	0x6e61428	0x6e614a0	A	6	11	0x720a800
N6MobaAI19BTASnapshotBaseInfoE	0x6e61538	0x6e615b0	A	6	11	0x720a800
N6MobaAI14BTAForwardInfoE	0x6e61648	0x6e616c0	A	6	11	0x720a800
N6MobaAI24BevTreeStateAnalysisObjsE	0x6e61758	0x6e617d0	A	6	11	0x720a800
N6MobaAI17BTAJungleEventMgrE	0x6e61950	0x6e619e0	C	10	16	0x720a800
N6MobaAI17AIHeroBevNodeInfoE	0x6e61a78	0x6e61af0	A	6	11	0x720a800
N6MobaAI13BTAFruitEventE	0x6e61b88	0x6e61c00	A	6	11	0x720a800
N6MobaAI13BTASwingEventE	0x6e61c98	0x6e61d10	A	6	11	0x720a800
N6MobaAI19BTASnapshotHeroInfoE	0x6e61e10	0x6e61ea0	C	8	16	0x720a800
N6MobaAI17AIHeroOverlapInfoE	0x6e61f38	0x6e61fb0	A	6	11	0x720a800
N6MobaAI23AIHeroSynchroSwerveInfoE	0x6e62048	0x6e620c0	A	6	11	0x720a800
N6MobaAI21BTALoseDefensiveEventE	0x6e62158	0x6e621d0	A	6	11	0x720a800
N6MobaAI20BTAJungleMonsterInfoE	0x6e62268	0x6e622e0	A	6	11	0x720a800
N6MobaAI15BTASynchroEventE	0x6e62378	0x6e623f0	A	6	11	0x720a800
N6MobaAI16AIHeroArtistInfoE	0x6e62488	0x6e62500	A	6	11	0x720a800
N6MobaAI21AramSLLastVisibleInfoE	0x6e62598	0x6e62610	A	6	11	0x720a800
N6MobaAI20AramSLMiniMapMonitorE	0x6e626a8	0x6e62720	A	6	11	0x720a800
N6MobaAI18AramSLHeroHurtInfoE	0x6e627b8	0x6e62830	A	6	11	0x720a800
N6MobaAI17AramSLActionProxyE	0x6e628c8	0x6e62940	A	6	11	0x720a800
N6MobaAI23AramSLLastPlayerPosInfoE	0x6e629d8	0x6e62a50	A	6	11	0x720a800
N6MobaAI25AramSLSurroundDataMonitorE	0x6e62ae8	0x6e62b60	A	6	11	0x720a800
N6MobaAI16AramSLStateUtilsE	0x6e62bf0	0x6e62c80	C	10	16	0x720a800
N6MobaAI23AramSLGameActionMonitorE	0x6e62d18	0x6e62d90	A	6	11	0x720a800
N6MobaAI23AramSLGlobalDataMonitorE	0x6e62e28	0x6e62ea0	A	6	11	0x720a800
N6MobaAI21AramSLUnitDataMonitorE	0x6e62f38	0x6e62fb0	A	6	11	0x720a800
	0x6e63300	0x6e63390	C	13	16	
	0x6e63630	0x6e636c0	C	15	16	
N11FrameEngine9Interface14BlockShapeBaseE	0x6e63718	0x6e637a8	F	7	13	0x720a890
N11FrameEngine9Interface16UnitCampFilter_TINS_5Logic11BattleActorENS0_18SelectionContextExENS0_22MultiPassRemovalList_TIS3_EEEE	0x6e63a50	0x6e63ae0	C	8	16	0x720a800
N11FrameEngine9Interface16UnitCampFilter_TINS_5Logic15BattleActorSyncENS0_22SelectionContextExSyncENS0_22MultiPassRemovalList_TIS3_EEEE	0x6e63bf0	0x6e63c80	C	8	16	0x720a800
N11FrameEngine9Interface17SelectionFilter_TINS_5Logic11BattleActorENS0_18SelectionContextExENS0_22MultiPassRemovalList_TIS3_EEEE	0x6e63f80	0x6e64010	C	8	16	0x720a800
N11FrameEngine9Interface17SelectionFilter_TINS_5Logic15BattleActorSyncENS0_22SelectionContextExSyncENS0_22MultiPassRemovalList_TIS3_EEEE	0x6e64120	0x6e641b0	C	8	16	0x720a800
N11FrameEngine9Interface17RectangleFilter_TINS_5Logic11BattleActorENS0_18SelectionContextExENS0_22MultiPassRemovalList_TIS3_EEEE	0x6e644c0	0x6e64550	C	8	16	0x720a800
N11FrameEngine9Interface17RectangleFilter_TINS_5Logic15BattleActorSyncENS0_22SelectionContextExSyncENS0_22MultiPassRemovalList_TIS3_EEEE	0x6e64660	0x6e646f0	C	8	16	0x720a800
N11FrameEngine9Interface18ForwardArcFilter_TINS_5Logic11BattleActorENS0_18SelectionContextExENS0_22MultiPassRemovalList_TIS3_EEEE	0x6e649f0	0x6e64a80	C	8	16	0x720a800
N11FrameEngine9Interface18ForwardArcFilter_TINS_5Logic15BattleActorSyncENS0_22SelectionContextExSyncENS0_22MultiPassRemovalList_TIS3_EEEE	0x6e64b90	0x6e64c20	C	8	16	0x720a800
N11FrameEngine9Interface16BranchSelector_TINS_5Logic11BattleActorENS0_18SelectionContextExENS0_22MultiPassRemovalList_TIS3_EEEE	0x6e64e10	0x6e64ea0	C	12	16	0x720a890
N11FrameEngine9Interface16BranchSelector_TINS_5Logic11BattleActorENS0_18SelectionContextExENS0_22MultiPassRemovalList_TIS3_EEEE	0x6e64e98	0x6e64f28	F	2	13	0x720a890
N11FrameEngine9Interface16BranchSelector_TINS_5Logic15BattleActorSyncENS0_22SelectionContextExSyncENS0_22MultiPassRemovalList_TIS3_EEEE	0x6e64f00	0x6e64f90	C	13	16	0x720a890
N11FrameEngine9Interface16BranchSelector_TINS_5Logic15BattleActorSyncENS0_22SelectionContextExSyncENS0_22MultiPassRemovalList_TIS3_EEEE	0x6e64f88	0x6e65018	F	2	13	0x720a890
N11FrameEngine9Interface12UnitFilter_TINS_5Logic11BattleActorENS0_18SelectionContextExENS0_22MultiPassRemovalList_TIS3_EEEE	0x6e652b0	0x6e65340	C	8	16	0x720a800
N11FrameEngine9Interface12UnitFilter_TINS_5Logic15BattleActorSyncENS0_22SelectionContextExSyncENS0_22MultiPassRemovalList_TIS3_EEEE	0x6e65450	0x6e654e0	C	8	16	0x720a800
	0x6e65810	0x6e658a0	C	8	16	
	0x6e65990	0x6e65a20	C	8	16	
N11FrameEngine9Interface16SwitchSelector_TINS_5Logic11BattleActorENS0_18SelectionContextExENS0_22MultiPassRemovalList_TIS3_EEEE	0x6e65c00	0x6e65c90	C	12	16	0x720a890
N11FrameEngine9Interface16SwitchSelector_TINS_5Logic11BattleActorENS0_18SelectionContextExENS0_22MultiPassRemovalList_TIS3_EEEE	0x6e65c88	0x6e65d18	F	2	13	0x720a890
N11FrameEngine9Interface16SwitchSelector_TINS_5Logic15BattleActorSyncENS0_22SelectionContextExSyncENS0_22MultiPassRemovalList_TIS3_EEEE	0x6e65cf0	0x6e65d80	C	13	16	0x720a890
N11FrameEngine9Interface16SwitchSelector_TINS_5Logic15BattleActorSyncENS0_22SelectionContextExSyncENS0_22MultiPassRemovalList_TIS3_EEEE	0x6e65d78	0x6e65e08	F	2	13	0x720a890
N11FrameEngine9Interface16SwitchSelector_TINS_5Logic15BattleActorSyncENS0_22SelectionContextExSyncENS0_22MultiPassRemovalList_TIS3_EEEE	0x6e65ec0	0x6e65f50	C	15	16	
N11FrameEngine9Interface15TargetUtilsBaseE	0x6e65fa8	0x6e66038	F	7	13	0x720a890
	0x6e66330	0x6e663c0	C	13	16	
N11FrameEngine6Common16FixActorGridVisiE	0x6e666c0	0x6e66750	C	11	16	0x720a800
N11FrameEngine6Common7FixGridIPNS_5Logic15BattleActorSyncENS0_5Fix64EEE	0x6e66740	0x6e667e0	E	3	13	0x720a800
N11FrameEngine6Common7FixTileIPNS_5Logic15BattleActorSyncENS0_5Fix64EEE	0x6e66890	0x6e66930	E	8	13	0x720a800
N11FrameEngine9Interface13ActorSkill_DCE	0x6e669e8	0x6e66a60	A	6	11	0x720a800
N11FrameEngine5Logic12FowDataProxyE	0x6e66af8	0x6e66b70	A	6	11	0x720a800
N11FrameEngine9Interface23ActorCfgData_MotionDataE	0x6e66c08	0x6e66c80	A	6	11	0x720a800
N11FrameEngine9Interface29ActorCfgData_ActorAniJointCfgE	0x6e66d18	0x6e66d90	A	6	11	0x720a800
N11FrameEngine9Interface27ActorCfgData_ActorJointNodeE	0x6e66e28	0x6e66ea0	A	6	11	0x720a800
N11FrameEngine9Interface27ActorCfgData_FrameJointDataE	0x6e66f38	0x6e66fb0	A	6	11	0x720a800
N11FrameEngine9Interface21ActorCfgData_JointVecE	0x6e67048	0x6e670c0	A	6	11	0x720a800
N11FrameEngine9Interface27ActorCfgData_MotionDataListE	0x6e67158	0x6e671d0	A	6	11	0x720a800
	0x6e67520	0x6e675b0	C	13	16	
	0x6e67a10	0x6e67aa0	C	13	16	
	0x6e67f00	0x6e67f90	C	13	16	
N11FrameEngine9Interface18SDistanceFieldDataE	0x6e68138	0x6e681b0	A	6	11	0x720a800
N11FrameEngine9Interface26MapLayerCombinationRawDataE	0x6e68248	0x6e682c0	A	6	11	0x720a800
N11FrameEngine9Interface15MapLayerRawDataE	0x6e68358	0x6e683d0	A	6	11	0x720a800
N11FrameEngine9Interface23SDistanceFieldLayerRootE	0x6e684f0	0x6e68580	C	8	16	0x720a800
N11FrameEngine9Interface14FixFowDiffDataE	0x6e68618	0x6e68690	A	6	11	0x720a800
N11FrameEngine9Interface19SDistanceFieldLayerE	0x6e68720	0x6e687b0	C	10	16	0x720a800
	0x6e68b00	0x6e68b90	C	13	16	
	0x6e68f70	0x6e69000	C	13	16	
N11FrameEngine5Logic19SkillGemVarParamFixE	0x6e69240	0x6e692d0	C	15	16	
N11FrameEngine5Logic9VoteLogicE	0x6e69328	0x6e693b8	F	7	13	0x720a890
N11FrameEngine5Logic9VoteLogicE	0x6e69490	0x6e69520	C	15	16	
N11FrameEngine5Logic7VoteMgrE	0x6e69578	0x6e69608	F	7	13	0x720a890
N11FrameEngine5Logic12ESportSystemE	0x6e69648	0x6e696c0	A	6	11	0x720a800
N11FrameEngine5Logic11ESDCGameEndE	0x6e69800	0x6e69890	C	10	16	0x720a800
N11FrameEngine5Logic20ESDCChampionBeKilledE	0x6e699d0	0x6e69a60	C	10	16	0x720a800
N11FrameEngine5Logic17ESDCSignalOperateE	0x6e69ba0	0x6e69c30	C	10	16	0x720a800
N11FrameEngine5Logic19ESDCMonsterBeKilledE	0x6e69d70	0x6e69e00	C	10	16	0x720a800
N11FrameEngine5Logic21ESDCBuildingDestroyedE	0x6e69f40	0x6e69fd0	C	10	16	0x720a800
N11FrameEngine5Logic13ESDCGamePauseE	0x6e6a110	0x6e6a1a0	C	10	16	0x720a800
N11FrameEngine5Logic24ESDCChampionSkillLevelUpE	0x6e6a2e0	0x6e6a370	C	10	16	0x720a800
N11FrameEngine5Logic14ESDCGameResumeE	0x6e6a4b0	0x6e6a540	C	10	16	0x720a800
N11FrameEngine5Logic21ESDCChampionSkillUsedE	0x6e6a680	0x6e6a710	C	10	16	0x720a800
N11FrameEngine5Logic13ESDTCGameInfoE	0x6e6a8e0	0x6e6a970	C	10	16	0x720a800
N11FrameEngine5Logic15ESDCWardOperateE	0x6e6aab0	0x6e6ab40	C	10	16	0x720a800
N11FrameEngine5Logic13ESDCGameStartE	0x6e6ac80	0x6e6ad10	C	10	16	0x720a800
N11FrameEngine5Logic26ESDCQueuedEliteMonsterInfoE	0x6e6ae50	0x6e6aee0	C	10	16	0x720a800
N11FrameEngine5Logic25ESportDataTimingCollectorE	0x6e6b020	0x6e6b0b0	C	10	16	0x720a800
N11FrameEngine5Logic19ESDCChampionLevelUpE	0x6e6b280	0x6e6b310	C	10	16	0x720a800
N11FrameEngine5Logic14ESDCRiftHeraldE	0x6e6b450	0x6e6b4e0	C	10	16	0x720a800
N11FrameEngine5Logic24ESDTCChampionStatsUpdateE	0x6e6b6b0	0x6e6b740	C	10	16	0x720a800
N11FrameEngine5Logic15ESDCItemOperateE	0x6e6b880	0x6e6b910	C	10	16	0x720a800
N11FrameEngine5Logic23ESDCTowerPlateDestroyedE	0x6e6bae0	0x6e6bb70	C	10	16	0x720a800
N11FrameEngine5Logic14ESDCBaronMechaE	0x6e6bcb0	0x6e6bd40	C	10	16	0x720a800
N11FrameEngine5Logic14ESDCHextechBoxE	0x6e6be80	0x6e6bf10	C	10	16	0x720a800
N11FrameEngine5Logic17ESportDataManagerE	0x6e6bfa8	0x6e6c020	A	6	11	0x720a800
	0x6e6c410	0x6e6c4a0	C	13	16	
	0x6e6c6f0	0x6e6c780	C	15	16	
N11FrameEngine5Logic25AutoAttackActionGeneratorE	0x6e6c7d8	0x6e6c868	F	7	13	0x720a890
	0x6e6cc00	0x6e6cc90	C	13	16	
	0x6e6d050	0x6e6d0e0	C	13	16	
	0x6e6d3d0	0x6e6d460	C	15	16	
N11FrameEngine5Logic29ActorActionAuxiliaryProcessorE	0x6e6d4b8	0x6e6d548	F	7	13	0x720a890
N11FrameEngine5Logic29ActorActionAuxiliaryProcessorE	0x6e6d620	0x6e6d6b0	C	15	16	
N11FrameEngine5Logic11ActionQueueE	0x6e6d708	0x6e6d798	F	7	13	0x720a890
	0x6e6dca0	0x6e6dd30	C	14	16	
	0x6e6e1d0	0x6e6e260	C	13	16	
	0x6e6e660	0x6e6e6f0	C	13	16	
	0x6e6e960	0x6e6e9f0	C	15	16	
N11FrameEngine5Logic16AttackStateLogicE	0x6e6ea48	0x6e6ead8	F	7	13	0x720a890
	0x6e6ed30	0x6e6edc0	C	14	16	
	0x6e6f1c0	0x6e6f250	C	14	16	
	0x6e6f600	0x6e6f690	C	14	16	
N11FrameEngine5Logic27ActorIdleAuxiliaryProcessorE	0x6e6f8d0	0x6e6f960	C	15	16	
N11FrameEngine5Logic12TargetSystemE	0x6e6f9b8	0x6e6fa48	F	7	13	0x720a890
	0x6e6fec0	0x6e6ff50	C	14	16	
N11FrameEngine5Logic28HeroAttackAuxiliaryProcessorE	0x6e70230	0x6e702c0	C	15	16	
N11FrameEngine5Logic23ActorAuxiliaryProcessorE	0x6e70318	0x6e703a8	F	7	13	0x720a890
N11FrameEngine5Logic13FixModuleDataE	0x6e703e8	0x6e70460	A	7	11	0x720a800
N11FrameEngine5Logic15BattleFixModuleE	0x6e704f8	0x6e70570	A	7	11	0x720a800
	0x6e70860	0x6e708f0	C	13	16	
N11FrameEngine5Logic16DirEyeFlowConfigE	0x6e70a90	0x6e70b20	C	11	16	0x720a800
	0x6e70e10	0x6e70ea0	C	13	16	
	0x6e71110	0x6e711a0	C	15	16	
N11FrameEngine5Logic10SimpleFlowE	0x6e711f8	0x6e71288	F	7	13	0x720a890
N11FrameEngine5Logic24DirEyeFlowConfig_TimeVfxE	0x6e712c8	0x6e71340	A	7	11	0x720a800
	0x6e71630	0x6e716c0	C	13	16	
N11FrameEngine5Logic15SoldierBornFlowE	0x6e71900	0x6e71990	C	15	16	
N11FrameEngine5Logic12ActorBuffMgrE	0x6e719e8	0x6e71a78	F	7	13	0x720a890
N11FrameEngine5Logic12ActorBuffMgrE	0x6e71b50	0x6e71be0	C	15	16	
N11FrameEngine5Logic13ActorSkillMgrE	0x6e71c38	0x6e71cc8	F	7	13	0x720a890
N11FrameEngine5Logic14ImmuneBuffInfoE	0x6e71eb0	0x6e71f40	C	9	16	0x720a800
N11FrameEngine5Logic14ImmuneHurtInfoE	0x6e72060	0x6e720f0	C	9	16	0x720a800
N11FrameEngine5Logic16ActorGiveBuffMgrE	0x6e72188	0x6e72200	A	7	11	0x720a800
	0x6e723e0	0x6e72470	C	15	16	
N11FrameEngine5Logic24BattleExtraLevelRuleBaseE	0x6e724c8	0x6e72558	F	7	13	0x720a890
	0x6e728f0	0x6e72980	C	13	16	
	0x6e72e80	0x6e72f10	C	13	16	
	0x6e73410	0x6e734a0	C	13	16	
	0x6e739a0	0x6e73a30	C	13	16	
	0x6e73f30	0x6e73fc0	C	13	16	
	0x6e744c0	0x6e74550	C	13	16	
	0x6e74a50	0x6e74ae0	C	13	16	
N11FrameEngine5Logic25BattleExtraLevelRuleMeleeE	0x6e74d20	0x6e74db0	C	15	16	
N11FrameEngine5Logic26BattlePlayerCommercialInfoE	0x6e74e08	0x6e74e98	F	7	13	0x720a890
	0x6e75130	0x6e751c0	C	13	16	
	0x6e755c0	0x6e75650	C	13	16	
	0x6e75a50	0x6e75ae0	C	13	16	
	0x6e75ee0	0x6e75f70	C	13	16	
	0x6e76370	0x6e76400	C	13	16	
	0x6e76800	0x6e76890	C	13	16	
	0x6e76c90	0x6e76d20	C	13	16	
	0x6e77120	0x6e771b0	C	13	16	
	0x6e775b0	0x6e77640	C	13	16	
	0x6e77a40	0x6e77ad0	C	13	16	
	0x6e77ed0	0x6e77f60	C	13	16	
	0x6e78360	0x6e783f0	C	13	16	
	0x6e787f0	0x6e78880	C	13	16	
	0x6e78c80	0x6e78d10	C	13	16	
	0x6e79110	0x6e791a0	C	13	16	
	0x6e795a0	0x6e79630	C	13	16	
	0x6e79a30	0x6e79ac0	C	13	16	
	0x6e79ec0	0x6e79f50	C	13	16	
N11FrameEngine5Logic11EffectFlagsE	0x6e7a0f8	0x6e7a170	A	7	11	0x720a800
	0x6e7a460	0x6e7a4f0	C	13	16	
	0x6e7a8f0	0x6e7a980	C	13	16	
	0x6e7ad80	0x6e7ae10	C	13	16	
	0x6e7b210	0x6e7b2a0	C	13	16	
	0x6e7b6a0	0x6e7b730	C	13	16	
	0x6e7bbc0	0x6e7bc50	C	13	16	
	0x6e7c050	0x6e7c0e0	C	13	16	
	0x6e7c4e0	0x6e7c570	C	13	16	
	0x6e7c970	0x6e7ca00	C	13	16	
	0x6e7ce00	0x6e7ce90	C	13	16	
	0x6e7d290	0x6e7d320	C	13	16	
	0x6e7d720	0x6e7d7b0	C	13	16	
	0x6e7dbb0	0x6e7dc40	C	13	16	
	0x6e7e040	0x6e7e0d0	C	13	16	
	0x6e7e560	0x6e7e5f0	C	13	16	
	0x6e7e9f0	0x6e7ea80	C	13	16	
	0x6e7ee80	0x6e7ef10	C	13	16	
	0x6e7f310	0x6e7f3a0	C	13	16	
	0x6e7f7a0	0x6e7f830	C	13	16	
	0x6e7fc30	0x6e7fcc0	C	13	16	
	0x6e800c0	0x6e80150	C	13	16	
	0x6e80550	0x6e805e0	C	13	16	
	0x6e809e0	0x6e80a70	C	13	16	
	0x6e80e70	0x6e80f00	C	13	16	
	0x6e814b0	0x6e81540	C	13	16	
	0x6e81b90	0x6e81c20	C	13	16	
	0x6e82270	0x6e82300	C	13	16	
	0x6e82950	0x6e829e0	C	13	16	
	0x6e82e80	0x6e82f10	C	13	16	
	0x6e834c0	0x6e83550	C	13	16	
	0x6e83ba0	0x6e83c30	C	13	16	
	0x6e84310	0x6e843a0	C	13	16	
	0x6e849f0	0x6e84a80	C	13	16	
	0x6e84f20	0x6e84fb0	C	13	16	
	0x6e853b0	0x6e85440	C	13	16	
	0x6e858d0	0x6e85960	C	13	16	
	0x6e85d60	0x6e85df0	C	13	16	
	0x6e861f0	0x6e86280	C	13	16	
	0x6e86680	0x6e86710	C	13	16	
	0x6e86b10	0x6e86ba0	C	13	16	
	0x6e86fa0	0x6e87030	C	13	16	
	0x6e87430	0x6e874c0	C	13	16	
	0x6e878c0	0x6e87950	C	13	16	
	0x6e87d50	0x6e87de0	C	13	16	
	0x6e881e0	0x6e88270	C	13	16	
	0x6e88670	0x6e88700	C	13	16	
	0x6e88b00	0x6e88b90	C	13	16	
	0x6e88f90	0x6e89020	C	13	16	
	0x6e89420	0x6e894b0	C	13	16	
	0x6e898b0	0x6e89940	C	13	16	
	0x6e89d40	0x6e89dd0	C	13	16	
	0x6e8a1d0	0x6e8a260	C	13	16	
	0x6e8a660	0x6e8a6f0	C	13	16	
	0x6e8aaf0	0x6e8ab80	C	13	16	
	0x6e8af80	0x6e8b010	C	13	16	
	0x6e8b410	0x6e8b4a0	C	13	16	
	0x6e8b8a0	0x6e8b930	C	13	16	
	0x6e8bee0	0x6e8bf70	C	13	16	
	0x6e8c410	0x6e8c4a0	C	13	16	
	0x6e8c8a0	0x6e8c930	C	13	16	
	0x6e8cd30	0x6e8cdc0	C	13	16	
	0x6e8d370	0x6e8d400	C	13	16	
	0x6e8d8a0	0x6e8d930	C	13	16	
	0x6e8dd30	0x6e8ddc0	C	13	16	
	0x6e8e1c0	0x6e8e250	C	13	16	
	0x6e8e650	0x6e8e6e0	C	13	16	
	0x6e8eae0	0x6e8eb70	C	13	16	
	0x6e8ef70	0x6e8f000	C	13	16	
	0x6e8f570	0x6e8f600	C	13	16	
	0x6e90060	0x6e900f0	C	13	16	
	0x6e90590	0x6e90620	C	13	16	
	0x6e90a20	0x6e90ab0	C	13	16	
	0x6e90eb0	0x6e90f40	C	13	16	
	0x6e91340	0x6e913d0	C	13	16	
	0x6e91a10	0x6e91aa0	C	13	16	
	0x6e91ea0	0x6e91f30	C	13	16	
	0x6e92330	0x6e923c0	C	13	16	
	0x6e927c0	0x6e92850	C	13	16	
	0x6e92c50	0x6e92ce0	C	13	16	
N11FrameEngine5Logic24EffectModifyTalentBuffCDE	0x6e92f20	0x6e92fb0	C	15	16	
N11FrameEngine5Logic25CollisionTriggerConditionE	0x6e93008	0x6e93098	F	7	13	0x720a890
	0x6e932d0	0x6e93360	C	14	16	
	0x6e93700	0x6e93790	C	14	16	
	0x6e93b30	0x6e93bc0	C	14	16	
N11FrameEngine5Logic21BattleConditionDamageE	0x6e93e10	0x6e93ea0	C	11	16	0x720a800
N11FrameEngine5Logic28BattleConditionSkillFuncTypeE	0x6e93fe0	0x6e94070	C	11	16	0x720a800
N11FrameEngine5Logic17BattleConditionCDE	0x6e941b0	0x6e94240	C	11	16	0x720a800
N11FrameEngine5Logic30BattleConditionSkillCreateTypeE	0x6e94380	0x6e94410	C	11	16	0x720a800
N11FrameEngine5Logic25BattleConditionChangeAttrE	0x6e94550	0x6e945e0	C	11	16	0x720a800
N11FrameEngine5Logic31BattleConditionSkillConsumeTypeE	0x6e94720	0x6e947b0	C	11	16	0x720a800
N11FrameEngine5Logic24BattleConditionActorTypeE	0x6e948f0	0x6e94980	C	11	16	0x720a800
N11FrameEngine5Logic29BattleConditionMonsterSubTypeE	0x6e94ac0	0x6e94b50	C	11	16	0x720a800
N11FrameEngine5Logic23BattleConditionDieAwardE	0x6e94c90	0x6e94d20	C	11	16	0x720a800
N11FrameEngine5Logic19BattleConditionModeE	0x6e94e60	0x6e94ef0	C	11	16	0x720a800
N11FrameEngine5Logic27BattleConditionActorVarEnumE	0x6e95030	0x6e950c0	C	11	16	0x720a800
N11FrameEngine5Logic20BattleConditionTreatE	0x6e95200	0x6e95290	C	11	16	0x720a800
N11FrameEngine5Logic20BattleConditionTreatE	0x6e953c0	0x6e95450	C	15	16	
N11FrameEngine5Logic23SpellBookRandomSkillMgrE	0x6e954a8	0x6e95538	F	7	13	0x720a890
	0x6e959a0	0x6e95a30	C	14	16	
N11FrameEngine5Logic10SkillCDMgrE	0x6e95c40	0x6e95cd0	C	12	16	0x720a800
N11FrameEngine5Logic10SkillCDMgrE	0x6e95e00	0x6e95e90	C	15	16	
N11FrameEngine5Logic17SpellBookSkillMgrE	0x6e95ee8	0x6e95f78	F	7	13	0x720a890
N11FrameEngine5Logic17SpellBookSkillMgrE	0x6e96050	0x6e960e0	C	15	16	
N11FrameEngine5Logic11SkillVarMgrE	0x6e96138	0x6e961c8	F	7	13	0x720a890
	0x6e96630	0x6e966c0	C	14	16	
N11FrameEngine5Logic19ActorSpellShieldMgrE	0x6e968d0	0x6e96960	C	12	16	0x720a800
	0x6e96d30	0x6e96dc0	C	14	16	
N11FrameEngine5Logic18SkillVarFixVector3E	0x6e97000	0x6e97090	C	15	16	
N11FrameEngine5Logic21SkillNecessaryAbilityE	0x6e970e8	0x6e97178	F	7	13	0x720a890
N11FrameEngine5Logic21SkillPassiveEffectMgrE	0x6e971b0	0x6e97240	C	12	16	0x720a800
	0x6e97580	0x6e97610	C	14	16	
N11FrameEngine5Logic12SkillVarBoolE	0x6e97850	0x6e978e0	C	15	16	
N11FrameEngine5Logic15DynamicSkillMgrE	0x6e97938	0x6e979c8	F	7	13	0x720a890
N11FrameEngine5Logic15DynamicSkillMgrE	0x6e97aa0	0x6e97b30	C	15	16	
N11FrameEngine5Logic12RuneSkillMgrE	0x6e97b88	0x6e97c18	F	7	13	0x720a890
	0x6e98080	0x6e98110	C	14	16	
	0x6e98750	0x6e987e0	C	14	16	
	0x6e98f10	0x6e98fa0	C	13	16	
	0x6e99660	0x6e996f0	C	13	16	
	0x6e99db0	0x6e99e40	C	13	16	
	0x6e9a500	0x6e9a590	C	13	16	
	0x6e9a970	0x6e9aa00	C	13	16	
N11FrameEngine5Logic33BattleActorDynamicSkillChangedMsgE	0x6e9acd0	0x6e9ad60	C	15	16	
N11FrameEngine5Logic12FreeSkillMgrE	0x6e9adb8	0x6e9ae48	F	7	13	0x720a890
N11FrameEngine5Logic12FreeSkillMgrE	0x6e9af20	0x6e9afb0	C	15	16	
N11FrameEngine5Logic13HeroTalentMgrE	0x6e9b008	0x6e9b098	F	7	13	0x720a890
	0x6e9b2f0	0x6e9b380	C	14	16	
N11FrameEngine5Logic13SkillVarFix64E	0x6e9b5c0	0x6e9b650	C	15	16	
N11FrameEngine5Logic18TeamSurrenderLogicE	0x6e9b6a8	0x6e9b738	F	7	13	0x720a890
	0x6e9b9b0	0x6e9ba40	C	14	16	
	0x6e9be20	0x6e9beb0	C	14	16	
	0x6e9c640	0x6e9c6d0	C	13	16	
	0x6e9cbc0	0x6e9cc50	C	14	16	
N11FrameEngine5Logic15BulletDetectionE	0x6e9cdf0	0x6e9ce80	C	12	16	0x720a800
	0x6e9d150	0x6e9d1e0	C	14	16	
	0x6e9d970	0x6e9da00	C	13	16	
N11FrameEngine5Logic15DetectionTargetE	0x6e9dd40	0x6e9ddd0	C	10	16	0x720a800
N11FrameEngine5Logic14DetectionRangeE	0x6e9def0	0x6e9df80	C	10	16	0x720a800
N11FrameEngine5Logic14DetectionRangeE	0x6e9e0b0	0x6e9e140	C	15	16	
N11FrameEngine5Logic34BattlePlayerStatistic_ExpStatisticE	0x6e9e198	0x6e9e228	F	7	13	0x720a890
N11FrameEngine5Logic34BattlePlayerStatistic_ExpStatisticE	0x6e9e300	0x6e9e390	C	15	16	
N11FrameEngine5Logic21BattlePlayerStatisticE	0x6e9e3e8	0x6e9e478	F	7	13	0x720a890
	0x6e9e6f0	0x6e9e780	C	13	16	
	0x6e9eb60	0x6e9ebf0	C	13	16	
	0x6e9efd0	0x6e9f060	C	13	16	
	0x6e9f440	0x6e9f4d0	C	13	16	
	0x6e9f8b0	0x6e9f940	C	13	16	
	0x6e9fd20	0x6e9fdb0	C	13	16	
	0x6ea0660	0x6ea06f0	C	13	16	
	0x6ea0be0	0x6ea0c70	C	14	16	
	0x6ea1200	0x6ea1290	C	14	16	
	0x6ea1be0	0x6ea1c70	C	13	16	
	0x6ea2630	0x6ea26c0	C	13	16	
	0x6ea3080	0x6ea3110	C	13	16	
	0x6ea3ad0	0x6ea3b60	C	13	16	
	0x6ea4520	0x6ea45b0	C	13	16	
N11FrameEngine5Logic13BattleMonsterE	0x6ea4900	0x6ea4990	C	15	16	
N11FrameEngine5Logic14HatredStateFSME	0x6ea49e8	0x6ea4a78	F	7	13	0x720a890
N11FrameEngine5Logic17ActorImmuneDieMgrE	0x6ea4ab0	0x6ea4b40	C	12	16	0x720a800
N11FrameEngine5Logic19ActorHPThresholdMgrE	0x6ea4bd0	0x6ea4c60	C	12	16	0x720a800
N11FrameEngine5Logic19ActorHPThresholdMgrE	0x6ea4db0	0x6ea4e40	C	15	16	
N11FrameEngine5Logic11HatredStateE	0x6ea4e98	0x6ea4f28	F	7	13	0x720a890
	0x6ea51a0	0x6ea5230	C	14	16	
N11FrameEngine5Logic29BattleEquipPurchaseRuleJungleE	0x6ea5460	0x6ea54f0	C	10	16	0x720a800
N11FrameEngine5Logic28BattleEquipPurchaseRuleAliveE	0x6ea5610	0x6ea56a0	C	10	16	0x720a800
N11FrameEngine5Logic31BattleEquipPurchaseRuleEnhancedE	0x6ea57c0	0x6ea5850	C	10	16	0x720a800
N11FrameEngine5Logic28BattleEquipPurchaseRuleRangeE	0x6ea5970	0x6ea5a00	C	10	16	0x720a800
	0x6ea5f40	0x6ea5fd0	C	14	16	
N11FrameEngine5Logic38BattleTaskHurtWithSkillInSpecifiedTimeE	0x6ea62c0	0x6ea6350	C	10	16	0x720a800
N11FrameEngine5Logic38BattleTaskHurtWithSkillInSpecifiedTimeE	0x6ea6480	0x6ea6510	C	15	16	
N11FrameEngine5Logic37SkillGemVarParamSkillVarExtraAttrDataE	0x6ea6568	0x6ea65f8	F	7	13	0x720a890
N11FrameEngine5Logic14TimeHurtRecordE	0x6ea6638	0x6ea66b0	A	7	11	0x720a800
	0x6ea6ec0	0x6ea6f50	C	14	16	
N11FrameEngine5Logic46FlowActionTrigger_SetSkillLevelVarRelatedSkillE	0x6ea72d0	0x6ea7360	C	9	16	0x720a800
	0x6ea78a0	0x6ea7930	C	14	16	
	0x6ea7db0	0x6ea7e40	C	13	16	
	0x6ea8220	0x6ea82b0	C	13	16	
	0x6ea8510	0x6ea85a0	C	15	16	
N11FrameEngine5Logic20SkillGemVarParamBaseE	0x6ea85f8	0x6ea8688	F	7	13	0x720a890
	0x6ea8d70	0x6ea8e00	C	14	16	
	0x6ea95b0	0x6ea9640	C	14	16	
	0x6ea9f80	0x6eaa010	C	14	16	
	0x6eaa790	0x6eaa820	C	14	16	
	0x6eaaef0	0x6eaaf80	C	14	16	
	0x6eab650	0x6eab6e0	C	14	16	
	0x6eabdb0	0x6eabe40	C	14	16	
	0x6eac730	0x6eac7c0	C	14	16	
	0x6eacf40	0x6eacfd0	C	14	16	
	0x6ead8c0	0x6ead950	C	14	16	
	0x6eae0d0	0x6eae160	C	14	16	
	0x6eae830	0x6eae8c0	C	14	16	
	0x6eaf1b0	0x6eaf240	C	14	16	
	0x6eafbe0	0x6eafc70	C	14	16	
	0x6eb03f0	0x6eb0480	C	14	16	
	0x6eb0b50	0x6eb0be0	C	14	16	
	0x6eb12b0	0x6eb1340	C	14	16	
	0x6eb1a10	0x6eb1aa0	C	14	16	
	0x6eb2170	0x6eb2200	C	14	16	
	0x6eb28d0	0x6eb2960	C	14	16	
	0x6eb3030	0x6eb30c0	C	14	16	
	0x6eb3790	0x6eb3820	C	14	16	
	0x6eb3ef0	0x6eb3f80	C	14	16	
	0x6eb4650	0x6eb46e0	C	14	16	
	0x6eb4db0	0x6eb4e40	C	14	16	
	0x6eb5510	0x6eb55a0	C	14	16	
	0x6eb5e90	0x6eb5f20	C	14	16	
	0x6eb66a0	0x6eb6730	C	14	16	
	0x6eb6e00	0x6eb6e90	C	14	16	
	0x6eb7780	0x6eb7810	C	14	16	
	0x6eb7f90	0x6eb8020	C	14	16	
	0x6eb8910	0x6eb89a0	C	14	16	
	0x6eb9120	0x6eb91b0	C	14	16	
	0x6eb9880	0x6eb9910	C	14	16	
	0x6eb9fe0	0x6eba070	C	14	16	
	0x6eba740	0x6eba7d0	C	14	16	
	0x6ebaea0	0x6ebaf30	C	14	16	
	0x6ebb600	0x6ebb690	C	14	16	
	0x6ebbd60	0x6ebbdf0	C	14	16	
	0x6ebc4c0	0x6ebc550	C	14	16	
	0x6ebcc20	0x6ebccb0	C	14	16	
	0x6ebd380	0x6ebd410	C	14	16	
	0x6ebdae0	0x6ebdb70	C	14	16	
	0x6ebe240	0x6ebe2d0	C	14	16	
	0x6ebe9a0	0x6ebea30	C	14	16	
	0x6ebf100	0x6ebf190	C	14	16	
	0x6ebf860	0x6ebf8f0	C	14	16	
	0x6ebffc0	0x6ec0050	C	14	16	
	0x6ec0720	0x6ec07b0	C	14	16	
	0x6ec0e80	0x6ec0f10	C	14	16	
	0x6ec15e0	0x6ec1670	C	14	16	
	0x6ec1d40	0x6ec1dd0	C	14	16	
	0x6ec24a0	0x6ec2530	C	14	16	
	0x6ec2c00	0x6ec2c90	C	14	16	
	0x6ec3360	0x6ec33f0	C	14	16	
	0x6ec3ac0	0x6ec3b50	C	14	16	
	0x6ec4220	0x6ec42b0	C	14	16	
	0x6ec4980	0x6ec4a10	C	14	16	
	0x6ec50e0	0x6ec5170	C	14	16	
	0x6ec5840	0x6ec58d0	C	14	16	
	0x6ec5fa0	0x6ec6030	C	14	16	
	0x6ec6920	0x6ec69b0	C	14	16	
	0x6ec7130	0x6ec71c0	C	14	16	
	0x6ec7890	0x6ec7920	C	14	16	
	0x6ec7ff0	0x6ec8080	C	14	16	
	0x6ec8750	0x6ec87e0	C	14	16	
	0x6ec90d0	0x6ec9160	C	14	16	
	0x6ec98e0	0x6ec9970	C	14	16	
	0x6eca040	0x6eca0d0	C	14	16	
	0x6eca7a0	0x6eca830	C	14	16	
	0x6ecaf00	0x6ecaf90	C	14	16	
	0x6ecb660	0x6ecb6f0	C	14	16	
	0x6ecbdc0	0x6ecbe50	C	14	16	
	0x6ecc520	0x6ecc5b0	C	14	16	
	0x6eccc80	0x6eccd10	C	14	16	
	0x6ecd600	0x6ecd690	C	14	16	
	0x6ecde10	0x6ecdea0	C	14	16	
	0x6ece570	0x6ece600	C	14	16	
	0x6ececd0	0x6eced60	C	14	16	
	0x6ecf430	0x6ecf4c0	C	14	16	
	0x6ecfb90	0x6ecfc20	C	14	16	
	0x6ed02f0	0x6ed0380	C	14	16	
	0x6ed0a50	0x6ed0ae0	C	14	16	
	0x6ed11b0	0x6ed1240	C	14	16	
	0x6ed1910	0x6ed19a0	C	14	16	
	0x6ed2070	0x6ed2100	C	14	16	
	0x6ed27d0	0x6ed2860	C	14	16	
	0x6ed2f30	0x6ed2fc0	C	14	16	
	0x6ed3690	0x6ed3720	C	14	16	
	0x6ed3df0	0x6ed3e80	C	14	16	
	0x6ed4550	0x6ed45e0	C	14	16	
	0x6ed4cb0	0x6ed4d40	C	14	16	
	0x6ed5410	0x6ed54a0	C	14	16	
	0x6ed5b70	0x6ed5c00	C	14	16	
	0x6ed62d0	0x6ed6360	C	14	16	
	0x6ed6c50	0x6ed6ce0	C	14	16	
	0x6ed7460	0x6ed74f0	C	14	16	
	0x6ed7bc0	0x6ed7c50	C	14	16	
	0x6ed8320	0x6ed83b0	C	14	16	
	0x6ed8a80	0x6ed8b10	C	14	16	
	0x6ed91e0	0x6ed9270	C	14	16	
	0x6ed9940	0x6ed99d0	C	14	16	
	0x6eda0a0	0x6eda130	C	14	16	
	0x6eda800	0x6eda890	C	14	16	
	0x6edb180	0x6edb210	C	14	16	
	0x6edb990	0x6edba20	C	14	16	
	0x6edc0f0	0x6edc180	C	14	16	
	0x6edc850	0x6edc8e0	C	14	16	
	0x6edd1d0	0x6edd260	C	14	16	
	0x6edd9e0	0x6edda70	C	14	16	
	0x6ede140	0x6ede1d0	C	14	16	
	0x6ede8a0	0x6ede930	C	14	16	
	0x6edf000	0x6edf090	C	14	16	
	0x6edf760	0x6edf7f0	C	14	16	
	0x6ee00e0	0x6ee0170	C	14	16	
	0x6ee08f0	0x6ee0980	C	14	16	
	0x6ee1050	0x6ee10e0	C	14	16	
	0x6ee17b0	0x6ee1840	C	14	16	
	0x6ee1f10	0x6ee1fa0	C	14	16	
	0x6ee2670	0x6ee2700	C	14	16	
	0x6ee2dd0	0x6ee2e60	C	14	16	
	0x6ee3530	0x6ee35c0	C	14	16	
	0x6ee3c90	0x6ee3d20	C	14	16	
	0x6ee4610	0x6ee46a0	C	14	16	
	0x6ee4e20	0x6ee4eb0	C	14	16	
	0x6ee5580	0x6ee5610	C	14	16	
	0x6ee5ce0	0x6ee5d70	C	14	16	
	0x6ee6440	0x6ee64d0	C	14	16	
	0x6ee6ba0	0x6ee6c30	C	14	16	
	0x6ee7300	0x6ee7390	C	14	16	
	0x6ee7a60	0x6ee7af0	C	14	16	
	0x6ee81c0	0x6ee8250	C	14	16	
	0x6ee8920	0x6ee89b0	C	14	16	
	0x6ee9080	0x6ee9110	C	14	16	
	0x6ee9a00	0x6ee9a90	C	14	16	
	0x6eea430	0x6eea4c0	C	14	16	
	0x6eeac40	0x6eeacd0	C	14	16	
	0x6eeb3a0	0x6eeb430	C	14	16	
	0x6eebd20	0x6eebdb0	C	14	16	
	0x6eec530	0x6eec5c0	C	14	16	
	0x6eeceb0	0x6eecf40	C	14	16	
	0x6eed8e0	0x6eed970	C	14	16	
	0x6eee0f0	0x6eee180	C	14	16	
	0x6eeea70	0x6eeeb00	C	14	16	
	0x6eef280	0x6eef310	C	14	16	
	0x6eef9e0	0x6eefa70	C	14	16	
	0x6ef0140	0x6ef01d0	C	14	16	
	0x6ef08a0	0x6ef0930	C	14	16	
	0x6ef1000	0x6ef1090	C	14	16	
	0x6ef1760	0x6ef17f0	C	14	16	
	0x6ef1ec0	0x6ef1f50	C	14	16	
	0x6ef2620	0x6ef26b0	C	14	16	
	0x6ef2d80	0x6ef2e10	C	14	16	
	0x6ef34e0	0x6ef3570	C	14	16	
	0x6ef3c40	0x6ef3cd0	C	14	16	
	0x6ef43a0	0x6ef4430	C	14	16	
	0x6ef4b00	0x6ef4b90	C	14	16	
	0x6ef5260	0x6ef52f0	C	14	16	
	0x6ef59c0	0x6ef5a50	C	14	16	
	0x6ef6120	0x6ef61b0	C	14	16	
	0x6ef6aa0	0x6ef6b30	C	14	16	
	0x6ef72b0	0x6ef7340	C	14	16	
	0x6ef7a10	0x6ef7aa0	C	14	16	
	0x6ef8170	0x6ef8200	C	14	16	
	0x6ef88d0	0x6ef8960	C	14	16	
	0x6ef9030	0x6ef90c0	C	14	16	
	0x6ef9790	0x6ef9820	C	14	16	
	0x6ef9ef0	0x6ef9f80	C	14	16	
	0x6efa650	0x6efa6e0	C	14	16	
	0x6efafd0	0x6efb060	C	14	16	
	0x6efb7e0	0x6efb870	C	14	16	
	0x6efbf40	0x6efbfd0	C	14	16	
	0x6efc6a0	0x6efc730	C	14	16	
	0x6efce00	0x6efce90	C	14	16	
	0x6efd560	0x6efd5f0	C	14	16	
	0x6efdcc0	0x6efdd50	C	14	16	
	0x6efe420	0x6efe4b0	C	14	16	
	0x6efeb80	0x6efec10	C	14	16	
	0x6eff500	0x6eff590	C	14	16	
	0x6effd10	0x6effda0	C	14	16	
	0x6f00690	0x6f00720	C	14	16	
	0x6f00ea0	0x6f00f30	C	14	16	
	0x6f01600	0x6f01690	C	14	16	
	0x6f01d60	0x6f01df0	C	14	16	
	0x6f024c0	0x6f02550	C	14	16	
	0x6f02e40	0x6f02ed0	C	14	16	
	0x6f03650	0x6f036e0	C	14	16	
	0x6f03db0	0x6f03e40	C	14	16	
	0x6f04510	0x6f045a0	C	14	16	
	0x6f04c70	0x6f04d00	C	14	16	
	0x6f053d0	0x6f05460	C	14	16	
	0x6f05b30	0x6f05bc0	C	14	16	
	0x6f064b0	0x6f06540	C	14	16	
	0x6f06cc0	0x6f06d50	C	14	16	
	0x6f07420	0x6f074b0	C	14	16	
	0x6f07b80	0x6f07c10	C	14	16	
	0x6f082e0	0x6f08370	C	14	16	
	0x6f08a60	0x6f08af0	C	14	16	
	0x6f091e0	0x6f09270	C	14	16	
	0x6f09960	0x6f099f0	C	14	16	
	0x6f0a0e0	0x6f0a170	C	14	16	
	0x6f0a860	0x6f0a8f0	C	14	16	
	0x6f0afe0	0x6f0b070	C	14	16	
	0x6f0b760	0x6f0b7f0	C	14	16	
	0x6f0bee0	0x6f0bf70	C	14	16	
	0x6f0c660	0x6f0c6f0	C	14	16	
	0x6f0cde0	0x6f0ce70	C	14	16	
	0x6f0d560	0x6f0d5f0	C	14	16	
	0x6f0dce0	0x6f0dd70	C	14	16	
	0x6f0e460	0x6f0e4f0	C	14	16	
	0x6f0ebe0	0x6f0ec70	C	14	16	
	0x6f0f360	0x6f0f3f0	C	14	16	
	0x6f0fae0	0x6f0fb70	C	14	16	
	0x6f10260	0x6f102f0	C	14	16	
	0x6f109e0	0x6f10a70	C	14	16	
	0x6f11160	0x6f111f0	C	14	16	
	0x6f118e0	0x6f11970	C	14	16	
	0x6f12060	0x6f120f0	C	14	16	
	0x6f127e0	0x6f12870	C	14	16	
	0x6f12f60	0x6f12ff0	C	14	16	
	0x6f136e0	0x6f13770	C	14	16	
	0x6f13e60	0x6f13ef0	C	14	16	
	0x6f145e0	0x6f14670	C	14	16	
	0x6f14d60	0x6f14df0	C	14	16	
	0x6f154e0	0x6f15570	C	14	16	
	0x6f15c60	0x6f15cf0	C	14	16	
	0x6f163e0	0x6f16470	C	14	16	
	0x6f16b60	0x6f16bf0	C	14	16	
	0x6f172e0	0x6f17370	C	14	16	
	0x6f17a60	0x6f17af0	C	14	16	
	0x6f181e0	0x6f18270	C	14	16	
	0x6f18960	0x6f189f0	C	14	16	
	0x6f190e0	0x6f19170	C	14	16	
	0x6f19860	0x6f198f0	C	14	16	
	0x6f19ff0	0x6f1a080	C	14	16	
	0x6f1a770	0x6f1a800	C	14	16	
	0x6f1aef0	0x6f1af80	C	14	16	
	0x6f1b670	0x6f1b700	C	14	16	
	0x6f1bdf0	0x6f1be80	C	14	16	
	0x6f1c570	0x6f1c600	C	14	16	
	0x6f1ccf0	0x6f1cd80	C	14	16	
	0x6f1d470	0x6f1d500	C	14	16	
	0x6f1dbf0	0x6f1dc80	C	14	16	
	0x6f1e370	0x6f1e400	C	14	16	
	0x6f1eaf0	0x6f1eb80	C	14	16	
	0x6f1f270	0x6f1f300	C	14	16	
	0x6f1f9f0	0x6f1fa80	C	14	16	
	0x6f20170	0x6f20200	C	14	16	
	0x6f208f0	0x6f20980	C	14	16	
	0x6f21070	0x6f21100	C	14	16	
	0x6f217f0	0x6f21880	C	14	16	
	0x6f21f70	0x6f22000	C	14	16	
	0x6f226f0	0x6f22780	C	14	16	
	0x6f22e70	0x6f22f00	C	14	16	
	0x6f235f0	0x6f23680	C	14	16	
	0x6f23d70	0x6f23e00	C	14	16	
	0x6f244f0	0x6f24580	C	14	16	
	0x6f24d90	0x6f24e20	C	14	16	
	0x6f25510	0x6f255a0	C	14	16	
	0x6f25c90	0x6f25d20	C	14	16	
	0x6f26410	0x6f264a0	C	14	16	
	0x6f26b90	0x6f26c20	C	14	16	
	0x6f27310	0x6f273a0	C	14	16	
	0x6f27a90	0x6f27b20	C	14	16	
	0x6f28210	0x6f282a0	C	14	16	
	0x6f28990	0x6f28a20	C	14	16	
	0x6f29110	0x6f291a0	C	14	16	
	0x6f29890	0x6f29920	C	14	16	
	0x6f2a010	0x6f2a0a0	C	14	16	
	0x6f2a790	0x6f2a820	C	14	16	
	0x6f2af10	0x6f2afa0	C	14	16	
	0x6f2b700	0x6f2b790	C	14	16	
	0x6f2be80	0x6f2bf10	C	14	16	
	0x6f2c600	0x6f2c690	C	14	16	
	0x6f2cd80	0x6f2ce10	C	14	16	
	0x6f2d500	0x6f2d590	C	14	16	
	0x6f2dc80	0x6f2dd10	C	14	16	
	0x6f2e400	0x6f2e490	C	14	16	
	0x6f2eb80	0x6f2ec10	C	14	16	
	0x6f2f300	0x6f2f390	C	14	16	
	0x6f2fa80	0x6f2fb10	C	14	16	
	0x6f30200	0x6f30290	C	14	16	
	0x6f30980	0x6f30a10	C	14	16	
	0x6f31100	0x6f31190	C	14	16	
	0x6f31880	0x6f31910	C	14	16	
	0x6f32000	0x6f32090	C	14	16	
	0x6f32780	0x6f32810	C	14	16	
	0x6f32f00	0x6f32f90	C	14	16	
	0x6f33680	0x6f33710	C	14	16	
	0x6f33e00	0x6f33e90	C	14	16	
	0x6f34580	0x6f34610	C	14	16	
	0x6f34d00	0x6f34d90	C	14	16	
	0x6f35480	0x6f35510	C	14	16	
	0x6f35c00	0x6f35c90	C	14	16	
	0x6f36380	0x6f36410	C	14	16	
	0x6f36b00	0x6f36b90	C	14	16	
	0x6f37290	0x6f37320	C	14	16	
	0x6f37f30	0x6f37fc0	C	14	16	
	0x6f38850	0x6f388e0	C	14	16	
	0x6f38fd0	0x6f39060	C	14	16	
	0x6f39c70	0x6f39d00	C	14	16	
N11FrameEngine5Logic32ActionRushEventOnHitCamilleBlockE	0x6f3a170	0x6f3a200	C	11	16	0x720a800
N11FrameEngine5Logic29ActionRushEventCheckCollisionE	0x6f3a340	0x6f3a3d0	C	11	16	0x720a800
	0x6f3ae30	0x6f3aec0	C	14	16	
	0x6f3ba50	0x6f3bae0	C	14	16	
	0x6f3c510	0x6f3c5a0	C	14	16	
	0x6f3d2f0	0x6f3d380	C	14	16	
N11FrameEngine5Logic22ActionRushEventOnFlashE	0x6f3d7f0	0x6f3d880	C	11	16	0x720a800
	0x6f3e2e0	0x6f3e370	C	14	16	
	0x6f3ebe0	0x6f3ec70	C	14	16	
	0x6f3f880	0x6f3f910	C	14	16	
	0x6f40180	0x6f40210	C	14	16	
	0x6f40900	0x6f40990	C	14	16	
	0x6f415a0	0x6f41630	C	14	16	
	0x6f41ea0	0x6f41f30	C	14	16	
	0x6f42620	0x6f426b0	C	14	16	
	0x6f42da0	0x6f42e30	C	14	16	
	0x6f43520	0x6f435b0	C	14	16	
	0x6f43ca0	0x6f43d30	C	14	16	
	0x6f44420	0x6f444b0	C	14	16	
	0x6f44ba0	0x6f44c30	C	14	16	
	0x6f45320	0x6f453b0	C	14	16	
	0x6f45aa0	0x6f45b30	C	14	16	
	0x6f46220	0x6f462b0	C	14	16	
	0x6f469a0	0x6f46a30	C	14	16	
	0x6f47120	0x6f471b0	C	14	16	
	0x6f478a0	0x6f47930	C	14	16	
	0x6f48250	0x6f482e0	C	14	16	
	0x6f48a80	0x6f48b10	C	14	16	
	0x6f49200	0x6f49290	C	14	16	
	0x6f49980	0x6f49a10	C	14	16	
	0x6f4a100	0x6f4a190	C	14	16	
	0x6f4ad90	0x6f4ae20	C	14	16	
	0x6f4bba0	0x6f4bc30	C	14	16	
	0x6f4c730	0x6f4c7c0	C	14	16	
	0x6f4cf90	0x6f4d020	C	14	16	
	0x6f4da30	0x6f4dac0	C	14	16	
	0x6f4e270	0x6f4e300	C	14	16	
	0x6f4ec80	0x6f4ed10	C	14	16	
	0x6f4f740	0x6f4f7d0	C	14	16	
	0x6f4ff70	0x6f50000	C	14	16	
	0x6f50980	0x6f50a10	C	14	16	
	0x6f51440	0x6f514d0	C	14	16	
	0x6f51c70	0x6f51d00	C	14	16	
	0x6f523f0	0x6f52480	C	14	16	
	0x6f52b70	0x6f52c00	C	14	16	
	0x6f532f0	0x6f53380	C	14	16	
	0x6f53a70	0x6f53b00	C	14	16	
	0x6f541f0	0x6f54280	C	14	16	
	0x6f54970	0x6f54a00	C	14	16	
	0x6f550f0	0x6f55180	C	14	16	
	0x6f55870	0x6f55900	C	14	16	
	0x6f55ff0	0x6f56080	C	14	16	
	0x6f56770	0x6f56800	C	14	16	
	0x6f56ef0	0x6f56f80	C	14	16	
	0x6f57670	0x6f57700	C	14	16	
	0x6f57df0	0x6f57e80	C	14	16	
	0x6f58570	0x6f58600	C	14	16	
	0x6f58cf0	0x6f58d80	C	14	16	
	0x6f59470	0x6f59500	C	14	16	
	0x6f59bf0	0x6f59c80	C	14	16	
	0x6f5a370	0x6f5a400	C	14	16	
	0x6f5aaf0	0x6f5ab80	C	14	16	
	0x6f5b270	0x6f5b300	C	14	16	
	0x6f5b9f0	0x6f5ba80	C	14	16	
	0x6f5c170	0x6f5c200	C	14	16	
	0x6f5c900	0x6f5c990	C	14	16	
	0x6f5d080	0x6f5d110	C	14	16	
	0x6f5d800	0x6f5d890	C	14	16	
	0x6f5df80	0x6f5e010	C	14	16	
	0x6f5e700	0x6f5e790	C	14	16	
	0x6f5ee80	0x6f5ef10	C	14	16	
	0x6f5f8d0	0x6f5f960	C	14	16	
	0x6f60100	0x6f60190	C	14	16	
	0x6f60880	0x6f60910	C	14	16	
	0x6f61000	0x6f61090	C	14	16	
	0x6f61780	0x6f61810	C	14	16	
	0x6f61f00	0x6f61f90	C	14	16	
	0x6f62680	0x6f62710	C	14	16	
	0x6f62e70	0x6f62f00	C	14	16	
	0x6f635f0	0x6f63680	C	14	16	
	0x6f63d70	0x6f63e00	C	14	16	
	0x6f644f0	0x6f64580	C	14	16	
	0x6f64c70	0x6f64d00	C	14	16	
	0x6f653f0	0x6f65480	C	14	16	
	0x6f65b70	0x6f65c00	C	14	16	
	0x6f662f0	0x6f66380	C	14	16	
	0x6f66a70	0x6f66b00	C	14	16	
	0x6f671f0	0x6f67280	C	14	16	
	0x6f67970	0x6f67a00	C	14	16	
	0x6f68210	0x6f682a0	C	14	16	
	0x6f68990	0x6f68a20	C	14	16	
	0x6f69120	0x6f691b0	C	14	16	
	0x6f698a0	0x6f69930	C	14	16	
	0x6f6a020	0x6f6a0b0	C	14	16	
	0x6f6a7a0	0x6f6a830	C	14	16	
	0x6f6af20	0x6f6afb0	C	14	16	
	0x6f6b6a0	0x6f6b730	C	14	16	
	0x6f6be20	0x6f6beb0	C	14	16	
	0x6f6c5a0	0x6f6c630	C	14	16	
	0x6f6cd20	0x6f6cdb0	C	14	16	
	0x6f6d4a0	0x6f6d530	C	14	16	
	0x6f6dc20	0x6f6dcb0	C	14	16	
	0x6f6e3a0	0x6f6e430	C	14	16	
	0x6f6eb20	0x6f6ebb0	C	14	16	
	0x6f6f2a0	0x6f6f330	C	14	16	
	0x6f6fa20	0x6f6fab0	C	14	16	
	0x6f703f0	0x6f70480	C	14	16	
	0x6f70e70	0x6f70f00	C	14	16	
	0x6f716a0	0x6f71730	C	14	16	
	0x6f71e20	0x6f71eb0	C	14	16	
	0x6f727f0	0x6f72880	C	14	16	
	0x6f73020	0x6f730b0	C	14	16	
	0x6f739f0	0x6f73a80	C	14	16	
	0x6f74470	0x6f74500	C	14	16	
	0x6f74cb0	0x6f74d40	C	14	16	
	0x6f75680	0x6f75710	C	14	16	
	0x6f76100	0x6f76190	C	14	16	
	0x6f76b80	0x6f76c10	C	14	16	
	0x6f773b0	0x6f77440	C	14	16	
	0x6f77b30	0x6f77bc0	C	14	16	
	0x6f782b0	0x6f78340	C	14	16	
	0x6f78a30	0x6f78ac0	C	14	16	
	0x6f791b0	0x6f79240	C	14	16	
	0x6f79930	0x6f799c0	C	14	16	
	0x6f7a0b0	0x6f7a140	C	14	16	
	0x6f7a830	0x6f7a8c0	C	14	16	
	0x6f7afb0	0x6f7b040	C	14	16	
	0x6f7b730	0x6f7b7c0	C	14	16	
	0x6f7beb0	0x6f7bf40	C	14	16	
	0x6f7c630	0x6f7c6c0	C	14	16	
	0x6f7cdb0	0x6f7ce40	C	14	16	
	0x6f7d530	0x6f7d5c0	C	14	16	
	0x6f7dcb0	0x6f7dd40	C	14	16	
	0x6f7e430	0x6f7e4c0	C	14	16	
	0x6f7ebb0	0x6f7ec40	C	14	16	
	0x6f7f330	0x6f7f3c0	C	14	16	
	0x6f7fab0	0x6f7fb40	C	14	16	
	0x6f80230	0x6f802c0	C	14	16	
	0x6f809b0	0x6f80a40	C	14	16	
	0x6f81130	0x6f811c0	C	14	16	
	0x6f818c0	0x6f81950	C	14	16	
	0x6f82040	0x6f820d0	C	14	16	
	0x6f82950	0x6f829e0	C	14	16	
	0x6f830d0	0x6f83160	C	14	16	
	0x6f83850	0x6f838e0	C	14	16	
	0x6f83fd0	0x6f84060	C	14	16	
	0x6f84750	0x6f847e0	C	14	16	
	0x6f84ed0	0x6f84f60	C	14	16	
	0x6f85650	0x6f856e0	C	14	16	
	0x6f85dd0	0x6f85e60	C	14	16	
	0x6f86550	0x6f865e0	C	14	16	
	0x6f86cd0	0x6f86d60	C	14	16	
	0x6f87450	0x6f874e0	C	14	16	
	0x6f87bd0	0x6f87c60	C	14	16	
	0x6f88350	0x6f883e0	C	14	16	
	0x6f88ad0	0x6f88b60	C	14	16	
	0x6f89250	0x6f892e0	C	14	16	
	0x6f899d0	0x6f89a60	C	14	16	
	0x6f8a150	0x6f8a1e0	C	14	16	
	0x6f8a8d0	0x6f8a960	C	14	16	
	0x6f8b050	0x6f8b0e0	C	14	16	
	0x6f8b7d0	0x6f8b860	C	14	16	
	0x6f8bf50	0x6f8bfe0	C	14	16	
	0x6f8c6d0	0x6f8c760	C	14	16	
	0x6f8ce60	0x6f8cef0	C	14	16	
N11FrameEngine5Logic40FlowActionCameraShakeLgc_CameraShakeArgsE	0x6f8d138	0x6f8d1b0	A	7	11	0x720a800
	0x6f8d6f0	0x6f8d780	C	14	16	
	0x6f8de80	0x6f8df10	C	14	16	
	0x6f8e600	0x6f8e690	C	14	16	
	0x6f8ed90	0x6f8ee20	C	14	16	
	0x6f8f510	0x6f8f5a0	C	14	16	
	0x6f8fc90	0x6f8fd20	C	14	16	
	0x6f90410	0x6f904a0	C	14	16	
	0x6f90b90	0x6f90c20	C	14	16	
	0x6f91310	0x6f913a0	C	14	16	
	0x6f91a90	0x6f91b20	C	14	16	
	0x6f92220	0x6f922b0	C	14	16	
	0x6f929b0	0x6f92a40	C	14	16	
	0x6f93130	0x6f931c0	C	14	16	
	0x6f938b0	0x6f93940	C	14	16	
	0x6f94030	0x6f940c0	C	14	16	
	0x6f947c0	0x6f94850	C	14	16	
	0x6f94f40	0x6f94fd0	C	14	16	
	0x6f956c0	0x6f95750	C	14	16	
	0x6f95e50	0x6f95ee0	C	14	16	
	0x6f965d0	0x6f96660	C	14	16	
	0x6f96d50	0x6f96de0	C	14	16	
	0x6f974d0	0x6f97560	C	14	16	
	0x6f97c50	0x6f97ce0	C	14	16	
	0x6f983d0	0x6f98460	C	14	16	
	0x6f98b50	0x6f98be0	C	14	16	
	0x6f992e0	0x6f99370	C	14	16	
	0x6f99a60	0x6f99af0	C	14	16	
	0x6f9a1e0	0x6f9a270	C	14	16	
	0x6f9a960	0x6f9a9f0	C	14	16	
	0x6f9b0e0	0x6f9b170	C	14	16	
	0x6f9b860	0x6f9b8f0	C	14	16	
	0x6f9bfe0	0x6f9c070	C	14	16	
	0x6f9c760	0x6f9c7f0	C	14	16	
	0x6f9cef0	0x6f9cf80	C	14	16	
	0x6f9d670	0x6f9d700	C	14	16	
	0x6f9ddf0	0x6f9de80	C	14	16	
	0x6f9e570	0x6f9e600	C	14	16	
	0x6f9ecf0	0x6f9ed80	C	14	16	
	0x6f9f470	0x6f9f500	C	14	16	
	0x6f9fbf0	0x6f9fc80	C	14	16	
	0x6fa0370	0x6fa0400	C	14	16	
	0x6fa0af0	0x6fa0b80	C	14	16	
	0x6fa1270	0x6fa1300	C	14	16	
	0x6fa19f0	0x6fa1a80	C	14	16	
	0x6fa2170	0x6fa2200	C	14	16	
	0x6fa28f0	0x6fa2980	C	14	16	
	0x6fa3070	0x6fa3100	C	14	16	
	0x6fa37f0	0x6fa3880	C	14	16	
	0x6fa3f70	0x6fa4000	C	14	16	
	0x6fa46f0	0x6fa4780	C	14	16	
	0x6fa4e70	0x6fa4f00	C	14	16	
	0x6fa55f0	0x6fa5680	C	14	16	
	0x6fa5d70	0x6fa5e00	C	14	16	
	0x6fa64f0	0x6fa6580	C	14	16	
	0x6fa6c70	0x6fa6d00	C	14	16	
	0x6fa73f0	0x6fa7480	C	14	16	
	0x6fa7b70	0x6fa7c00	C	14	16	
	0x6fa82f0	0x6fa8380	C	14	16	
	0x6fa8a70	0x6fa8b00	C	14	16	
	0x6fa91f0	0x6fa9280	C	14	16	
	0x6fa9970	0x6fa9a00	C	14	16	
	0x6faa0f0	0x6faa180	C	14	16	
	0x6faa870	0x6faa900	C	14	16	
	0x6faaff0	0x6fab080	C	14	16	
	0x6fab770	0x6fab800	C	14	16	
	0x6fabef0	0x6fabf80	C	14	16	
	0x6fac670	0x6fac700	C	14	16	
	0x6facdf0	0x6face80	C	14	16	
	0x6fad580	0x6fad610	C	14	16	
	0x6fadd00	0x6fadd90	C	14	16	
	0x6fae480	0x6fae510	C	14	16	
	0x6faec00	0x6faec90	C	14	16	
	0x6faf380	0x6faf410	C	14	16	
	0x6fafb00	0x6fafb90	C	14	16	
	0x6fb0280	0x6fb0310	C	14	16	
	0x6fb0a00	0x6fb0a90	C	14	16	
	0x6fb1180	0x6fb1210	C	14	16	
	0x6fb1900	0x6fb1990	C	14	16	
	0x6fb2080	0x6fb2110	C	14	16	
	0x6fb2a40	0x6fb2ad0	C	14	16	
	0x6fb34a0	0x6fb3530	C	14	16	
	0x6fb3cd0	0x6fb3d60	C	14	16	
	0x6fb4450	0x6fb44e0	C	14	16	
	0x6fb4bd0	0x6fb4c60	C	14	16	
	0x6fb5350	0x6fb53e0	C	14	16	
	0x6fb5ad0	0x6fb5b60	C	14	16	
	0x6fb6250	0x6fb62e0	C	14	16	
	0x6fb69d0	0x6fb6a60	C	14	16	
	0x6fb7150	0x6fb71e0	C	14	16	
	0x6fb78d0	0x6fb7960	C	14	16	
	0x6fb8050	0x6fb80e0	C	14	16	
	0x6fb8a10	0x6fb8aa0	C	14	16	
	0x6fb9240	0x6fb92d0	C	14	16	
	0x6fb9bf0	0x6fb9c80	C	14	16	
	0x6fba420	0x6fba4b0	C	14	16	
	0x6fbaba0	0x6fbac30	C	14	16	
	0x6fbb320	0x6fbb3b0	C	14	16	
	0x6fbbaa0	0x6fbbb30	C	14	16	
	0x6fbc220	0x6fbc2b0	C	14	16	
	0x6fbc9a0	0x6fbca30	C	14	16	
	0x6fbd120	0x6fbd1b0	C	14	16	
	0x6fbd8a0	0x6fbd930	C	14	16	
	0x6fbe020	0x6fbe0b0	C	14	16	
	0x6fbe9d0	0x6fbea60	C	14	16	
	0x6fbf430	0x6fbf4c0	C	14	16	
	0x6fbfc60	0x6fbfcf0	C	14	16	
	0x6fc03e0	0x6fc0470	C	14	16	
	0x6fc0b60	0x6fc0bf0	C	14	16	
	0x6fc12e0	0x6fc1370	C	14	16	
	0x6fc1a60	0x6fc1af0	C	14	16	
	0x6fc21e0	0x6fc2270	C	14	16	
	0x6fc2960	0x6fc29f0	C	14	16	
	0x6fc30e0	0x6fc3170	C	14	16	
	0x6fc3860	0x6fc38f0	C	14	16	
	0x6fc3fe0	0x6fc4070	C	14	16	
	0x6fc4760	0x6fc47f0	C	14	16	
	0x6fc4ee0	0x6fc4f70	C	14	16	
	0x6fc5660	0x6fc56f0	C	14	16	
	0x6fc5de0	0x6fc5e70	C	14	16	
	0x6fc6560	0x6fc65f0	C	14	16	
	0x6fc6ce0	0x6fc6d70	C	14	16	
	0x6fc7460	0x6fc74f0	C	14	16	
	0x6fc7be0	0x6fc7c70	C	14	16	
	0x6fc8360	0x6fc83f0	C	14	16	
	0x6fc8ae0	0x6fc8b70	C	14	16	
	0x6fc9260	0x6fc92f0	C	14	16	
	0x6fc99e0	0x6fc9a70	C	14	16	
	0x6fca160	0x6fca1f0	C	14	16	
	0x6fca8e0	0x6fca970	C	14	16	
	0x6fcb060	0x6fcb0f0	C	14	16	
	0x6fcb7e0	0x6fcb870	C	14	16	
	0x6fcbf60	0x6fcbff0	C	14	16	
	0x6fcc6e0	0x6fcc770	C	14	16	
	0x6fcce60	0x6fccef0	C	14	16	
	0x6fcd5e0	0x6fcd670	C	14	16	
	0x6fcdd60	0x6fcddf0	C	14	16	
	0x6fce4e0	0x6fce570	C	14	16	
	0x6fcec60	0x6fcecf0	C	14	16	
	0x6fcf3e0	0x6fcf470	C	14	16	
	0x6fcfb60	0x6fcfbf0	C	14	16	
	0x6fd02e0	0x6fd0370	C	14	16	
	0x6fd0a60	0x6fd0af0	C	14	16	
	0x6fd11e0	0x6fd1270	C	14	16	
	0x6fd1960	0x6fd19f0	C	14	16	
	0x6fd20e0	0x6fd2170	C	14	16	
	0x6fd2860	0x6fd28f0	C	14	16	
	0x6fd2fe0	0x6fd3070	C	14	16	
	0x6fd3760	0x6fd37f0	C	14	16	
	0x6fd3ee0	0x6fd3f70	C	14	16	
	0x6fd4660	0x6fd46f0	C	14	16	
	0x6fd4de0	0x6fd4e70	C	14	16	
	0x6fd5560	0x6fd55f0	C	14	16	
	0x6fd5ce0	0x6fd5d70	C	14	16	
	0x6fd6460	0x6fd64f0	C	14	16	
	0x6fd6be0	0x6fd6c70	C	14	16	
	0x6fd7360	0x6fd73f0	C	14	16	
	0x6fd7ae0	0x6fd7b70	C	14	16	
	0x6fd8260	0x6fd82f0	C	14	16	
	0x6fd89e0	0x6fd8a70	C	14	16	
	0x6fd9160	0x6fd91f0	C	14	16	
	0x6fd98e0	0x6fd9970	C	14	16	
N11FrameEngine5Logic33ActionTriggerConditionActorIsDeadE	0x6fd9c40	0x6fd9cd0	C	9	16	0x720a800
N11FrameEngine5Logic34ActionTriggerConditionIsSylasSkillE	0x6fd9df0	0x6fd9e80	C	9	16	0x720a800
N11FrameEngine5Logic34ActionTriggerConditionTwoActorDistE	0x6fd9fa0	0x6fda030	C	9	16	0x720a800
N11FrameEngine5Logic35ActionTriggerConditionIsShieldBlockE	0x6fda150	0x6fda1e0	C	9	16	0x720a800
N11FrameEngine5Logic30ActionTriggerConditionBuffTypeE	0x6fda300	0x6fda390	C	9	16	0x720a800
N11FrameEngine5Logic38ActionTriggerConditionHasBulletBitFlagE	0x6fda4b0	0x6fda540	C	9	16	0x720a800
N11FrameEngine5Logic32ActionTriggerConditionActorStateE	0x6fda660	0x6fda6f0	C	9	16	0x720a800
N11FrameEngine5Logic31ActionTriggerConditionSkillTypeE	0x6fda810	0x6fda8a0	C	9	16	0x720a800
N11FrameEngine5Logic37ActionTriggerConditionActorIsFakeDeadE	0x6fda9c0	0x6fdaa50	C	9	16	0x720a800
N11FrameEngine5Logic34ActionTriggerConditionIncludeAngleE	0x6fdab70	0x6fdac00	C	9	16	0x720a800
N11FrameEngine5Logic29ActionTriggerConditionSkillIdE	0x6fdad20	0x6fdadb0	C	9	16	0x720a800
N11FrameEngine5Logic46ActionTriggerConditionBattleEventTriggeredTimeE	0x6fdaed0	0x6fdaf60	C	9	16	0x720a800
N11FrameEngine5Logic35ActionTriggerConditionEmpowerAttackE	0x6fdb080	0x6fdb110	C	9	16	0x720a800
N11FrameEngine5Logic34ActionTriggerConditionTwoActorCampE	0x6fdb230	0x6fdb2c0	C	9	16	0x720a800
N11FrameEngine5Logic28ActionTriggerConditionFullHPE	0x6fdb3e0	0x6fdb470	C	9	16	0x720a800
N11FrameEngine5Logic42ActionTriggerConditionTwoActorMapDirectionE	0x6fdb590	0x6fdb620	C	9	16	0x720a800
N11FrameEngine5Logic33ActionTriggerConditionAttrCompareE	0x6fdb740	0x6fdb7d0	C	9	16	0x720a800
N11FrameEngine5Logic37ActionTriggerConditionTwoActorIsEqualE	0x6fdb8f0	0x6fdb980	C	9	16	0x720a800
N11FrameEngine5Logic28ActionTriggerConditionIsCritE	0x6fdbaa0	0x6fdbb30	C	9	16	0x720a800
N11FrameEngine5Logic30ActionTriggerConditionCheckHitE	0x6fdbc50	0x6fdbce0	C	9	16	0x720a800
N11FrameEngine5Logic31ActionTriggerConditionBuffLayerE	0x6fdbe00	0x6fdbe90	C	9	16	0x720a800
N11FrameEngine5Logic38ActionTriggerConditionSkillSlotCompareE	0x6fdbfb0	0x6fdc040	C	9	16	0x720a800
N11FrameEngine5Logic22ActionTriggerConditionE	0x6fdc0d0	0x6fdc160	C	11	16	0x720a800
N11FrameEngine5Logic30ActionTriggerConditionIsMovingE	0x6fdc280	0x6fdc310	C	9	16	0x720a800
N11FrameEngine5Logic37ActionTriggerConditionIntegrateCCBuffE	0x6fdc430	0x6fdc4c0	C	9	16	0x720a800
N11FrameEngine5Logic31ActionTriggerConditionSkillGuidE	0x6fdc5e0	0x6fdc670	C	9	16	0x720a800
N11FrameEngine5Logic34ActionTriggerConditionInSameBattleE	0x6fdc790	0x6fdc820	C	9	16	0x720a800
N11FrameEngine5Logic46ActionTriggerConditionIsSkillApplyAttackEffectE	0x6fdc940	0x6fdc9d0	C	9	16	0x720a800
N11FrameEngine5Logic39ActionTriggerConditionTwoActorDirectionE	0x6fdcaf0	0x6fdcb80	C	9	16	0x720a800
N11FrameEngine5Logic33ActionTriggerConditionWillHurtDieE	0x6fdcca0	0x6fdcd30	C	9	16	0x720a800
N11FrameEngine5Logic33ActionTriggerConditionEffectCountE	0x6fdce50	0x6fdcee0	C	9	16	0x720a800
N11FrameEngine5Logic40ActionTriggerConditionSharedFix64CompareE	0x6fdd000	0x6fdd090	C	9	16	0x720a800
N11FrameEngine5Logic27ActionTriggerConditionCountE	0x6fdd1b0	0x6fdd240	C	9	16	0x720a800
N11FrameEngine5Logic36ActionTriggerConditionIsReflectSkillE	0x6fdd360	0x6fdd3f0	C	9	16	0x720a800
N11FrameEngine5Logic36ActionTriggerConditionBuffTypeExtendE	0x6fdd510	0x6fdd5a0	C	9	16	0x720a800
N11FrameEngine5Logic32ActionTriggerConditionActorLevelE	0x6fdd6c0	0x6fdd750	C	9	16	0x720a800
N11FrameEngine5Logic33ActionTriggerConditionBulletSkillE	0x6fdd870	0x6fdd900	C	9	16	0x720a800
N11FrameEngine5Logic37ActionTriggerConditionSkillTargetTypeE	0x6fdda20	0x6fddab0	C	9	16	0x720a800
N11FrameEngine5Logic32ActionTriggerConditionMainTargetE	0x6fddbd0	0x6fddc60	C	9	16	0x720a800
N11FrameEngine5Logic33ActionTriggerConditionSkillFilterE	0x6fddd80	0x6fdde10	C	9	16	0x720a800
N11FrameEngine5Logic31ActionTriggerConditionSkillFlagE	0x6fddf30	0x6fddfc0	C	9	16	0x720a800
N11FrameEngine5Logic38ActionTriggerConditionMoveInputForwardE	0x6fde0e0	0x6fde170	C	9	16	0x720a800
N11FrameEngine5Logic30ActionTriggerConditionBoolTestE	0x6fde290	0x6fde320	C	9	16	0x720a800
N11FrameEngine5Logic29ActionTriggerConditionHasMarkE	0x6fde440	0x6fde4d0	C	9	16	0x720a800
N11FrameEngine5Logic36ActionTriggerConditionBuffMagicFieldE	0x6fde5f0	0x6fde680	C	9	16	0x720a800
N11FrameEngine5Logic34ActionTriggerConditionShareBoolVarE	0x6fde7a0	0x6fde830	C	9	16	0x720a800
N11FrameEngine5Logic33ActionTriggerConditionTomatoSkillE	0x6fde950	0x6fde9e0	C	9	16	0x720a800
N11FrameEngine5Logic32ActionTriggerConditionIsSkillAoeE	0x6fdeb00	0x6fdeb90	C	9	16	0x720a800
N11FrameEngine5Logic28ActionTriggerConditionBuffIDE	0x6fdecb0	0x6fded40	C	9	16	0x720a800
N11FrameEngine5Logic28ActionTriggerConditionFilterE	0x6fdee60	0x6fdeef0	C	9	16	0x720a800
N11FrameEngine5Logic32ActionTriggerConditionIsUSBSkillE	0x6fdf010	0x6fdf0a0	C	9	16	0x720a800
N11FrameEngine5Logic34ActionTriggerConditionSkillTagTypeE	0x6fdf1c0	0x6fdf250	C	9	16	0x720a800
N11FrameEngine5Logic40ActionTriggerConditionSharedActorIsValidE	0x6fdf370	0x6fdf400	C	9	16	0x720a800
N11FrameEngine5Logic32ActionTriggerConditionEquipLevelE	0x6fdf520	0x6fdf5b0	C	9	16	0x720a800
N11FrameEngine5Logic32ActionTriggerConditionDamageTypeE	0x6fdf6d0	0x6fdf760	C	9	16	0x720a800
N11FrameEngine5Logic35ActionTriggerConditionBraumCanBlockE	0x6fdf880	0x6fdf910	C	9	16	0x720a800
N11FrameEngine5Logic30ActionTriggerConditionIsSkillRE	0x6fdfa30	0x6fdfac0	C	9	16	0x720a800
N11FrameEngine5Logic42ActionTriggerConditionCheckSkillCreateTypeE	0x6fdfbe0	0x6fdfc70	C	9	16	0x720a800
N11FrameEngine5Logic32ActionTriggerConditionIsSkillDotE	0x6fdfd90	0x6fdfe20	C	9	16	0x720a800
N11FrameEngine5Logic32ActionTriggerConditionNotHasBuffE	0x6fdff40	0x6fdffd0	C	9	16	0x720a800
N11FrameEngine5Logic37ActionTriggerConditionHasDisguiseItemE	0x6fe00f0	0x6fe0180	C	9	16	0x720a800
N11FrameEngine5Logic28ActionTriggerCondititionTimeE	0x6fe02a0	0x6fe0330	C	9	16	0x720a800
N11FrameEngine5Logic39ActionTriggerConditionHasBuffEffectTypeE	0x6fe0450	0x6fe04e0	C	9	16	0x720a800
N11FrameEngine5Logic36ActionTriggerConditionIsContinueKillE	0x6fe0600	0x6fe0690	C	9	16	0x720a800
N11FrameEngine5Logic33ActionTriggerConditionActorAnchorE	0x6fe07b0	0x6fe0840	C	9	16	0x720a800
N11FrameEngine5Logic39ActionTriggerConditionSpecificEventTypeE	0x6fe0960	0x6fe09f0	C	9	16	0x720a800
N11FrameEngine5Logic29ActionTriggerConditionHasBuffE	0x6fe0b10	0x6fe0ba0	C	9	16	0x720a800
	0x6fe10e0	0x6fe1170	C	14	16	
	0x6fe1860	0x6fe18f0	C	14	16	
	0x6fe1fe0	0x6fe2070	C	14	16	
	0x6fe2760	0x6fe27f0	C	14	16	
	0x6fe2ee0	0x6fe2f70	C	14	16	
	0x6fe3660	0x6fe36f0	C	14	16	
	0x6fe3de0	0x6fe3e70	C	14	16	
	0x6fe4560	0x6fe45f0	C	14	16	
	0x6fe4d70	0x6fe4e00	C	14	16	
	0x6fe54f0	0x6fe5580	C	14	16	
	0x6fe5c70	0x6fe5d00	C	14	16	
	0x6fe63f0	0x6fe6480	C	14	16	
	0x6fe6b70	0x6fe6c00	C	14	16	
	0x6fe72f0	0x6fe7380	C	14	16	
	0x6fe7a70	0x6fe7b00	C	14	16	
	0x6fe81f0	0x6fe8280	C	14	16	
	0x6fe8970	0x6fe8a00	C	14	16	
	0x6fe93c0	0x6fe9450	C	14	16	
	0x6fe9ec0	0x6fe9f50	C	14	16	
	0x6fea9c0	0x6feaa50	C	14	16	
	0x6feb4c0	0x6feb550	C	14	16	
	0x6febfc0	0x6fec050	C	14	16	
	0x6fecac0	0x6fecb50	C	14	16	
	0x6fed5c0	0x6fed650	C	14	16	
	0x6fee0c0	0x6fee150	C	14	16	
	0x6feebc0	0x6feec50	C	14	16	
	0x6fef6c0	0x6fef750	C	14	16	
	0x6ff01c0	0x6ff0250	C	14	16	
	0x6ff0cc0	0x6ff0d50	C	14	16	
	0x6ff17c0	0x6ff1850	C	14	16	
	0x6ff22c0	0x6ff2350	C	14	16	
	0x6ff2dc0	0x6ff2e50	C	14	16	
	0x6ff38c0	0x6ff3950	C	14	16	
	0x6ff43c0	0x6ff4450	C	14	16	
	0x6ff4ec0	0x6ff4f50	C	14	16	
	0x6ff59c0	0x6ff5a50	C	14	16	
	0x6ff64c0	0x6ff6550	C	14	16	
	0x6ff6fc0	0x6ff7050	C	14	16	
	0x6ff7ac0	0x6ff7b50	C	14	16	
	0x6ff85c0	0x6ff8650	C	14	16	
	0x6ff90c0	0x6ff9150	C	14	16	
	0x6ff9bc0	0x6ff9c50	C	14	16	
	0x6ffa6c0	0x6ffa750	C	14	16	
	0x6ffb1c0	0x6ffb250	C	14	16	
	0x6ffbcc0	0x6ffbd50	C	14	16	
	0x6ffc7c0	0x6ffc850	C	14	16	
	0x6ffd2c0	0x6ffd350	C	14	16	
	0x6ffddc0	0x6ffde50	C	14	16	
	0x6ffe8c0	0x6ffe950	C	14	16	
	0x6fff3c0	0x6fff450	C	14	16	
	0x6fffec0	0x6ffff50	C	14	16	
	0x70009c0	0x7000a50	C	14	16	
	0x70014c0	0x7001550	C	14	16	
	0x7001fc0	0x7002050	C	14	16	
	0x7002ac0	0x7002b50	C	14	16	
	0x70035c0	0x7003650	C	14	16	
	0x70040c0	0x7004150	C	14	16	
	0x7004bc0	0x7004c50	C	14	16	
	0x70056c0	0x7005750	C	14	16	
	0x70061c0	0x7006250	C	14	16	
	0x7006cc0	0x7006d50	C	14	16	
	0x70077c0	0x7007850	C	14	16	
	0x70082c0	0x7008350	C	14	16	
	0x7008dc0	0x7008e50	C	14	16	
	0x70098c0	0x7009950	C	14	16	
	0x700a3c0	0x700a450	C	14	16	
	0x700aec0	0x700af50	C	14	16	
	0x700b9c0	0x700ba50	C	14	16	
	0x700c4c0	0x700c550	C	14	16	
	0x700cfc0	0x700d050	C	14	16	
	0x700dac0	0x700db50	C	14	16	
	0x700e5c0	0x700e650	C	14	16	
	0x700f0c0	0x700f150	C	14	16	
	0x700fbc0	0x700fc50	C	14	16	
	0x70106c0	0x7010750	C	14	16	
	0x70111c0	0x7011250	C	14	16	
	0x7011cc0	0x7011d50	C	14	16	
	0x70127c0	0x7012850	C	14	16	
	0x70132c0	0x7013350	C	14	16	
	0x7013dc0	0x7013e50	C	14	16	
	0x70148c0	0x7014950	C	14	16	
	0x70153c0	0x7015450	C	14	16	
	0x7015ec0	0x7015f50	C	14	16	
	0x70169c0	0x7016a50	C	14	16	
	0x70174c0	0x7017550	C	14	16	
	0x7017fc0	0x7018050	C	14	16	
	0x7018ac0	0x7018b50	C	14	16	
	0x70195c0	0x7019650	C	14	16	
	0x701a0c0	0x701a150	C	14	16	
	0x701abc0	0x701ac50	C	14	16	
	0x701b6c0	0x701b750	C	14	16	
	0x701c1c0	0x701c250	C	14	16	
	0x701ccc0	0x701cd50	C	14	16	
	0x701d7c0	0x701d850	C	14	16	
	0x701e2c0	0x701e350	C	14	16	
	0x701edc0	0x701ee50	C	14	16	
	0x701f8c0	0x701f950	C	14	16	
	0x70203c0	0x7020450	C	14	16	
	0x7020ec0	0x7020f50	C	14	16	
	0x70219c0	0x7021a50	C	14	16	
	0x70224c0	0x7022550	C	14	16	
	0x7022fc0	0x7023050	C	14	16	
	0x7023ac0	0x7023b50	C	14	16	
	0x70245c0	0x7024650	C	14	16	
	0x70250c0	0x7025150	C	14	16	
	0x7025bc0	0x7025c50	C	14	16	
	0x70266c0	0x7026750	C	14	16	
	0x70271c0	0x7027250	C	14	16	
	0x7027cc0	0x7027d50	C	14	16	
	0x70287c0	0x7028850	C	14	16	
	0x70292c0	0x7029350	C	14	16	
	0x7029dc0	0x7029e50	C	14	16	
	0x702a8c0	0x702a950	C	14	16	
	0x702b3c0	0x702b450	C	14	16	
	0x702bec0	0x702bf50	C	14	16	
	0x702c9c0	0x702ca50	C	14	16	
	0x702d4c0	0x702d550	C	14	16	
	0x702dfc0	0x702e050	C	14	16	
	0x702eac0	0x702eb50	C	14	16	
	0x702f5c0	0x702f650	C	14	16	
	0x70300c0	0x7030150	C	14	16	
	0x7030bc0	0x7030c50	C	14	16	
	0x70316c0	0x7031750	C	14	16	
	0x70321c0	0x7032250	C	14	16	
	0x7032cc0	0x7032d50	C	14	16	
	0x70337c0	0x7033850	C	14	16	
	0x70342c0	0x7034350	C	14	16	
	0x7034dc0	0x7034e50	C	14	16	
	0x70358c0	0x7035950	C	14	16	
	0x70363c0	0x7036450	C	14	16	
	0x7036ec0	0x7036f50	C	14	16	
	0x70379c0	0x7037a50	C	14	16	
	0x70384c0	0x7038550	C	14	16	
	0x7038fc0	0x7039050	C	14	16	
	0x7039ac0	0x7039b50	C	14	16	
	0x703a5c0	0x703a650	C	14	16	
	0x703b0c0	0x703b150	C	14	16	
	0x703bbc0	0x703bc50	C	14	16	
	0x703c6c0	0x703c750	C	14	16	
	0x703d1c0	0x703d250	C	14	16	
	0x703dcc0	0x703dd50	C	14	16	
	0x703e7c0	0x703e850	C	14	16	
	0x703f2c0	0x703f350	C	14	16	
	0x703fdc0	0x703fe50	C	14	16	
	0x70408c0	0x7040950	C	14	16	
	0x70413c0	0x7041450	C	14	16	
	0x7041ec0	0x7041f50	C	14	16	
	0x70429c0	0x7042a50	C	14	16	
	0x70434c0	0x7043550	C	14	16	
	0x7043fc0	0x7044050	C	14	16	
	0x7044ac0	0x7044b50	C	14	16	
	0x70455c0	0x7045650	C	14	16	
	0x70460c0	0x7046150	C	14	16	
	0x7046bc0	0x7046c50	C	14	16	
	0x70476c0	0x7047750	C	14	16	
	0x70481c0	0x7048250	C	14	16	
	0x7048cc0	0x7048d50	C	14	16	
	0x70497c0	0x7049850	C	14	16	
	0x704a2c0	0x704a350	C	14	16	
	0x704adc0	0x704ae50	C	14	16	
	0x704b8c0	0x704b950	C	14	16	
	0x704c3c0	0x704c450	C	14	16	
	0x704cec0	0x704cf50	C	14	16	
	0x704d9c0	0x704da50	C	14	16	
	0x704e4c0	0x704e550	C	14	16	
	0x704efc0	0x704f050	C	14	16	
	0x704fac0	0x704fb50	C	14	16	
	0x7050340	0x70503d0	C	14	16	
	0x7050d90	0x7050e20	C	14	16	
	0x7051890	0x7051920	C	14	16	
	0x7052390	0x7052420	C	14	16	
	0x7052e90	0x7052f20	C	14	16	
	0x7053990	0x7053a20	C	14	16	
	0x7054490	0x7054520	C	14	16	
	0x7054f90	0x7055020	C	14	16	
	0x7055a90	0x7055b20	C	14	16	
	0x7056590	0x7056620	C	14	16	
	0x7057090	0x7057120	C	14	16	
	0x7057b90	0x7057c20	C	14	16	
	0x7058690	0x7058720	C	14	16	
	0x7059190	0x7059220	C	14	16	
	0x7059c90	0x7059d20	C	14	16	
	0x705a790	0x705a820	C	14	16	
	0x705b290	0x705b320	C	14	16	
	0x705bac0	0x705bb50	C	14	16	
	0x705c240	0x705c2d0	C	14	16	
	0x705c9c0	0x705ca50	C	14	16	
	0x705d150	0x705d1e0	C	14	16	
	0x705d8d0	0x705d960	C	14	16	
	0x705e050	0x705e0e0	C	14	16	
	0x705e7d0	0x705e860	C	14	16	
	0x705ef50	0x705efe0	C	14	16	
	0x705f6d0	0x705f760	C	14	16	
	0x705fe50	0x705fee0	C	14	16	
	0x70605d0	0x7060660	C	14	16	
	0x7060d50	0x7060de0	C	14	16	
	0x70614d0	0x7061560	C	14	16	
	0x7061c50	0x7061ce0	C	14	16	
	0x70623d0	0x7062460	C	14	16	
	0x7062d80	0x7062e10	C	14	16	
	0x70635b0	0x7063640	C	14	16	
	0x7063d40	0x7063dd0	C	14	16	
	0x70644c0	0x7064550	C	14	16	
	0x7064c40	0x7064cd0	C	14	16	
	0x70653c0	0x7065450	C	14	16	
	0x7065b50	0x7065be0	C	14	16	
	0x70662d0	0x7066360	C	14	16	
	0x7066a50	0x7066ae0	C	14	16	
	0x70671d0	0x7067260	C	14	16	
	0x7067950	0x70679e0	C	14	16	
	0x70680d0	0x7068160	C	14	16	
	0x7068850	0x70688e0	C	14	16	
	0x7068fd0	0x7069060	C	14	16	
	0x7069750	0x70697e0	C	14	16	
	0x7069ed0	0x7069f60	C	14	16	
	0x706a650	0x706a6e0	C	14	16	
	0x706add0	0x706ae60	C	14	16	
	0x706b550	0x706b5e0	C	14	16	
	0x706bcd0	0x706bd60	C	14	16	
	0x706c450	0x706c4e0	C	14	16	
	0x706cbd0	0x706cc60	C	14	16	
	0x706d350	0x706d3e0	C	14	16	
	0x706dad0	0x706db60	C	14	16	
	0x706e250	0x706e2e0	C	14	16	
	0x706e9d0	0x706ea60	C	14	16	
	0x706f150	0x706f1e0	C	14	16	
	0x706f8d0	0x706f960	C	14	16	
	0x7070050	0x70700e0	C	14	16	
	0x70707d0	0x7070860	C	14	16	
	0x7070f50	0x7070fe0	C	14	16	
	0x70716d0	0x7071760	C	14	16	
	0x7071e50	0x7071ee0	C	14	16	
	0x70725d0	0x7072660	C	14	16	
	0x7072d50	0x7072de0	C	14	16	
	0x70734d0	0x7073560	C	14	16	
	0x7073c50	0x7073ce0	C	14	16	
	0x70743d0	0x7074460	C	14	16	
	0x7074b50	0x7074be0	C	14	16	
	0x70752d0	0x7075360	C	14	16	
	0x7075a50	0x7075ae0	C	14	16	
	0x70761d0	0x7076260	C	14	16	
	0x7076950	0x70769e0	C	14	16	
	0x70770d0	0x7077160	C	14	16	
	0x7077850	0x70778e0	C	14	16	
	0x7077fd0	0x7078060	C	14	16	
	0x7078750	0x70787e0	C	14	16	
	0x7078ed0	0x7078f60	C	14	16	
	0x7079650	0x70796e0	C	14	16	
	0x7079dd0	0x7079e60	C	14	16	
	0x707a550	0x707a5e0	C	14	16	
	0x707acd0	0x707ad60	C	14	16	
	0x707b450	0x707b4e0	C	14	16	
	0x707be40	0x707bed0	C	14	16	
	0x707c670	0x707c700	C	14	16	
	0x707cdf0	0x707ce80	C	14	16	
	0x707d570	0x707d600	C	14	16	
	0x707dcf0	0x707dd80	C	14	16	
	0x707e470	0x707e500	C	14	16	
	0x707ebf0	0x707ec80	C	14	16	
	0x707f380	0x707f410	C	14	16	
	0x707fb20	0x707fbb0	C	14	16	
	0x70802a0	0x7080330	C	14	16	
	0x7080a20	0x7080ab0	C	14	16	
	0x70811a0	0x7081230	C	14	16	
	0x7081920	0x70819b0	C	14	16	
	0x7082310	0x70823a0	C	14	16	
	0x7082db0	0x7082e40	C	14	16	
	0x7083850	0x70838e0	C	14	16	
	0x70840a0	0x7084130	C	14	16	
	0x7084a90	0x7084b20	C	14	16	
	0x7085530	0x70855c0	C	14	16	
	0x7085fd0	0x7086060	C	14	16	
	0x7086a70	0x7086b00	C	14	16	
	0x70872a0	0x7087330	C	14	16	
	0x7087a20	0x7087ab0	C	14	16	
	0x70881a0	0x7088230	C	14	16	
	0x7088920	0x70889b0	C	14	16	
	0x70890a0	0x7089130	C	14	16	
	0x7089820	0x70898b0	C	14	16	
	0x7089fa0	0x708a030	C	14	16	
	0x708a720	0x708a7b0	C	14	16	
	0x708aea0	0x708af30	C	14	16	
	0x708b620	0x708b6b0	C	14	16	
	0x708bda0	0x708be30	C	14	16	
	0x708c520	0x708c5b0	C	14	16	
	0x708cca0	0x708cd30	C	14	16	
	0x708d420	0x708d4b0	C	14	16	
	0x708dba0	0x708dc30	C	14	16	
	0x708e320	0x708e3b0	C	14	16	
	0x708eaa0	0x708eb30	C	14	16	
	0x708f220	0x708f2b0	C	14	16	
	0x708f9a0	0x708fa30	C	14	16	
	0x7090120	0x70901b0	C	14	16	
	0x70908a0	0x7090930	C	14	16	
	0x7091020	0x70910b0	C	14	16	
	0x70919d0	0x7091a60	C	14	16	
	0x7092200	0x7092290	C	14	16	
	0x7092980	0x7092a10	C	14	16	
	0x7093100	0x7093190	C	14	16	
	0x7093880	0x7093910	C	14	16	
	0x7094000	0x7094090	C	14	16	
	0x7094780	0x7094810	C	14	16	
	0x7094f00	0x7094f90	C	14	16	
	0x7095680	0x7095710	C	14	16	
	0x7095e00	0x7095e90	C	14	16	
	0x7096580	0x7096610	C	14	16	
	0x7096d00	0x7096d90	C	14	16	
	0x7097480	0x7097510	C	14	16	
	0x7097c00	0x7097c90	C	14	16	
	0x7098380	0x7098410	C	14	16	
	0x7098d30	0x7098dc0	C	14	16	
	0x7099560	0x70995f0	C	14	16	
	0x7099ce0	0x7099d70	C	14	16	
	0x709a460	0x709a4f0	C	14	16	
	0x709abe0	0x709ac70	C	14	16	
	0x709b360	0x709b3f0	C	14	16	
	0x709bae0	0x709bb70	C	14	16	
	0x709c260	0x709c2f0	C	14	16	
	0x709c9e0	0x709ca70	C	14	16	
	0x709d160	0x709d1f0	C	14	16	
	0x709d8e0	0x709d970	C	14	16	
	0x709e060	0x709e0f0	C	14	16	
	0x709e7e0	0x709e870	C	14	16	
	0x709ef60	0x709eff0	C	14	16	
	0x709f6e0	0x709f770	C	14	16	
	0x709fe60	0x709fef0	C	14	16	
	0x70a05e0	0x70a0670	C	14	16	
	0x70a0d60	0x70a0df0	C	14	16	
	0x70a14e0	0x70a1570	C	14	16	
	0x70a1c60	0x70a1cf0	C	14	16	
	0x70a23e0	0x70a2470	C	14	16	
	0x70a2b60	0x70a2bf0	C	14	16	
	0x70a32e0	0x70a3370	C	14	16	
	0x70a3a60	0x70a3af0	C	14	16	
	0x70a41e0	0x70a4270	C	14	16	
	0x70a4960	0x70a49f0	C	14	16	
	0x70a50e0	0x70a5170	C	14	16	
	0x70a5860	0x70a58f0	C	14	16	
	0x70a5fe0	0x70a6070	C	14	16	
	0x70a6760	0x70a67f0	C	14	16	
	0x70a6ee0	0x70a6f70	C	14	16	
	0x70a7660	0x70a76f0	C	14	16	
	0x70a7de0	0x70a7e70	C	14	16	
	0x70a8560	0x70a85f0	C	14	16	
	0x70a8ce0	0x70a8d70	C	14	16	
	0x70a9460	0x70a94f0	C	14	16	
	0x70a9be0	0x70a9c70	C	14	16	
	0x70aa360	0x70aa3f0	C	14	16	
	0x70aaae0	0x70aab70	C	14	16	
	0x70ab260	0x70ab2f0	C	14	16	
	0x70ab9e0	0x70aba70	C	14	16	
	0x70ac160	0x70ac1f0	C	14	16	
	0x70ac8e0	0x70ac970	C	14	16	
	0x70ad060	0x70ad0f0	C	14	16	
	0x70ad7e0	0x70ad870	C	14	16	
	0x70adf60	0x70adff0	C	14	16	
	0x70ae6e0	0x70ae770	C	14	16	
	0x70aee60	0x70aeef0	C	14	16	
	0x70af5e0	0x70af670	C	14	16	
	0x70afd60	0x70afdf0	C	14	16	
	0x70b04e0	0x70b0570	C	14	16	
	0x70b0c60	0x70b0cf0	C	14	16	
	0x70b13e0	0x70b1470	C	14	16	
	0x70b1b60	0x70b1bf0	C	14	16	
	0x70b22e0	0x70b2370	C	14	16	
	0x70b2d30	0x70b2dc0	C	14	16	
	0x70b3560	0x70b35f0	C	14	16	
	0x70b3ce0	0x70b3d70	C	14	16	
	0x70b4460	0x70b44f0	C	14	16	
	0x70b4be0	0x70b4c70	C	14	16	
	0x70b5360	0x70b53f0	C	14	16	
	0x70b5ae0	0x70b5b70	C	14	16	
	0x70b6530	0x70b65c0	C	14	16	
	0x70b6d60	0x70b6df0	C	14	16	
	0x70b74e0	0x70b7570	C	14	16	
	0x70b7c60	0x70b7cf0	C	14	16	
	0x70b83e0	0x70b8470	C	14	16	
	0x70b8b40	0x70b8bd0	C	14	16	
	0x70b92c0	0x70b9350	C	14	16	
	0x70b9a40	0x70b9ad0	C	14	16	
	0x70ba1c0	0x70ba250	C	14	16	
	0x70ba940	0x70ba9d0	C	14	16	
	0x70bb0c0	0x70bb150	C	14	16	
	0x70bb840	0x70bb8d0	C	14	16	
	0x70bbfc0	0x70bc050	C	14	16	
	0x70bc740	0x70bc7d0	C	14	16	
	0x70bcec0	0x70bcf50	C	14	16	
	0x70bd640	0x70bd6d0	C	14	16	
	0x70bddc0	0x70bde50	C	14	16	
	0x70be540	0x70be5d0	C	14	16	
	0x70becc0	0x70bed50	C	14	16	
	0x70bf440	0x70bf4d0	C	14	16	
	0x70bfbc0	0x70bfc50	C	14	16	
	0x70c0340	0x70c03d0	C	14	16	
	0x70c0ac0	0x70c0b50	C	14	16	
	0x70c1240	0x70c12d0	C	14	16	
	0x70c19c0	0x70c1a50	C	14	16	
	0x70c2140	0x70c21d0	C	14	16	
	0x70c28c0	0x70c2950	C	14	16	
	0x70c3040	0x70c30d0	C	14	16	
	0x70c37c0	0x70c3850	C	14	16	
	0x70c3f40	0x70c3fd0	C	14	16	
	0x70c46c0	0x70c4750	C	14	16	
	0x70c4e40	0x70c4ed0	C	14	16	
	0x70c55c0	0x70c5650	C	14	16	
	0x70c5d40	0x70c5dd0	C	14	16	
	0x70c64c0	0x70c6550	C	14	16	
	0x70c6c40	0x70c6cd0	C	14	16	
	0x70c73c0	0x70c7450	C	14	16	
	0x70c7b40	0x70c7bd0	C	14	16	
	0x70c82c0	0x70c8350	C	14	16	
	0x70c8a40	0x70c8ad0	C	14	16	
	0x70c91c0	0x70c9250	C	14	16	
	0x70c9940	0x70c99d0	C	14	16	
	0x70ca0c0	0x70ca150	C	14	16	
	0x70ca840	0x70ca8d0	C	14	16	
	0x70cafc0	0x70cb050	C	14	16	
	0x70cb740	0x70cb7d0	C	14	16	
	0x70cbee0	0x70cbf70	C	14	16	
	0x70cc660	0x70cc6f0	C	14	16	
	0x70ccde0	0x70cce70	C	14	16	
	0x70cd560	0x70cd5f0	C	14	16	
	0x70cdce0	0x70cdd70	C	14	16	
	0x70ce460	0x70ce4f0	C	14	16	
	0x70cebe0	0x70cec70	C	14	16	
	0x70cf360	0x70cf3f0	C	14	16	
	0x70cfae0	0x70cfb70	C	14	16	
	0x70d0260	0x70d02f0	C	14	16	
	0x70d09e0	0x70d0a70	C	14	16	
	0x70d1160	0x70d11f0	C	14	16	
	0x70d18e0	0x70d1970	C	14	16	
	0x70d2060	0x70d20f0	C	14	16	
	0x70d27e0	0x70d2870	C	14	16	
	0x70d2f60	0x70d2ff0	C	14	16	
	0x70d36e0	0x70d3770	C	14	16	
	0x70d3e60	0x70d3ef0	C	14	16	
	0x70d45e0	0x70d4670	C	14	16	
	0x70d4d60	0x70d4df0	C	14	16	
	0x70d54e0	0x70d5570	C	14	16	
	0x70d5c60	0x70d5cf0	C	14	16	
	0x70d63e0	0x70d6470	C	14	16	
	0x70d6b60	0x70d6bf0	C	14	16	
	0x70d72e0	0x70d7370	C	14	16	
	0x70d7a60	0x70d7af0	C	14	16	
	0x70d81e0	0x70d8270	C	14	16	
	0x70d8960	0x70d89f0	C	14	16	
	0x70d90e0	0x70d9170	C	14	16	
	0x70d9860	0x70d98f0	C	14	16	
	0x70d9fe0	0x70da070	C	14	16	
	0x70da760	0x70da7f0	C	14	16	
	0x70daee0	0x70daf70	C	14	16	
	0x70db660	0x70db6f0	C	14	16	
	0x70dbde0	0x70dbe70	C	14	16	
	0x70dc570	0x70dc600	C	14	16	
	0x70dccf0	0x70dcd80	C	14	16	
	0x70dd6a0	0x70dd730	C	14	16	
	0x70dded0	0x70ddf60	C	14	16	
	0x70de650	0x70de6e0	C	14	16	
	0x70dedd0	0x70dee60	C	14	16	
	0x70dfa00	0x70dfa90	C	14	16	
	0x70e0300	0x70e0390	C	14	16	
	0x70e0a90	0x70e0b20	C	14	16	
	0x70e1460	0x70e14f0	C	14	16	
	0x70e1ee0	0x70e1f70	C	14	16	
	0x70e2710	0x70e27a0	C	14	16	
	0x70e2e90	0x70e2f20	C	14	16	
	0x70e3610	0x70e36a0	C	14	16	
	0x70e3d90	0x70e3e20	C	14	16	
	0x70e4510	0x70e45a0	C	14	16	
	0x70e4c90	0x70e4d20	C	14	16	
	0x70e5410	0x70e54a0	C	14	16	
	0x70e5b90	0x70e5c20	C	14	16	
	0x70e6310	0x70e63a0	C	14	16	
	0x70e6a90	0x70e6b20	C	14	16	
	0x70e7210	0x70e72a0	C	14	16	
	0x70e7990	0x70e7a20	C	14	16	
	0x70e8110	0x70e81a0	C	14	16	
	0x70e8890	0x70e8920	C	14	16	
	0x70e9010	0x70e90a0	C	14	16	
	0x70e9790	0x70e9820	C	14	16	
	0x70e9f10	0x70e9fa0	C	14	16	
	0x70ea690	0x70ea720	C	14	16	
	0x70eae10	0x70eaea0	C	14	16	
	0x70eb590	0x70eb620	C	14	16	
	0x70ebd10	0x70ebda0	C	14	16	
	0x70ec490	0x70ec520	C	14	16	
	0x70ecc10	0x70ecca0	C	14	16	
	0x70ed390	0x70ed420	C	14	16	
	0x70edb10	0x70edba0	C	14	16	
	0x70ee290	0x70ee320	C	14	16	
	0x70eea10	0x70eeaa0	C	14	16	
	0x70ef190	0x70ef220	C	14	16	
	0x70ef910	0x70ef9a0	C	14	16	
	0x70f0090	0x70f0120	C	14	16	
	0x70f0810	0x70f08a0	C	14	16	
	0x70f0f90	0x70f1020	C	14	16	
	0x70f1710	0x70f17a0	C	14	16	
	0x70f1e90	0x70f1f20	C	14	16	
	0x70f2610	0x70f26a0	C	14	16	
	0x70f2d90	0x70f2e20	C	14	16	
	0x70f3510	0x70f35a0	C	14	16	
	0x70f3c90	0x70f3d20	C	14	16	
	0x70f4410	0x70f44a0	C	14	16	
	0x70f4b90	0x70f4c20	C	14	16	
	0x70f5310	0x70f53a0	C	14	16	
	0x70f5a90	0x70f5b20	C	14	16	
	0x70f6210	0x70f62a0	C	14	16	
	0x70f6990	0x70f6a20	C	14	16	
	0x70f7110	0x70f71a0	C	14	16	
	0x70f7890	0x70f7920	C	14	16	
	0x70f8010	0x70f80a0	C	14	16	
	0x70f8790	0x70f8820	C	14	16	
	0x70f8f10	0x70f8fa0	C	14	16	
	0x70f9690	0x70f9720	C	14	16	
	0x70f9e10	0x70f9ea0	C	14	16	
	0x70fa590	0x70fa620	C	14	16	
	0x70fad10	0x70fada0	C	14	16	
	0x70fb490	0x70fb520	C	14	16	
	0x70fbc10	0x70fbca0	C	14	16	
	0x70fc390	0x70fc420	C	14	16	
	0x70fcb10	0x70fcba0	C	14	16	
	0x70fd290	0x70fd320	C	14	16	
	0x70fda10	0x70fdaa0	C	14	16	
	0x70fe190	0x70fe220	C	14	16	
	0x70fe910	0x70fe9a0	C	14	16	
	0x70ff090	0x70ff120	C	14	16	
	0x70ff810	0x70ff8a0	C	14	16	
	0x70fff90	0x7100020	C	14	16	
	0x7100710	0x71007a0	C	14	16	
	0x7100e90	0x7100f20	C	14	16	
	0x7101610	0x71016a0	C	14	16	
	0x7101d90	0x7101e20	C	14	16	
	0x7102510	0x71025a0	C	14	16	
	0x7102c90	0x7102d20	C	14	16	
	0x7103410	0x71034a0	C	14	16	
	0x7103b90	0x7103c20	C	14	16	
	0x7104310	0x71043a0	C	14	16	
	0x7104a90	0x7104b20	C	14	16	
	0x7105210	0x71052a0	C	14	16	
	0x7105990	0x7105a20	C	14	16	
	0x7106110	0x71061a0	C	14	16	
	0x7106890	0x7106920	C	14	16	
	0x7107010	0x71070a0	C	14	16	
	0x7107790	0x7107820	C	14	16	
	0x7107f10	0x7107fa0	C	14	16	
	0x7108690	0x7108720	C	14	16	
	0x7108e20	0x7108eb0	C	14	16	
	0x71095a0	0x7109630	C	14	16	
	0x7109d20	0x7109db0	C	14	16	
	0x710a4a0	0x710a530	C	14	16	
	0x710ac20	0x710acb0	C	14	16	
	0x710b3a0	0x710b430	C	14	16	
	0x710bb20	0x710bbb0	C	14	16	
	0x710c2a0	0x710c330	C	14	16	
	0x710ca20	0x710cab0	C	14	16	
	0x710d1a0	0x710d230	C	14	16	
	0x710d920	0x710d9b0	C	14	16	
	0x710e0a0	0x710e130	C	14	16	
	0x710e820	0x710e8b0	C	14	16	
	0x710f1f0	0x710f280	C	14	16	
	0x710fa20	0x710fab0	C	14	16	
	0x71101a0	0x7110230	C	14	16	
	0x7110920	0x71109b0	C	14	16	
	0x71110b0	0x7111140	C	14	16	
	0x7111830	0x71118c0	C	14	16	
	0x7111fb0	0x7112040	C	14	16	
	0x7112730	0x71127c0	C	14	16	
	0x7112eb0	0x7112f40	C	14	16	
	0x7113630	0x71136c0	C	14	16	
	0x7113db0	0x7113e40	C	14	16	
	0x7114530	0x71145c0	C	14	16	
	0x7114cb0	0x7114d40	C	14	16	
	0x7115430	0x71154c0	C	14	16	
	0x7115bb0	0x7115c40	C	14	16	
	0x7116330	0x71163c0	C	14	16	
	0x7116ab0	0x7116b40	C	14	16	
	0x7117230	0x71172c0	C	14	16	
	0x71179b0	0x7117a40	C	14	16	
	0x7118130	0x71181c0	C	14	16	
	0x71188b0	0x7118940	C	14	16	
	0x7119030	0x71190c0	C	14	16	
	0x71197b0	0x7119840	C	14	16	
	0x7119f40	0x7119fd0	C	14	16	
N11FrameEngine5Logic21ActorConditionHasBuffE	0x711a2a0	0x711a330	C	10	16	0x720a800
N11FrameEngine5Logic23ActorConditionResIDListE	0x711a450	0x711a4e0	C	10	16	0x720a800
N11FrameEngine5Logic21ActorConditionIsActorE	0x711a600	0x711a690	C	10	16	0x720a800
N11FrameEngine5Logic27ActorConditionDistanceActorE	0x711a7b0	0x711a840	C	10	16	0x720a800
N11FrameEngine5Logic22ActorConditionHasSkillE	0x711a960	0x711a9f0	C	10	16	0x720a800
N11FrameEngine5Logic23ActorConditionBurstSeamE	0x711ab10	0x711aba0	C	10	16	0x720a800
N11FrameEngine5Logic14ActorConditionE	0x711ac30	0x711acc0	C	12	16	0x720a800
N11FrameEngine5Logic25ActorConditionInActorListE	0x711ade0	0x711ae70	C	10	16	0x720a800
N11FrameEngine5Logic21ActorConditionHasMarkE	0x711af90	0x711b020	C	10	16	0x720a800
N11FrameEngine5Logic28ActorConditionIndependentFowE	0x711b140	0x711b1d0	C	10	16	0x720a800
N11FrameEngine5Logic25ActorConditionHasBuffTypeE	0x711b2f0	0x711b380	C	10	16	0x720a800
N11FrameEngine5Logic25ActorConditionSkillFilterE	0x711b4a0	0x711b530	C	10	16	0x720a800
N11FrameEngine5Logic21ActorConditionIsAliveE	0x711b650	0x711b6e0	C	10	16	0x720a800
N11FrameEngine5Logic22ActorConditionHasBlockE	0x711b800	0x711b890	C	10	16	0x720a800
N11FrameEngine5Logic19ActorConditionResIDE	0x711b9b0	0x711ba40	C	10	16	0x720a800
N11FrameEngine5Logic37ActorConditionExcludeBulletHitedActorE	0x711bb60	0x711bbf0	C	10	16	0x720a800
N11FrameEngine5Logic21ActorConditionLaneTagE	0x711bd10	0x711bda0	C	10	16	0x720a800
N11FrameEngine5Logic26ActorConditionInSkillRangeE	0x711bec0	0x711bf50	C	10	16	0x720a800
N11FrameEngine5Logic24ActorConditionIsAttachedE	0x711c070	0x711c100	C	10	16	0x720a800
	0x711c640	0x711c6d0	C	14	16	
	0x711cdc0	0x711ce50	C	14	16	
	0x711d540	0x711d5d0	C	14	16	
	0x711dcc0	0x711dd50	C	14	16	
	0x711e440	0x711e4d0	C	14	16	
	0x711ebc0	0x711ec50	C	14	16	
	0x711f340	0x711f3d0	C	14	16	
	0x711fac0	0x711fb50	C	14	16	
	0x7120240	0x71202d0	C	14	16	
	0x71209c0	0x7120a50	C	14	16	
	0x7121140	0x71211d0	C	14	16	
	0x71218c0	0x7121950	C	14	16	
	0x7122040	0x71220d0	C	14	16	
	0x7122850	0x71228e0	C	14	16	
	0x7122fd0	0x7123060	C	14	16	
	0x7123750	0x71237e0	C	14	16	
	0x7123ed0	0x7123f60	C	14	16	
	0x7124650	0x71246e0	C	14	16	
	0x7124dd0	0x7124e60	C	14	16	
	0x7125550	0x71255e0	C	14	16	
	0x7125cd0	0x7125d60	C	14	16	
	0x7126450	0x71264e0	C	14	16	
	0x7126bd0	0x7126c60	C	14	16	
	0x7127350	0x71273e0	C	14	16	
	0x7127ad0	0x7127b60	C	14	16	
	0x7128250	0x71282e0	C	14	16	
	0x71289d0	0x7128a60	C	14	16	
	0x7129150	0x71291e0	C	14	16	
	0x71298d0	0x7129960	C	14	16	
	0x712a050	0x712a0e0	C	14	16	
	0x712a7d0	0x712a860	C	14	16	
	0x712af50	0x712afe0	C	14	16	
	0x712b6d0	0x712b760	C	14	16	
	0x712be50	0x712bee0	C	14	16	
	0x712c5d0	0x712c660	C	14	16	
	0x712cd50	0x712cde0	C	14	16	
	0x712d4d0	0x712d560	C	14	16	
	0x712dc50	0x712dce0	C	14	16	
	0x712e3d0	0x712e460	C	14	16	
	0x712eb50	0x712ebe0	C	14	16	
	0x712f2d0	0x712f360	C	14	16	
	0x712fa50	0x712fae0	C	14	16	
	0x71301d0	0x7130260	C	14	16	
	0x7130950	0x71309e0	C	14	16	
	0x71310d0	0x7131160	C	14	16	
	0x7131850	0x71318e0	C	14	16	
N11FrameEngine5Logic16ActorSortIsActorE	0x7131bb0	0x7131c40	C	10	16	0x720a800
N11FrameEngine5Logic21ActorSortLowHpPercentE	0x7131d60	0x7131df0	C	10	16	0x720a800
N11FrameEngine5Logic31ActorSortProjectionNearDistanceE	0x7131f10	0x7131fa0	C	10	16	0x720a800
N11FrameEngine5Logic16ActorSortHasBuffE	0x71320c0	0x7132150	C	10	16	0x720a800
N11FrameEngine5Logic21ActorSortLowBuffLayerE	0x7132270	0x7132300	C	10	16	0x720a800
N11FrameEngine5Logic18ActorSortTimeFirstE	0x7132420	0x71324b0	C	10	16	0x720a800
N11FrameEngine5Logic18ActorSortHeroFirstE	0x71325d0	0x7132660	C	10	16	0x720a800
N11FrameEngine5Logic20ActorListSortHandlerE	0x71326f8	0x7132770	A	7	11	0x720a800
N11FrameEngine5Logic21ActorSortNearestActorE	0x7132890	0x7132920	C	10	16	0x720a800
N11FrameEngine5Logic28ActorSortNearestBulletTargetE	0x7132a40	0x7132ad0	C	10	16	0x720a800
N11FrameEngine5Logic15ActorSortHighADE	0x7132bf0	0x7132c80	C	10	16	0x720a800
N11FrameEngine5Logic14ActorSortLowHpE	0x7132da0	0x7132e30	C	10	16	0x720a800
N11FrameEngine5Logic21ActorSortNearDistanceE	0x7132f50	0x7132fe0	C	10	16	0x720a800
N11FrameEngine5Logic13ActorSortBaseE	0x7133070	0x7133100	C	12	16	0x720a800
	0x7133640	0x71336d0	C	14	16	
	0x7133dc0	0x7133e50	C	14	16	
	0x7134540	0x71345d0	C	14	16	
	0x7134cc0	0x7134d50	C	14	16	
	0x7135440	0x71354d0	C	14	16	
	0x7135bc0	0x7135c50	C	14	16	
	0x7136460	0x71364f0	C	14	16	
	0x7136be0	0x7136c70	C	14	16	
	0x7137360	0x71373f0	C	14	16	
	0x7137ae0	0x7137b70	C	14	16	
	0x7138260	0x71382f0	C	14	16	
	0x71389e0	0x7138a70	C	14	16	
	0x7139160	0x71391f0	C	14	16	
	0x71398e0	0x7139970	C	14	16	
	0x713a060	0x713a0f0	C	14	16	
	0x713a7e0	0x713a870	C	14	16	
	0x713af60	0x713aff0	C	14	16	
	0x713b6e0	0x713b770	C	14	16	
	0x713be60	0x713bef0	C	14	16	
	0x713c5e0	0x713c670	C	14	16	
	0x713cd60	0x713cdf0	C	14	16	
	0x713d4e0	0x713d570	C	14	16	
	0x713dc60	0x713dcf0	C	14	16	
	0x713e470	0x713e500	C	14	16	
	0x713ebf0	0x713ec80	C	14	16	
	0x713f370	0x713f400	C	14	16	
	0x713faf0	0x713fb80	C	14	16	
	0x7140270	0x7140300	C	14	16	
	0x71409f0	0x7140a80	C	14	16	
	0x7141170	0x7141200	C	14	16	
	0x71418f0	0x7141980	C	14	16	
	0x7142070	0x7142100	C	14	16	
	0x71427f0	0x7142880	C	14	16	
	0x7142f70	0x7143000	C	14	16	
	0x71436f0	0x7143780	C	14	16	
	0x7143e70	0x7143f00	C	14	16	
	0x71445f0	0x7144680	C	14	16	
	0x7144d70	0x7144e00	C	14	16	
	0x71454f0	0x7145580	C	14	16	
	0x7145c70	0x7145d00	C	14	16	
	0x71463f0	0x7146480	C	14	16	
	0x7146b70	0x7146c00	C	14	16	
	0x71472f0	0x7147380	C	14	16	
	0x7147a70	0x7147b00	C	14	16	
	0x71481f0	0x7148280	C	14	16	
	0x7148970	0x7148a00	C	14	16	
	0x71490f0	0x7149180	C	14	16	
	0x7149870	0x7149900	C	14	16	
	0x7149ff0	0x714a080	C	14	16	
	0x714a9d0	0x714aa60	C	14	16	
	0x714b460	0x714b4f0	C	14	16	
	0x714bef0	0x714bf80	C	14	16	
	0x714c980	0x714ca10	C	14	16	
	0x714d410	0x714d4a0	C	14	16	
	0x714dea0	0x714df30	C	14	16	
	0x714eb90	0x714ec20	C	14	16	
	0x714f760	0x714f7f0	C	14	16	
	0x714ff90	0x7150020	C	14	16	
	0x7150710	0x71507a0	C	14	16	
	0x7151160	0x71511f0	C	14	16	
	0x71518c0	0x7151950	C	14	16	
	0x7151dd0	0x7151e60	C	13	16	
	0x7152240	0x71522d0	C	13	16	
N11FrameEngine5Logic19FilterMethodHasBuffE	0x7152500	0x7152590	C	9	16	0x720a800
	0x7152a00	0x7152a90	C	14	16	
	0x7153380	0x7153410	C	14	16	
	0x7153920	0x71539b0	C	14	16	
N11FrameEngine5Logic11SkillGemVarE	0x7153bf0	0x7153c80	C	15	16	
N11FrameEngine5Logic33SkillGemVarParamFormulaSingleDataE	0x7153cd8	0x7153d68	F	7	13	0x720a890
	0x7154250	0x71542e0	C	14	16	
	0x71549d0	0x7154a60	C	14	16	
N11FrameEngine5Logic22BattleTaskKillDistanceE	0x7154de0	0x7154e70	C	10	16	0x720a800
N11FrameEngine5Logic32ActionTriggerGemBindingSkillSlotE	0x7154f90	0x7155020	C	9	16	0x720a800
	0x7155560	0x71555f0	C	14	16	
N11FrameEngine5Logic31FlowActionSetBulletTrackAngularE	0x71558d0	0x7155960	C	15	16	
N11FrameEngine5Logic13SkillHurtInfoE	0x71559b8	0x7155a48	F	7	13	0x720a890
N11FrameEngine5Logic13SkillHurtInfoE	0x7155b10	0x7155ba0	C	15	16	
N11FrameEngine5Logic20ActorWayPointsMgrLgcE	0x7155bf8	0x7155c88	F	7	13	0x720a890
	0x71563a0	0x7156430	C	16	16	
	0x7156fd0	0x7157060	C	16	16	
	0x7157b70	0x7157c00	C	16	16	
	0x7158840	0x71588d0	C	16	16	
	0x7159120	0x71591b0	C	16	16	
	0x7159bb0	0x7159c40	C	16	16	
	0x715a4f0	0x715a580	C	16	16	
	0x715afd0	0x715b060	C	16	16	
	0x715bc90	0x715bd20	C	16	16	
	0x715c960	0x715c9f0	C	16	16	
	0x715d4a0	0x715d530	C	16	16	
	0x715df70	0x715e000	C	16	16	
	0x715eb00	0x715eb90	C	16	16	
	0x715f420	0x715f4b0	C	16	16	
	0x715ff40	0x715ffd0	C	16	16	
	0x71609b0	0x7160a40	C	16	16	
	0x7161300	0x7161390	C	16	16	
	0x7161e90	0x7161f20	C	16	16	
	0x7162920	0x71629b0	C	16	16	
	0x7163440	0x71634d0	C	16	16	
	0x71640a0	0x7164130	C	16	16	
	0x7164bc0	0x7164c50	C	16	16	
	0x71656c0	0x7165750	C	16	16	
	0x71660b0	0x7166140	C	16	16	
	0x7166ab0	0x7166b40	C	16	16	
	0x7167570	0x7167600	C	16	16	
	0x7168070	0x7168100	C	16	16	
	0x7168be0	0x7168c70	C	16	16	
	0x7169710	0x71697a0	C	16	16	
	0x7169ce0	0x7169d70	C	13	16	
N11FrameEngine5Logic23ActorConditionBuffLayerE	0x7169fa0	0x716a030	C	10	16	0x720a800
	0x716a840	0x716a8d0	C	14	16	
	0x716b340	0x716b3d0	C	14	16	
	0x716bdc0	0x716be50	C	14	16	
N11FrameEngine5Logic35ParallelFlowEvaluatorCherryIsFinishE	0x716c1d0	0x716c260	C	9	16	0x720a800
N11FrameEngine5Logic32ParallelFlowEvaluatorTeamCompareE	0x716c380	0x716c410	C	9	16	0x720a800
N11FrameEngine5Logic39ParallelFlowEvaluatorMatchBattleIdCheckE	0x716c530	0x716c5c0	C	9	16	0x720a800
N11FrameEngine5Logic32ParallelFlowEvaluatorBuffCheckIDE	0x716c6e0	0x716c770	C	9	16	0x720a800
N11FrameEngine5Logic34ParallelFlowEvaluatorAnchorSpwanIDE	0x716c890	0x716c920	C	9	16	0x720a800
N11FrameEngine5Logic34ParallelFlowEvaluatorEnumTypeCheckE	0x716ca40	0x716cad0	C	9	16	0x720a800
N11FrameEngine5Logic31ParallelFlowEvaluatorBattleTimeE	0x716cc70	0x716cd00	C	9	16	0x720a800
N11FrameEngine5Logic33ParallelFlowEvaluatorFix64CompareE	0x716cea0	0x716cf30	C	9	16	0x720a800
N11FrameEngine5Logic30ParallelFlowEvaluatorActorTypeE	0x716d050	0x716d0e0	C	9	16	0x720a800
N11FrameEngine5Logic30ParallelFlowEvaluatorSkillFlagE	0x716d200	0x716d290	C	9	16	0x720a800
N11FrameEngine5Logic28ParallelFlowEvaluatorSkillIDE	0x716d3b0	0x716d440	C	9	16	0x720a800
N11FrameEngine5Logic36ParallelFlowEvaluatorSkillMainTargetE	0x716d560	0x716d5f0	C	9	16	0x720a800
N11FrameEngine5Logic37ParallelFlowEvaluatorSkillReadyInTeamE	0x716d710	0x716d7a0	C	9	16	0x720a800
N11FrameEngine5Logic30ParallelFlowEvaluatorSkillSlotE	0x716d8c0	0x716d950	C	9	16	0x720a800
	0x716dc50	0x716dce0	C	9	16	
	0x716e060	0x716e0f0	C	9	16	
N11FrameEngine5Logic32ParallelFlowEvaluatorIsNodeStateE	0x716e290	0x716e320	C	9	16	0x720a800
N11FrameEngine5Logic32ParallelFlowEvaluatorActorAnchorE	0x716e440	0x716e4d0	C	9	16	0x720a800
N11FrameEngine5Logic43ParallelFlowEvaluatorCherryTeamIsSettlementE	0x716e5f0	0x716e680	C	9	16	0x720a800
N11FrameEngine5Logic33ParallelFlowEvaluatorActorInGrassE	0x716e7a0	0x716e830	C	9	16	0x720a800
	0x716eb30	0x716ebc0	C	9	16	
	0x716ef40	0x716efd0	C	9	16	
	0x716f350	0x716f3e0	C	9	16	
	0x716f760	0x716f7f0	C	9	16	
N11FrameEngine5Logic35ParallelFlowEvaluatorSkillTypeCheckE	0x716f990	0x716fa20	C	9	16	0x720a800
	0x716fd20	0x716fdb0	C	9	16	
N11FrameEngine5Logic40ParallelFlowEvaluatorCherryFightIsFinishE	0x716ff50	0x716ffe0	C	9	16	0x720a800
N11FrameEngine5Logic25ParallelFlowEvaluatorBoolE	0x7170100	0x7170190	C	9	16	0x720a800
N11FrameEngine5Logic34ParallelFlowEvaluatorSkillCastTypeE	0x71702b0	0x7170340	C	9	16	0x720a800
N11FrameEngine5Logic34ParallelFlowEvaluatorActorIsZombieE	0x7170460	0x71704f0	C	9	16	0x720a800
N11FrameEngine5Logic33ParallelFlowEvaluatorInt32CompareE	0x7170690	0x7170720	C	9	16	0x720a800
	0x7170a20	0x7170ab0	C	9	16	
N11FrameEngine5Logic33ParallelFlowEvaluatorBuffTypeTestE	0x7170c50	0x7170ce0	C	9	16	0x720a800
	0x7170fe0	0x7171070	C	9	16	
N11FrameEngine5Logic37ParallelFlowEvaluatorIsOpenGrayToogleE	0x7171210	0x71712a0	C	9	16	0x720a800
	0x71715a0	0x7171630	C	9	16	
N11FrameEngine5Logic46ParallelFlowEvaluatorCherrySelectRoundIsFinishE	0x71717d0	0x7171860	C	9	16	0x720a800
N11FrameEngine5Logic37ParallelFlowEvaluatorActorCompareAttrE	0x7171980	0x7171a10	C	9	16	0x720a800
N11FrameEngine5Logic36ParallelFlowEvaluatorGamePlayIdCheckE	0x7171b30	0x7171bc0	C	9	16	0x720a800
	0x7171ec0	0x7171f50	C	9	16	
	0x71722d0	0x7172360	C	9	16	
N11FrameEngine5Logic28ParallelFlowEvaluatorCompareE	0x7172500	0x7172590	C	9	16	0x720a800
	0x7172850	0x71728e0	C	9	16	
N11FrameEngine5Logic36ParallelFlowEvaluatorTwoActorIsEqualE	0x7172a70	0x7172b00	C	9	16	0x720a800
	0x7172dc0	0x7172e50	C	9	16	
N11FrameEngine5Logic41ParallelFlowEvaluatorCherryRoundTypeCheckE	0x7172fe0	0x7173070	C	9	16	0x720a800
	0x7173ad0	0x7173b60	C	16	16	
N11FrameEngine5Logic20IVariableInfoPointInE	0x71741e0	0x7174270	C	16	16	
N11FrameEngine5Logic18FlowVariableDomainE	0x71742c8	0x7174358	F	7	13	0x720a890
	0x7174580	0x7174610	C	16	16	
	0x71748d0	0x7174960	C	16	16	
	0x7174c20	0x7174cb0	C	16	16	
	0x7174f70	0x7175000	C	16	16	
	0x71752c0	0x7175350	C	16	16	
	0x7175610	0x71756a0	C	16	16	
	0x7175960	0x71759f0	C	16	16	
	0x7175cb0	0x7175d40	C	16	16	
	0x7176000	0x7176090	C	16	16	
	0x7176350	0x71763e0	C	16	16	
	0x71766a0	0x7176730	C	16	16	
	0x71769f0	0x7176a80	C	16	16	
	0x7176d40	0x7176dd0	C	16	16	
	0x7177090	0x7177120	C	16	16	
	0x71773e0	0x7177470	C	16	16	
	0x7177730	0x71777c0	C	16	16	
	0x7177a80	0x7177b10	C	16	16	
	0x7177ef0	0x7177f80	C	16	16	
	0x7178360	0x71783f0	C	16	16	
	0x71787d0	0x7178860	C	16	16	
	0x7178c40	0x7178cd0	C	16	16	
	0x71790b0	0x7179140	C	16	16	
	0x7179520	0x71795b0	C	16	16	
	0x7179990	0x7179a20	C	16	16	
	0x7179e00	0x7179e90	C	16	16	
	0x717a270	0x717a300	C	16	16	
	0x717a6e0	0x717a770	C	16	16	
	0x717ab50	0x717abe0	C	16	16	
	0x717afc0	0x717b050	C	16	16	
	0x717b430	0x717b4c0	C	16	16	
	0x717b8a0	0x717b930	C	16	16	
	0x717bd10	0x717bda0	C	16	16	
	0x717c180	0x717c210	C	16	16	
	0x717c5f0	0x717c680	C	16	16	
	0x717ca60	0x717caf0	C	16	16	
	0x717ced0	0x717cf60	C	16	16	
	0x717d340	0x717d3d0	C	16	16	
	0x717d7b0	0x717d840	C	16	16	
	0x717dc20	0x717dcb0	C	16	16	
	0x717e090	0x717e120	C	16	16	
	0x717e500	0x717e590	C	16	16	
	0x717e970	0x717ea00	C	16	16	
	0x717ede0	0x717ee70	C	16	16	
	0x717f250	0x717f2e0	C	16	16	
	0x717f6c0	0x717f750	C	16	16	
	0x717fb30	0x717fbc0	C	16	16	
	0x717ffa0	0x7180030	C	16	16	
	0x7180410	0x71804a0	C	16	16	
	0x7180880	0x7180910	C	16	16	
	0x7180cf0	0x7180d80	C	16	16	
	0x7181160	0x71811f0	C	16	16	
	0x71815d0	0x7181660	C	16	16	
	0x7181a40	0x7181ad0	C	16	16	
	0x7181eb0	0x7181f40	C	16	16	
	0x7182200	0x7182290	C	16	16	
	0x7182550	0x71825e0	C	16	16	
	0x71828a0	0x7182930	C	16	16	
	0x7182d10	0x7182da0	C	16	16	
	0x7183060	0x71830f0	C	16	16	
	0x71833b0	0x7183440	C	16	16	
	0x7183700	0x7183790	C	16	16	
	0x7183a50	0x7183ae0	C	16	16	
	0x7183da0	0x7183e30	C	16	16	
	0x71840f0	0x7184180	C	16	16	
	0x7184440	0x71844d0	C	16	16	
	0x7184790	0x7184820	C	16	16	
	0x7184ae0	0x7184b70	C	16	16	
	0x7184e30	0x7184ec0	C	16	16	
	0x7185180	0x7185210	C	16	16	
	0x71854d0	0x7185560	C	16	16	
	0x7185820	0x71858b0	C	16	16	
	0x7185b70	0x7185c00	C	16	16	
	0x7185ec0	0x7185f50	C	16	16	
	0x7186210	0x71862a0	C	16	16	
	0x7186560	0x71865f0	C	16	16	
	0x71868b0	0x7186940	C	16	16	
	0x7186c00	0x7186c90	C	16	16	
	0x7186f50	0x7186fe0	C	16	16	
	0x71872a0	0x7187330	C	16	16	
	0x71875f0	0x7187680	C	16	16	
	0x7187940	0x71879d0	C	16	16	
	0x7187c90	0x7187d20	C	16	16	
	0x7187fe0	0x7188070	C	16	16	
	0x7188330	0x71883c0	C	16	16	
	0x7188680	0x7188710	C	16	16	
	0x71889d0	0x7188a60	C	16	16	
	0x7188d20	0x7188db0	C	16	16	
	0x7189070	0x7189100	C	16	16	
	0x71893c0	0x7189450	C	16	16	
	0x7189710	0x71897a0	C	16	16	
	0x7189ba0	0x7189c30	C	16	16	
	0x7189ef0	0x7189f80	C	16	16	
	0x718a240	0x718a2d0	C	16	16	
	0x718a590	0x718a620	C	16	16	
	0x718a8e0	0x718a970	C	16	16	
	0x718ac30	0x718acc0	C	16	16	
	0x718af80	0x718b010	C	16	16	
	0x718b2d0	0x718b360	C	16	16	
	0x718b620	0x718b6b0	C	16	16	
	0x718b970	0x718ba00	C	16	16	
	0x718bcc0	0x718bd50	C	16	16	
	0x718c020	0x718c0b0	C	16	16	
	0x718c4b0	0x718c540	C	16	16	
	0x718c800	0x718c890	C	16	16	
	0x718cb50	0x718cbe0	C	16	16	
	0x718cea0	0x718cf30	C	16	16	
	0x718d1f0	0x718d280	C	16	16	
	0x718d540	0x718d5d0	C	16	16	
	0x718d890	0x718d920	C	16	16	
	0x718dbe0	0x718dc70	C	16	16	
	0x718df30	0x718dfc0	C	16	16	
	0x718e280	0x718e310	C	16	16	
	0x718e5d0	0x718e660	C	16	16	
	0x718e920	0x718e9b0	C	16	16	
	0x718ec70	0x718ed00	C	16	16	
	0x718efc0	0x718f050	C	16	16	
	0x718f310	0x718f3a0	C	16	16	
	0x718f660	0x718f6f0	C	16	16	
	0x718f9b0	0x718fa40	C	16	16	
	0x718fd10	0x718fda0	C	16	16	
	0x7190060	0x71900f0	C	16	16	
	0x71903b0	0x7190440	C	16	16	
	0x7190700	0x7190790	C	16	16	
	0x7190a50	0x7190ae0	C	16	16	
	0x7190da0	0x7190e30	C	16	16	
	0x71910f0	0x7191180	C	16	16	
	0x7191440	0x71914d0	C	16	16	
	0x7191790	0x7191820	C	16	16	
	0x7191ae0	0x7191b70	C	16	16	
	0x7191e30	0x7191ec0	C	16	16	
	0x7192180	0x7192210	C	16	16	
	0x71924d0	0x7192560	C	16	16	
	0x7192830	0x71928c0	C	16	16	
	0x7192b80	0x7192c10	C	16	16	
	0x7192ed0	0x7192f60	C	16	16	
	0x7193220	0x71932b0	C	16	16	
	0x7193570	0x7193600	C	16	16	
	0x71938c0	0x7193950	C	16	16	
	0x7193c10	0x7193ca0	C	16	16	
	0x7193f60	0x7193ff0	C	16	16	
	0x71942b0	0x7194340	C	16	16	
	0x7194600	0x7194690	C	16	16	
	0x7194950	0x71949e0	C	16	16	
	0x7194ca0	0x7194d30	C	16	16	
	0x7194ff0	0x7195080	C	16	16	
	0x7195340	0x71953d0	C	16	16	
	0x7195690	0x7195720	C	16	16	
	0x71959e0	0x7195a70	C	16	16	
	0x7195d30	0x7195dc0	C	16	16	
	0x7196080	0x7196110	C	16	16	
	0x71963d0	0x7196460	C	16	16	
	0x7196720	0x71967b0	C	16	16	
	0x7196a70	0x7196b00	C	16	16	
	0x7196dc0	0x7196e50	C	16	16	
	0x7197110	0x71971a0	C	16	16	
	0x7197460	0x71974f0	C	16	16	
	0x71977b0	0x7197840	C	16	16	
	0x7197b00	0x7197b90	C	16	16	
	0x7197e50	0x7197ee0	C	16	16	
	0x71981a0	0x7198230	C	16	16	
	0x71984f0	0x7198580	C	16	16	
	0x7198840	0x71988d0	C	16	16	
	0x7198b90	0x7198c20	C	16	16	
	0x7198ee0	0x7198f70	C	16	16	
	0x7199230	0x71992c0	C	16	16	
	0x7199580	0x7199610	C	16	16	
	0x71998d0	0x7199960	C	16	16	
	0x7199c20	0x7199cb0	C	16	16	
	0x7199f70	0x719a000	C	16	16	
	0x719a2c0	0x719a350	C	16	16	
	0x719a730	0x719a7c0	C	16	16	
	0x719aa80	0x719ab10	C	16	16	
	0x719add0	0x719ae60	C	16	16	
	0x719b120	0x719b1b0	C	16	16	
	0x719b470	0x719b500	C	16	16	
	0x719b7c0	0x719b850	C	16	16	
	0x719bb10	0x719bba0	C	16	16	
	0x719be60	0x719bef0	C	16	16	
	0x719c1b0	0x719c240	C	16	16	
	0x719c500	0x719c590	C	16	16	
	0x719c850	0x719c8e0	C	16	16	
	0x719cba0	0x719cc30	C	16	16	
	0x719cef0	0x719cf80	C	16	16	
	0x719d240	0x719d2d0	C	16	16	
	0x719d590	0x719d620	C	16	16	
	0x719d8e0	0x719d970	C	16	16	
	0x719dc30	0x719dcc0	C	16	16	
	0x719df80	0x719e010	C	16	16	
	0x719e2d0	0x719e360	C	16	16	
	0x719e620	0x719e6b0	C	16	16	
	0x719e970	0x719ea00	C	16	16	
	0x719ecc0	0x719ed50	C	16	16	
	0x719f010	0x719f0a0	C	16	16	
	0x719f360	0x719f3f0	C	16	16	
	0x719f6b0	0x719f740	C	16	16	
	0x719fa00	0x719fa90	C	16	16	
	0x719fd50	0x719fde0	C	16	16	
	0x71a00a0	0x71a0130	C	16	16	
	0x71a03f0	0x71a0480	C	16	16	
	0x71a0740	0x71a07d0	C	16	16	
	0x71a0a90	0x71a0b20	C	16	16	
	0x71a0de0	0x71a0e70	C	16	16	
	0x71a1140	0x71a11d0	C	16	16	
	0x71a1490	0x71a1520	C	16	16	
	0x71a17e0	0x71a1870	C	16	16	
	0x71a1b30	0x71a1bc0	C	16	16	
	0x71a1e80	0x71a1f10	C	16	16	
	0x71a2310	0x71a23a0	C	16	16	
	0x71a2660	0x71a26f0	C	16	16	
	0x71a29b0	0x71a2a40	C	16	16	
	0x71a2d00	0x71a2d90	C	16	16	
	0x71a3050	0x71a30e0	C	16	16	
	0x71a33a0	0x71a3430	C	16	16	
	0x71a36f0	0x71a3780	C	16	16	
	0x71a3a40	0x71a3ad0	C	16	16	
	0x71a3d90	0x71a3e20	C	16	16	
	0x71a40e0	0x71a4170	C	16	16	
	0x71a4430	0x71a44c0	C	16	16	
	0x71a4780	0x71a4810	C	16	16	
	0x71a4ad0	0x71a4b60	C	16	16	
	0x71a4e20	0x71a4eb0	C	16	16	
	0x71a5170	0x71a5200	C	16	16	
	0x71a54c0	0x71a5550	C	16	16	
	0x71a5810	0x71a58a0	C	16	16	
	0x71a5b60	0x71a5bf0	C	16	16	
	0x71a5eb0	0x71a5f40	C	16	16	
	0x71a6200	0x71a6290	C	16	16	
	0x71a6550	0x71a65e0	C	16	16	
	0x71a68a0	0x71a6930	C	16	16	
	0x71a6bf0	0x71a6c80	C	16	16	
	0x71a6f40	0x71a6fd0	C	16	16	
	0x71a7290	0x71a7320	C	16	16	
	0x71a75e0	0x71a7670	C	16	16	
	0x71a7930	0x71a79c0	C	16	16	
	0x71a7c80	0x71a7d10	C	16	16	
	0x71a8110	0x71a81a0	C	16	16	
	0x71a8460	0x71a84f0	C	16	16	
	0x71a87b0	0x71a8840	C	16	16	
	0x71a8b00	0x71a8b90	C	16	16	
	0x71a8e50	0x71a8ee0	C	16	16	
	0x71a92c0	0x71a9350	C	16	16	
	0x71a9610	0x71a96a0	C	16	16	
	0x71a9960	0x71a99f0	C	16	16	
	0x71a9cb0	0x71a9d40	C	16	16	
	0x71aa120	0x71aa1b0	C	16	16	
	0x71aa470	0x71aa500	C	16	16	
	0x71aa7c0	0x71aa850	C	16	16	
	0x71aab10	0x71aaba0	C	16	16	
	0x71aae60	0x71aaef0	C	16	16	
	0x71ab1b0	0x71ab240	C	16	16	
	0x71ab500	0x71ab590	C	16	16	
	0x71ab850	0x71ab8e0	C	16	16	
	0x71abba0	0x71abc30	C	16	16	
	0x71abf00	0x71abf90	C	16	16	
	0x71ac250	0x71ac2e0	C	16	16	
	0x71ac5a0	0x71ac630	C	16	16	
	0x71ac8f0	0x71ac980	C	16	16	
	0x71acc40	0x71accd0	C	16	16	
	0x71acf90	0x71ad020	C	16	16	
	0x71ad2e0	0x71ad370	C	16	16	
	0x71ad630	0x71ad6c0	C	16	16	
	0x71ad980	0x71ada10	C	16	16	
	0x71adcd0	0x71add60	C	16	16	
	0x71ae020	0x71ae0b0	C	16	16	
	0x71ae370	0x71ae400	C	16	16	
	0x71ae6c0	0x71ae750	C	16	16	
	0x71aea10	0x71aeaa0	C	16	16	
	0x71aed60	0x71aedf0	C	16	16	
	0x71af0b0	0x71af140	C	16	16	
	0x71af400	0x71af490	C	16	16	
N11FrameEngine5Logic28ParallelFlowNodeSelectorBaseE	0x71af690	0x71af720	C	12	16	0x720a800
N11FrameEngine5Logic22ParallelFlowNodeSwitchE	0x71af970	0x71afa00	C	12	16	0x720a800
N11FrameEngine5Logic20ParallelFlowNodeLoopE	0x71afb80	0x71afc10	C	12	16	0x720a800
	0x71b0120	0x71b01b0	C	12	16	
	0x71b05f0	0x71b0680	C	12	16	
N11FrameEngine5Logic24ParallelFlowNodeDurationE	0x71b08f0	0x71b0980	C	12	16	0x720a800
N11FrameEngine5Logic25ParallelFlowNodeEvaluatorE	0x71b0b00	0x71b0b90	C	12	16	0x720a800
N11FrameEngine5Logic16ParallelFlowNodeE	0x71b0c50	0x71b0ce0	C	14	16	0x720a800
N11FrameEngine5Logic30BattleTaskHurtWithBuffOnMyselfE	0x71b0e20	0x71b0eb0	C	10	16	0x720a800
	0x71b13f0	0x71b1480	C	14	16	
N6MobaAI19UseOracleLensSkillAE	0x71b1cd0	0x71b1d60	C	16	16	0x720a800
	0x71b2030	0x71b20c0	C	13	16	
	0x71b2710	0x71b27a0	C	14	16	
	0x71b2ba0	0x71b2c30	C	16	16	
N6MobaAI30AvtorMoveToVisionControlPointAE	0x71b3430	0x71b34c0	C	16	16	0x720a800
	0x71b3a00	0x71b3a90	C	14	16	
	0x71b3f10	0x71b3fa0	C	13	16	
N6MobaAI24ActorCheckVisionControlCE	0x71b45e0	0x71b4670	C	16	16	0x720a800
	0x71b4e80	0x71b4f10	C	14	16	
	0x71b53c0	0x71b5450	C	16	16	
N11FrameEngine5Logic22FilterMethodNotHasBuffE	0x71b55e0	0x71b5670	C	9	16	0x720a800
	0x71b5e20	0x71b5eb0	C	14	16	
N11FrameEngine5Logic13UnitComponentE	0x71b61d0	0x71b6260	C	14	16	0x720a800
N11FrameEngine5Logic17UnitComponentFlowE	0x71b63e0	0x71b6470	C	12	16	0x720a800
	0x71b69b0	0x71b6a40	C	14	16	
	0x71b7130	0x71b71c0	C	14	16	
	0x71b77e0	0x71b7870	C	14	16	
	0x71b7f60	0x71b7ff0	C	14	16	
	0x71b86e0	0x71b8770	C	14	16	
	0x71b90d0	0x71b9160	C	14	16	
N11FrameEngine5Logic22BattleTaskHurtDistanceE	0x71b9500	0x71b9590	C	10	16	0x720a800
N11FrameEngine5Logic28ActionTriggerSkillGenerationE	0x71b96b0	0x71b9740	C	9	16	0x720a800
	0x71b9c80	0x71b9d10	C	14	16	
	0x71ba400	0x71ba490	C	14	16	
	0x71bab80	0x71bac10	C	14	16	
	0x71bb090	0x71bb120	C	13	16	
	0x71bb770	0x71bb800	C	14	16	
	0x71bbc80	0x71bbd10	C	13	16	
	0x71bc360	0x71bc3f0	C	14	16	
	0x71bcdb0	0x71bce40	C	14	16	
	0x71bd5e0	0x71bd670	C	14	16	
N11FrameEngine5Logic24TestingSyncNodeCastSkillE	0x71bd960	0x71bd9f0	C	11	16	0x720a800
N11FrameEngine5Logic31TestingSyncNodeSetActorRotationE	0x71bdb30	0x71bdbc0	C	11	16	0x720a800
N11FrameEngine5Logic25TestingSyncNodeActorInputE	0x71bdd00	0x71bdd90	C	11	16	0x720a800
N11FrameEngine5Logic25TestingSyncNodeCreateHeroE	0x71bded0	0x71bdf60	C	11	16	0x720a800
N11FrameEngine5Logic27TestingSyncNodeClearMonsterE	0x71be0a0	0x71be130	C	11	16	0x720a800
N11FrameEngine5Logic32TestingSyncNodeSetActorAttributeE	0x71be270	0x71be300	C	11	16	0x720a800
N11FrameEngine5Logic28TestingSyncNodeSetSkillLevelE	0x71be440	0x71be4d0	C	11	16	0x720a800
N11FrameEngine5Logic27TestingSyncNodeSetHeroLevelE	0x71be610	0x71be6a0	C	11	16	0x720a800
N11FrameEngine5Logic33TestingSyncNodeSetActorToPositionE	0x71be7e0	0x71be870	C	11	16	0x720a800
N11FrameEngine5Logic21TestingSyncNodeSetExpE	0x71be9b0	0x71bea40	C	11	16	0x720a800
N11FrameEngine5Logic27TestingSyncNodeDestroyActorE	0x71beb80	0x71bec10	C	11	16	0x720a800
N11FrameEngine5Logic27TestingSyncNodeClearSoldierE	0x71bed50	0x71bede0	C	11	16	0x720a800
	0x71bf0b0	0x71bf140	C	13	16	
	0x71bf790	0x71bf820	C	14	16	
	0x71bff10	0x71bffa0	C	14	16	
	0x71c0690	0x71c0720	C	14	16	
N11FrameEngine5Logic24ActorConditionNotHasBuffE	0x71c09f0	0x71c0a80	C	10	16	0x720a800
N11FrameEngine5Logic14MapTileManagerE	0x71c0b18	0x71c0b90	A	7	11	0x720a800
N11FrameEngine5Logic14MapGateManagerE	0x71c0c28	0x71c0ca0	A	7	11	0x720a800
N11FrameEngine9Interface3FowE	0x71c0d80	0x71c0e10	C	16	16	0x720a800
N11FrameEngine5Logic7FowNodeE	0x71c0ec0	0x71c0f50	C	12	16	0x720a800
N11FrameEngine9Interface11FowRealTimeE	0x71c1110	0x71c11a0	C	15	16	0x720a800
N11FrameEngine9Interface11FowWithDataE	0x71c1390	0x71c1420	C	15	16	0x720a800
N11FrameEngine5Logic15FowNodeWithDataE	0x71c1590	0x71c1620	C	12	16	0x720a800
N11FrameEngine5Logic11MapGateInfoE	0x71c16b8	0x71c1730	A	7	11	0x720a800
N11FrameEngine5Logic11MapGateInfoE	0x71c1860	0x71c18f0	C	15	16	
N11FrameEngine5Logic15SimpleAnchorMgrE	0x71c1948	0x71c19d8	F	7	13	0x720a890
	0x71c1da0	0x71c1e30	C	13	16	
N11FrameEngine5Logic26MonsterAnchorInactiveStateE	0x71c21b0	0x71c2240	C	12	16	0x720a800
N11FrameEngine5Logic24MonsterAnchorActiveStateE	0x71c2440	0x71c24d0	C	12	16	0x720a800
N11FrameEngine5Logic12MapAnchorFSME	0x71c2580	0x71c2610	C	12	16	0x720a800
N11FrameEngine5Logic27MonsterAnchorPreActiveStateE	0x71c2810	0x71c28a0	C	12	16	0x720a800
N11FrameEngine5Logic16MonsterAnchorFSME	0x71c2a00	0x71c2a90	C	12	16	0x720a800
	0x71c2f00	0x71c2f90	C	14	16	
	0x71c35b0	0x71c3640	C	14	16	
N11FrameEngine5Logic13VisiBattleMapE	0x71c3880	0x71c3910	C	11	16	0x720a800
	0x71c3be0	0x71c3c70	C	14	16	
	0x71c42c0	0x71c4350	C	14	16	
	0x71c4810	0x71c48a0	C	13	16	
	0x71c4cc0	0x71c4d50	C	13	16	
N11FrameEngine5Logic8Behavior29SummonedYordleHeraldSearchingE	0x71c5020	0x71c50b0	C	15	16	0x720a800
N11FrameEngine5Logic8Behavior27SummonedYordleHeraldSonNoneE	0x71c5270	0x71c5300	C	15	16	0x720a800
N11FrameEngine5Logic8Behavior29SummonedYordleHeraldAttackingE	0x71c54c0	0x71c5550	C	15	16	0x720a800
N11FrameEngine5Logic8Behavior33SummonedYordleHeraldSonPatrollingE	0x71c5710	0x71c57a0	C	15	16	0x720a800
N11FrameEngine5Logic8Behavior32SummonedYordleHeraldSonAttackingE	0x71c5960	0x71c59f0	C	15	16	0x720a800
N11FrameEngine5Logic8Behavior33SummonedYordleHeraldSonRegressionE	0x71c5bb0	0x71c5c40	C	15	16	0x720a800
N11FrameEngine5Logic8Behavior30SummonedYordleHeraldPatrollingE	0x71c5e00	0x71c5e90	C	15	16	0x720a800
N11FrameEngine5Logic8Behavior30SummonedYordleHeraldRegressionE	0x71c6050	0x71c60e0	C	15	16	0x720a800
N11FrameEngine5Logic8Behavior32SummonedYordleHeraldSonSearchingE	0x71c62a0	0x71c6330	C	15	16	0x720a800
N11FrameEngine5Logic8Behavior29SummonedYordleHeraldSonMoveToE	0x71c64f0	0x71c6580	C	15	16	0x720a800
N11FrameEngine5Logic8Behavior24SummonedYordleHeraldNoneE	0x71c6740	0x71c67d0	C	15	16	0x720a800
N11FrameEngine5Logic8Behavior26SummonedYordleHeraldMoveToE	0x71c6990	0x71c6a20	C	15	16	0x720a800
N11FrameEngine5Logic8Behavior20YordleBaronSearchingE	0x71c6be0	0x71c6c70	C	15	16	0x720a800
N11FrameEngine5Logic8Behavior20YordleBaronAttackingE	0x71c6f20	0x71c6fb0	C	15	16	0x720a800
	0x71c72c0	0x71c7350	C	13	16	
N11FrameEngine5Logic8Behavior15YordleBaronNoneE	0x71c7620	0x71c76b0	C	15	16	0x720a800
N11FrameEngine5Logic8Behavior23SummonedIoniaHeraldNoneE	0x71c7870	0x71c7900	C	15	16	0x720a800
N11FrameEngine5Logic8Behavior28SummonedIoniaHeraldSearchingE	0x71c7ac0	0x71c7b50	C	15	16	0x720a800
N11FrameEngine5Logic8Behavior25SummonedIoniaHeraldChangeE	0x71c7d10	0x71c7da0	C	15	16	0x720a800
N11FrameEngine5Logic8Behavior22RiftScuttlerPatrollingE	0x71c7f60	0x71c7ff0	C	15	16	0x720a800
N11FrameEngine5Logic8Behavior16RiftScuttlerNoneE	0x71c81b0	0x71c8240	C	15	16	0x720a800
N11FrameEngine5Logic8Behavior18RiftScuttlerEscapeE	0x71c8400	0x71c8490	C	15	16	0x720a800
N11FrameEngine5Logic8Behavior14TowerAttackingE	0x71c8650	0x71c86e0	C	15	16	0x720a800
N11FrameEngine5Logic8Behavior9TowerNoneE	0x71c88a0	0x71c8930	C	15	16	0x720a800
N11FrameEngine5Logic8Behavior14TowerSearchingE	0x71c8af0	0x71c8b80	C	15	16	0x720a800
N11FrameEngine5Logic8Behavior21BehaviorAttackingBaseE	0x71c8d50	0x71c8de0	C	15	16	0x720a800
N11FrameEngine5Logic8Behavior18HexCannonSearchingE	0x71c8fa0	0x71c9030	C	15	16	0x720a800
N11FrameEngine5Logic8Behavior15HexCannonMoveToE	0x71c91f0	0x71c9280	C	15	16	0x720a800
N11FrameEngine5Logic8Behavior18HexCannonAttackingE	0x71c9530	0x71c95c0	C	15	16	0x720a800
N11FrameEngine5Logic8Behavior19HexCannonRegressionE	0x71c9780	0x71c9810	C	15	16	0x720a800
N11FrameEngine5Logic8Behavior13HexCannonNoneE	0x71c99d0	0x71c9a60	C	15	16	0x720a800
N11FrameEngine5Logic8Behavior16YordleHeraldNoneE	0x71c9c20	0x71c9cb0	C	15	16	0x720a800
N11FrameEngine5Logic8Behavior21YordleHeraldSearchingE	0x71c9e70	0x71c9f00	C	15	16	0x720a800
N11FrameEngine5Logic8Behavior21YordleHeraldAttackingE	0x71ca0c0	0x71ca150	C	15	16	0x720a800
N11FrameEngine5Logic8Behavior14DoomBossMoveToE	0x71ca310	0x71ca3a0	C	15	16	0x720a800
N11FrameEngine5Logic8Behavior17DoomBossSearchingE	0x71ca560	0x71ca5f0	C	15	16	0x720a800
N11FrameEngine5Logic8Behavior17DoomBossAttackingE	0x71ca7b0	0x71ca840	C	15	16	0x720a800
N11FrameEngine5Logic8Behavior12DoomBossNoneE	0x71caa00	0x71caa90	C	15	16	0x720a800
N11FrameEngine5Logic8Behavior18DoomBossPatrollingE	0x71cac50	0x71cace0	C	15	16	0x720a800
N11FrameEngine5Logic8Behavior18DoomBossRegressionE	0x71caea0	0x71caf30	C	15	16	0x720a800
N11FrameEngine5Logic8Behavior20BaronNashorSearchingE	0x71cb0f0	0x71cb180	C	15	16	0x720a800
N11FrameEngine5Logic8Behavior20AnniesBearPatrollingE	0x71cb340	0x71cb3d0	C	15	16	0x720a800
N11FrameEngine5Logic8Behavior20AnniesBearRegressionE	0x71cb590	0x71cb620	C	15	16	0x720a800
N11FrameEngine5Logic8Behavior17CasterCloneMoveToE	0x71cb7e0	0x71cb870	C	15	16	0x720a800
N11FrameEngine5Logic8Behavior20CasterCloneAttackingE	0x71cba30	0x71cbac0	C	15	16	0x720a800
N11FrameEngine5Logic8Behavior16HexRexRegressionE	0x71cbc80	0x71cbd10	C	15	16	0x720a800
N11FrameEngine5Logic8Behavior15HexRexAttackingE	0x71cbfc0	0x71cc050	C	15	16	0x720a800
N11FrameEngine5Logic8Behavior15HexRexSearchingE	0x71cc210	0x71cc2a0	C	15	16	0x720a800
N11FrameEngine5Logic8Behavior26SummonedHexCannonAttackingE	0x71cc550	0x71cc5e0	C	15	16	0x720a800
N11FrameEngine5Logic8Behavior21SummonedHexCannonNoneE	0x71cc7a0	0x71cc830	C	15	16	0x720a800
N11FrameEngine5Logic8Behavior26SummonedHexCannonSearchingE	0x71cc9f0	0x71cca80	C	15	16	0x720a800
N11FrameEngine5Logic8Behavior23SummonedHexCannonMoveToE	0x71ccc40	0x71cccd0	C	15	16	0x720a800
N11FrameEngine5Logic8Behavior21SmallMonsterAttackingE	0x71cce90	0x71ccf20	C	15	16	0x720a800
N11FrameEngine5Logic8Behavior21SmallMonsterSearchingE	0x71cd0e0	0x71cd170	C	15	16	0x720a800
N11FrameEngine5Logic8Behavior18SmallMonsterMoveToE	0x71cd330	0x71cd3c0	C	15	16	0x720a800
N11FrameEngine5Logic8Behavior22SmallMonsterRegressionE	0x71cd580	0x71cd610	C	15	16	0x720a800
N11FrameEngine5Logic8Behavior22SmallMonsterPatrollingE	0x71cd7d0	0x71cd860	C	15	16	0x720a800
	0x71cdb70	0x71cdc00	C	13	16	
N11FrameEngine5Logic8Behavior16SmallMonsterNoneE	0x71cded0	0x71cdf60	C	15	16	0x720a800
N11FrameEngine5Logic8Behavior20SmallDragonAttackingE	0x71ce120	0x71ce1b0	C	15	16	0x720a800
N11FrameEngine5Logic8Behavior21SmallDragonRegressionE	0x71ce370	0x71ce400	C	15	16	0x720a800
N11FrameEngine5Logic8Behavior17SmallDragonMoveToE	0x71ce5c0	0x71ce650	C	15	16	0x720a800
N11FrameEngine5Logic8Behavior20SmallDragonSearchingE	0x71ce810	0x71ce8a0	C	15	16	0x720a800
N11FrameEngine5Logic8Behavior16RiftHeraldMoveToE	0x71cea60	0x71ceaf0	C	15	16	0x720a800
N11FrameEngine5Logic8Behavior14RiftHeraldNoneE	0x71cecb0	0x71ced40	C	15	16	0x720a800
N11FrameEngine5Logic8Behavior19RiftHeraldAttackingE	0x71cef00	0x71cef90	C	15	16	0x720a800
N11FrameEngine5Logic8Behavior19RiftHeraldSearchingE	0x71cf150	0x71cf1e0	C	15	16	0x720a800
N11FrameEngine5Logic8Behavior20RiftHeraldRegressionE	0x71cf3a0	0x71cf430	C	15	16	0x720a800
N11FrameEngine5Logic8Behavior19ImmovableMinionNoneE	0x71cf5f0	0x71cf680	C	15	16	0x720a800
N11FrameEngine5Logic8Behavior26MinionDetourByDynamicBlockE	0x71cf840	0x71cf8d0	C	15	16	0x720a800
N11FrameEngine5Logic8Behavior15MinionSearchingE	0x71cfa90	0x71cfb20	C	15	16	0x720a800
N11FrameEngine5Logic8Behavior16MinionPatrollingE	0x71cfce0	0x71cfd70	C	15	16	0x720a800
N11FrameEngine5Logic8Behavior12MinionDetourE	0x71cff30	0x71cffc0	C	15	16	0x720a800
N11FrameEngine5Logic8Behavior16MinionRegressionE	0x71d0180	0x71d0210	C	15	16	0x720a800
N11FrameEngine5Logic8Behavior28SummonedRiftHeraldPatrollingE	0x71d03d0	0x71d0460	C	15	16	0x720a800
N11FrameEngine5Logic8Behavior28SummonedRiftHeraldRegressionE	0x71d0620	0x71d06b0	C	15	16	0x720a800
N11FrameEngine5Logic8Behavior24SummonedRiftHeraldMoveToE	0x71d0870	0x71d0900	C	15	16	0x720a800
N11FrameEngine5Logic8Behavior27SummonedRiftHeraldSearchingE	0x71d0ac0	0x71d0b50	C	15	16	0x720a800
N11FrameEngine5Logic8Behavior22SummonedRiftHeraldNoneE	0x71d0d10	0x71d0da0	C	15	16	0x720a800
N11FrameEngine5Logic8Behavior27SummonedRiftHeraldAttackingE	0x71d0f60	0x71d0ff0	C	15	16	0x720a800
N11FrameEngine5Logic8Behavior18YordlePigAttackingE	0x71d11b0	0x71d1240	C	15	16	0x720a800
N11FrameEngine5Logic8Behavior12HexBaronNoneE	0x71d1400	0x71d1490	C	15	16	0x720a800
N11FrameEngine5Logic8Behavior17HexBaronAttackingE	0x71d1740	0x71d17d0	C	15	16	0x720a800
N11FrameEngine5Logic8Behavior16HexPoroAttackingE	0x71d1a80	0x71d1b10	C	15	16	0x720a800
N11FrameEngine5Logic8Behavior16HexPoroSearchingE	0x71d1cd0	0x71d1d60	C	15	16	0x720a800
N11FrameEngine5Logic8Behavior11HexPoroNoneE	0x71d1f20	0x71d1fb0	C	15	16	0x720a800
N11FrameEngine5Logic8Behavior17HexPoroPatrollingE	0x71d2170	0x71d2200	C	15	16	0x720a800
N11FrameEngine5Logic8Behavior17HexPoroRegressionE	0x71d23c0	0x71d2450	C	15	16	0x720a800
N11FrameEngine5Logic8Behavior26SummonedTopHeraldAttackingE	0x71d2610	0x71d26a0	C	15	16	0x720a800
N11FrameEngine5Logic8Behavior23SummonedTopHeraldMoveToE	0x71d2860	0x71d28f0	C	15	16	0x720a800
N11FrameEngine5Logic8Behavior26SummonedTopHeraldSearchingE	0x71d2ab0	0x71d2b40	C	15	16	0x720a800
N11FrameEngine5Logic8Behavior21SummonedTopHeraldNoneE	0x71d2d00	0x71d2d90	C	15	16	0x720a800
N11FrameEngine5Logic8Behavior37SummonedTopHeraldDetourByDynamicBlockE	0x71d2f50	0x71d2fe0	C	15	16	0x720a800
N11FrameEngine5Logic8Behavior23SummonedTopHeraldDetourE	0x71d31a0	0x71d3230	C	15	16	0x720a800
N11FrameEngine5Logic8Behavior27SummonedTopHeraldRegressionE	0x71d33f0	0x71d3480	C	15	16	0x720a800
N11FrameEngine5Logic8Behavior27SummonedTopHeraldPatrollingE	0x71d3650	0x71d36e0	C	15	16	0x720a800
N11FrameEngine5Logic8Behavior27SummonedTopHeraldPatrollingE	0x71d3830	0x71d38c0	C	15	16	
N11FrameEngine5Logic6TargetE	0x71d3918	0x71d39a8	F	7	13	0x720a890
	0x71d3e90	0x71d3f20	C	14	16	
	0x71d4610	0x71d46a0	C	14	16	
	0x71d4b20	0x71d4bb0	C	13	16	
	0x71d4f90	0x71d5020	C	14	16	
	0x71d5400	0x71d5490	C	14	16	
	0x71d5870	0x71d5900	C	14	16	
	0x71d5ce0	0x71d5d70	C	14	16	
	0x71d6150	0x71d61e0	C	14	16	
	0x71d6b00	0x71d6b90	C	14	16	
N14DataCollectSpc33FEBattleDcPlayerChampionKillAwardE	0x71d6f90	0x71d7020	C	13	16	0x720a800
N14DataCollectSpc20FEBattleDcPlayerDataE	0x71d70b8	0x71d7130	A	6	11	0x720a800
N14DataCollectSpc27FEBattleDcPlayerChampionDmgE	0x71d72d0	0x71d7360	C	13	16	0x720a800
N14DataCollectSpc39FEBattleDcPlayerDistributedLocationBuffE	0x71d7500	0x71d7590	C	13	16	0x720a800
N14DataCollectSpc29FEBattleDcGlobalTopHareldStatE	0x71d7730	0x71d77c0	C	13	16	0x720a800
N14DataCollectSpc35FEBattleDcGlobalBattleSPTargetStateE	0x71d7960	0x71d79f0	C	13	16	0x720a800
N14DataCollectSpc32FEBattleDcPlayerActiveBattleTaskE	0x71d7b90	0x71d7c20	C	13	16	0x720a800
N14DataCollectSpc25FEBattleDcPlayerHighlightE	0x71d7dc0	0x71d7e50	C	13	16	0x720a800
N14DataCollectSpc31FEBattleDcPlayerSpecialActivityE	0x71d7ee8	0x71d7f60	A	6	11	0x720a800
N14DataCollectSpc25FEBattleDcPlayerTeamFightE	0x71d8100	0x71d8190	C	13	16	0x720a800
N14DataCollectSpc21FEBattleDcGlobalWardsE	0x71d8330	0x71d83c0	C	13	16	0x720a800
N14DataCollectSpc28FEBattleDcPlayerGainTaskStatE	0x71d8560	0x71d85f0	C	13	16	0x720a800
N14DataCollectSpc38FEBattleDcPlayerSecurityPosSubdivisionE	0x71d8790	0x71d8820	C	13	16	0x720a800
N14DataCollectSpc25FEBattleDcPlayerPiXiuStatE	0x71d89c0	0x71d8a50	C	13	16	0x720a800
N14DataCollectSpc20FEActiveEquipUseStatE	0x71d8bf0	0x71d8c80	C	13	16	0x720a800
N14DataCollectSpc25FEBattleDcPlayerForgeStatE	0x71d8e20	0x71d8eb0	C	13	16	0x720a800
N14DataCollectSpc30FEBattleDcPlayerWardDetailStatE	0x71d9050	0x71d90e0	C	13	16	0x720a800
N14DataCollectSpc27FEBattleDcAICommonRoundStatE	0x71d9280	0x71d9310	C	13	16	0x720a800
N14DataCollectSpc22FEBattleDcPlayerAIStatE	0x71d94b0	0x71d9540	C	13	16	0x720a800
N14DataCollectSpc34FEBattleDcPlayerHexAramBuffResTypeE	0x71d96e0	0x71d9770	C	13	16	0x720a800
N14DataCollectSpc29FEBattleDcPlayerAIManagerStatE	0x71d9910	0x71d99a0	C	13	16	0x720a800
N14DataCollectSpc24FEBattleDcPlayerWardStatE	0x71d9b40	0x71d9bd0	C	13	16	0x720a800
N14DataCollectSpc25LiveShowDcBuildingDestroyE	0x71d9d10	0x71d9da0	C	10	16	0x720a800
N14DataCollectSpc19LiveShowDcGameStartE	0x71d9ee0	0x71d9f70	C	10	16	0x720a800
N14DataCollectSpc20LiveShowDcTimeSeriesE	0x71da0b0	0x71da140	C	10	16	0x720a800
N14DataCollectSpc21LiveShowDcMonsterKillE	0x71da280	0x71da310	C	10	16	0x720a800
N14DataCollectSpc22LiveShowDcChampionKillE	0x71da450	0x71da4e0	C	10	16	0x720a800
N14DataCollectSpc35FEBattleDcPlayerSpecialActivityStatE	0x71da680	0x71da710	C	13	16	0x720a800
N14DataCollectSpc30FEBattleDcPlayerExpSubdivisionE	0x71da8b0	0x71da940	C	13	16	0x720a800
N14DataCollectSpc26FEBattleDcPlayerLaningStatE	0x71daae0	0x71dab70	C	13	16	0x720a800
N14DataCollectSpc32FEBattleDcPlayerMoneySubdivisionE	0x71dad10	0x71dada0	C	13	16	0x720a800
N14DataCollectSpc33FEBattleDcPlayerAICoachDetailStatE	0x71daf40	0x71dafd0	C	13	16	0x720a800
N14DataCollectSpc28FEBattleDcPlayerMvpScoreStatE	0x71db170	0x71db200	C	13	16	0x720a800
N14DataCollectSpc28FEBattleDcPlayerGamePlayDataE	0x71db3a0	0x71db430	C	13	16	0x720a800
N14DataCollectSpc25FEBattleDcPlayerDeathlineE	0x71db5d0	0x71db660	C	13	16	0x720a800
N14DataCollectSpc42FEBattleDcPlayerSpellBookSkillSelectedDataE	0x71db800	0x71db890	C	13	16	0x720a800
N14DataCollectSpc34FEBattleDcPlayerChampionFightStateE	0x71dba30	0x71dbac0	C	13	16	0x720a800
N14DataCollectSpc34FEBattleDcPlayerChampionReviveTimeE	0x71dbc60	0x71dbcf0	C	13	16	0x720a800
N14DataCollectSpc31FEBattleDcPlayerCherryRoundDataE	0x71dbe90	0x71dbf20	C	13	16	0x720a800
N14DataCollectSpc31FEBattleDcPlayerInteractiveStatE	0x71dc0c0	0x71dc150	C	13	16	0x720a800
N14DataCollectSpc27FEBattleDcPlayerChampionAFKE	0x71dc2f0	0x71dc380	C	13	16	0x720a800
N14DataCollectSpc38FEBattleDcPlayerRecallAndSummonerSpellE	0x71dc520	0x71dc5b0	C	13	16	0x720a800
N14DataCollectSpc32FEBattleDcPlayerSecurityDeadStatE	0x71dc750	0x71dc7e0	C	13	16	0x720a800
N14DataCollectSpc30FEBattleDcPlayerEquipForgeStatE	0x71dc980	0x71dca10	C	13	16	0x720a800
N14DataCollectSpc30FEBattleDcPlayerAttributeStateE	0x71dcbb0	0x71dcc40	C	13	16	0x720a800
N14DataCollectSpc35FEBattleDcPlayerSecuritySubdivisionE	0x71dcde0	0x71dce70	C	13	16	0x720a800
N14DataCollectSpc31FEBattleDcPlayerRunesStatisticsE	0x71dd010	0x71dd0a0	C	13	16	0x720a800
N14DataCollectSpc31FEBattleDcPlayerRunesStatisticsE	0x71dd1d0	0x71dd260	C	15	16	
N11FrameEngine5Logic17GamePlayComponentE	0x71dd2b8	0x71dd348	F	7	13	0x720a890
	0x71dd830	0x71dd8c0	C	14	16	
	0x71de310	0x71de3a0	C	14	16	
N11FrameEngine5Logic33FlowActionTriggerGainForceQualityE	0x71de730	0x71de7c0	C	15	16	
N11FrameEngine5Logic15MonsterBehaviorE	0x71de818	0x71de8a8	F	7	13	0x720a890
	0x71df060	0x71df0f0	C	14	16	
N6MobaAI21UseWardingTotemSkillAE	0x71df9f0	0x71dfa80	C	16	16	0x720a800
	0x71dfdf0	0x71dfe80	C	16	16	
	0x71e01c0	0x71e0250	C	13	16	
	0x71e0b70	0x71e0c00	C	14	16	
	0x71e13a0	0x71e1430	C	14	16	
	0x71e1df0	0x71e1e80	C	14	16	
N14DataCollectSpc33FEBattleDcPlayerChampionBehaviourE	0x71e2280	0x71e2310	C	13	16	0x720a800
	0x71e2850	0x71e28e0	C	14	16	
	0x71e2fd0	0x71e3060	C	14	16	
	0x71e34e0	0x71e3570	C	13	16	
	0x71e3ab0	0x71e3b40	C	14	16	
	0x71e4230	0x71e42c0	C	14	16	
	0x71e49b0	0x71e4a40	C	14	16	
N11FrameEngine5Logic29ActionTriggerBulletTargetTypeE	0x71e4d10	0x71e4da0	C	9	16	0x720a800
	0x71e52e0	0x71e5370	C	14	16	
N3RVO6KdTreeE	0x71e55b8	0x71e5630	A	7	11	0x720a800
	0x71e5b50	0x71e5be0	C	14	16	
N11FrameEngine4Data3Cmd8GmLgcCmdE	0x71e5e60	0x71e5ef0	C	14	16	0x720a800
N11FrameEngine4Data3Cmd12GMLgcBuffMgrE	0x71e5f80	0x71e6010	C	11	16	0x720a800
N11FrameEngine4Data3Cmd29GmLgcCmdStateChangeElementMapE	0x71e61b0	0x71e6240	C	13	16	0x720a800
N11FrameEngine4Data3Cmd27GmLgcCmdStateNetworkLogModeE	0x71e63e0	0x71e6470	C	13	16	0x720a800
N11FrameEngine4Data3Cmd26GmLgcCmdStateXGSummorSkillE	0x71e6610	0x71e66a0	C	13	16	0x720a800
N11FrameEngine4Data3Cmd24GmLgcCmdStateXGRuneSkillE	0x71e6840	0x71e68d0	C	13	16	0x720a800
N11FrameEngine4Data3Cmd20GmLgcCmdStateDefaultE	0x71e6a70	0x71e6b00	C	13	16	0x720a800
N11FrameEngine4Data3Cmd22GmLgcCmdStateFastAddAIE	0x71e6ca0	0x71e6d30	C	13	16	0x720a800
N11FrameEngine4Data3Cmd31GmLgcCmdSwitchAIRecordHeroStackE	0x71e6ed0	0x71e6f60	C	13	16	0x720a800
N11FrameEngine4Data3Cmd14HeroTestCmdMgrE	0x71e70c0	0x71e7150	C	10	16	0x720a800
	0x71e7690	0x71e7720	C	14	16	
	0x71e7de0	0x71e7e70	C	16	16	
	0x71e8750	0x71e87e0	C	14	16	
	0x71e91a0	0x71e9230	C	14	16	
	0x71e9c20	0x71e9cb0	C	14	16	
	0x71ea160	0x71ea1f0	C	16	16	
	0x71ea7a0	0x71ea830	C	14	16	
	0x71eaf20	0x71eafb0	C	14	16	
N11FrameEngine5Logic30FlowActionInitCreateActorSkillE	0x71eb290	0x71eb320	C	15	16	
N11FrameEngine5Logic27SkillVarSummonedActorSchemeE	0x71eb378	0x71eb408	F	7	13	0x720a890
	0x71eb8f0	0x71eb980	C	14	16	
	0x71ee280	0x71ee310	C	16	16	
N11FrameEngine6Common13PriorityQueueIPNS0_15AstarSearchTileENS0_12FixTileAstarEEE	0x71ee490	0x71ee530	E	7	13	0x720a520
